Mean_Az,Var_Az,Dom_Freq,Energy,Vert_Vel,Mean_MagX,Mean_MagY,Label
9.82615322996299,0.0029669937736017814,0.390625,97.2037404306462,-0.2956333045064336,0.9982752404867568,-9.071547244628462e-05,0
9.826003504522903,0.0029821920493932714,0.390625,97.70843784938715,-0.41320767351135146,0.9980785266471978,-0.0004258912706688304,0
9.82505462200528,0.003057846755500586,0.390625,100.12030667910335,0.31815508781558793,0.9978032718075648,-0.00015363553252892333,0
9.824751701615769,0.00306021926538819,0.390625,100.22590890880608,-0.19499430670111906,0.9978521255737911,-0.0001610237037064597,0
9.824494475467937,0.0030716530404786015,0.390625,100.57729870749674,-0.007568264884563784,0.997756626896098,-0.0005907722142401397,0
9.824454397697327,0.0030728741181327334,0.390625,100.62122212934673,0.2719483353187873,0.9976271367435079,-0.0010371860468122612,0
9.824345019656176,0.003076379778139852,0.390625,100.72517312448242,-0.3313153519678356,0.9980317494300528,-0.0011935926743448517,0
9.824355380711584,0.0030774906574472885,0.390625,100.7604991117071,0.6565598335218965,0.9976275147927829,-0.0014451875201350194,0
9.823817025929518,0.003156866170534529,0.390625,103.29592382442172,0.02978834483534835,0.9974654980178218,-0.0010697183059503264,0
9.823611960998212,0.003164319673556932,0.390625,103.56736925134999,0.3745453081307157,0.9977681795035851,-0.0010050525882246506,0
9.82354862222524,0.0031633666803961742,0.390625,103.52803161703069,-0.22002947599321487,0.9972984683964412,-0.001056332924550627,0
9.823630287301656,0.0031579547196390993,0.390625,103.33984798537995,-0.3074467668872482,0.997749062500724,-0.001322268710645549,0
9.823187873038501,0.0031686699989081375,0.390625,103.62461941008618,-0.37457787615736987,0.9977490252244116,-0.0009788208570781028,0
9.82291200198151,0.003200227105062028,0.390625,104.70155929470012,0.9962095990110053,0.99798589750678,-0.0004115124110982473,0
9.822763851159522,0.0032257457722238317,0.390625,105.5153490079078,-0.06665530074557562,0.9982615830538574,-0.0004258167000314746,0
9.822629206576734,0.0032379945558011236,0.390625,105.93714005951868,-0.15069590980783687,0.9980403382671901,-0.00022702748710307755,0
9.822433705715484,0.003261146870136898,0.390625,106.66575163869996,0.2643863856428652,0.9978151301896626,-0.0003888596096822944,0
9.821986715247261,0.0033244244860572833,0.390625,108.80423993797471,-0.6449753192791832,0.9977279376792886,-0.0006363359312587711,0
9.821825144476604,0.0033284820446247915,0.390625,108.91521132920387,0.12651745412343493,0.9974499909138871,-0.0002712257658111205,0
9.821069662504451,0.0033676755846171647,0.390625,110.28760922920061,-0.732603258081023,0.9974624611224538,3.200625464061268e-05,0
9.821235842477632,0.003349921958335219,0.390625,109.72021943547776,-0.14865597532237493,0.9975975942824677,7.522424599989053e-05,0
9.821026118285078,0.003345720844064161,0.390625,109.5980980790927,1.1133963651506444,0.997712782358413,-9.897988077547563e-05,0
9.821457206569997,0.0033321977875328374,0.390625,109.1778665485158,0.6892810104921713,0.9975330843847294,-7.855539239772383e-05,0
9.82142847193909,0.003334929451379338,0.390625,109.26847063978825,0.14117663845415032,0.9975782994732978,-7.021377217601012e-05,0
9.821313966688935,0.003339797233954841,0.390625,109.42330107687876,0.5479995350675987,0.9977705725548873,2.4382119266291597e-05,0
9.820905295017527,0.0033724209062051206,0.390625,110.50506681759747,1.0870664757724928,0.9976505521300535,-0.00033479466212541067,0
9.820660471713543,0.00338729086169652,0.390625,110.98599987142393,-0.05494882151591204,0.9978250712310263,-0.00024420354275205545,0
9.820250411658458,0.003399001725853492,0.390625,111.37811617657931,-0.018646846332558198,0.9976105838738982,-0.0003805581326944056,0
9.81990778830853,0.0034269538269109923,0.390625,112.28781030135974,-0.17892664103783318,0.9979653791550914,-0.0005727778430456313,0
9.819375772103088,0.0034669954584066152,0.390625,113.60628257936156,-0.1667925299904406,0.9982214462472352,-0.00036166494024759315,0
9.818968955706687,0.0034322943518289807,0.390625,112.46598092152936,0.2043047085814275,0.9987269851779927,-0.0002585334881140296,0
9.818516072788324,0.003461161493436672,0.390625,113.41479573103665,-0.393939763832653,0.9994962727159625,-4.042541767454524e-05,0
9.818275535784629,0.003464898578139795,0.390625,113.53738791375032,-0.8091887642549409,0.9995312961300234,-0.0003792049528687661,0
9.818126829680514,0.003486209782806736,0.390625,114.23607723976738,0.3715403152309591,0.9999435660906447,-0.0003806312217246715,0
9.817873365738794,0.0035087192205145432,0.390625,114.97217639290655,0.24228737137430775,0.9999965951086821,-0.0004339276357918207,0
9.817525013735446,0.003495393158402158,0.390625,114.53647280528627,-0.19444331659542513,1.000383511852166,-0.0004458742192504226,0
9.817159709306587,0.0034766788531333955,0.390625,113.92202775660796,-0.16444277040864108,0.9999542494037534,-0.00027708099452013006,0
9.816532021045822,0.0034971234614721153,0.390625,114.58864710904933,0.8554754426901733,1.0005217945996647,-0.000535426151322578,0
9.81636034354416,0.003484198120103804,0.390625,114.16858001804704,0.3740071424144844,1.0001845555600573,-0.000763703029753294,0
9.816059560585511,0.0034880310478921693,0.390625,114.28682453767298,0.022713218202018954,0.9999660894655366,-0.0009183636947034825,0
9.815458239343,0.0034845421926675245,0.390625,114.18127962996674,0.3720268582389205,0.9995494394715764,-0.0012278981176792902,0
9.81535103756071,0.0034786017815305157,0.390625,113.98679507649699,0.2609530635660728,0.9991050131896063,-0.001339908838873276,0
9.815344094331456,0.0034792592533008293,0.390625,114.00835085701156,-0.2825408917572834,0.9993466496807226,-0.0014752110804947152,0
9.815285834442719,0.0034796179103944863,0.390625,114.0199068104714,-0.1938885807430779,0.9992315521899382,-0.0011110804303477812,0
9.814815855676875,0.003498202414949454,0.390625,114.6241286080408,-0.009112033613443296,0.9990499502846562,-0.0013838114348643659,0
9.81429323833588,0.0035234034156732146,0.390625,115.45430140265104,0.23243274417715534,0.9991944328834353,-0.0018920848290678108,0
9.814253042584076,0.0035248120719138503,0.390625,115.50075829565655,0.3217726433043329,0.9994059826172608,-0.00166277030135238,0
9.813985645749055,0.0035033281820263163,0.390625,114.79280073604266,0.19970889563895375,0.9993788207500802,-0.0018373807503984877,0
9.813514164885241,0.0034529210592515935,0.390625,113.14491324157623,0.06766353786952095,0.9992294880696393,-0.0021378361412190856,0
9.813172533283996,0.003428985294049671,0.390625,112.35924776440527,0.3483857523739668,0.9994247952280072,-0.0022739099489702216,0
9.81305360713968,0.0034212893157312798,0.390625,112.10839971041398,-0.08137117466685595,0.998967883971912,-0.0021592871068687554,0
9.813024072348446,0.0034217456065923396,0.390625,112.12310672756489,0.3048872317825347,0.9992550103633697,-0.0027516171986154522,0
9.812673606604058,0.0034344504127919243,0.390625,112.5386361439792,0.2938522559137103,0.9992945910099639,-0.0030092201370628784,0
9.812516902161827,0.003419553501201394,0.390625,112.05183859923484,0.17443295901830425,0.9988957589986105,-0.002798362511265232,0
9.81239804033004,0.003408612031281422,0.390625,111.69243612321033,0.29828817528202006,0.9988567633407548,-0.002724275796748459,0
9.812381676403989,0.00340755114349998,0.390625,111.65784801659673,0.11461407111710287,0.998558364456515,-0.0024426089417490457,0
9.811539235430564,0.0034451958565235767,0.390625,112.85957344439495,0.14631278630622546,0.9986780075695347,-0.0025595752098695117,0
9.811222690196486,0.003416320489713537,0.390625,111.93079529335841,-0.4041722213611744,0.9990680479535679,-0.002320275693000458,0
9.810712415020047,0.003394673255649898,0.390625,111.1901544854747,-0.3601944525932292,0.9989253581785426,-0.0027241638489765366,0
9.81030166844969,0.0033548282895404834,0.390625,109.91105261016702,-0.3470582434492826,0.9989546172099218,-0.0023919545426717755,0
9.810369623291564,0.003358488273228155,0.390625,110.03430751250916,-0.3579299986352756,0.9986115921456813,-0.002435476906871842,0
9.810144324222248,0.0033413774632077243,0.390625,109.48247782691058,-0.1265632941018945,0.9985554923184746,-0.002837760270509508,0
9.81010100426972,0.0033401532922067378,0.390625,109.44091944533379,-0.3482201925338207,0.9987678057448616,-0.002998336607456106,0
9.809827733850955,0.003317063492321711,0.390625,108.69136751669899,-0.11826873563283395,0.9990748051892518,-0.0033976114925870714,0
9.809991740649755,0.0033166845130003205,0.390625,108.68083304851855,-0.22935839400452096,0.9991776293495754,-0.00315269675323619,0
9.809633883791053,0.003302088892181372,0.390625,108.20055489832944,-1.3626144541425067,0.9988472941894432,-0.003337464411930944,0
9.809824635617689,0.0033054842009888176,0.390625,108.30731247327824,-0.3636124871482025,0.99907683965955,-0.0031000284082903264,0
9.809663279157178,0.0032979696915122815,0.390625,108.05540885775385,-0.1151946646508198,0.9987928256168188,-0.0031059572785150213,0
9.809238821403188,0.003274530615534727,0.390625,107.29860829237325,0.9228513926233669,0.9987096449914851,-0.0030296492832399525,0
9.808916188878397,0.0032806800395160183,0.390625,107.49263711501116,0.38994387673058856,0.9988595784311687,-0.0032272466272311394,0
9.808935918786286,0.003281500114750476,0.390625,107.51883085119105,0.5976868939081518,0.9983830760363559,-0.002999592384993253,0
9.808918747851926,0.0032792323865271597,0.390625,107.44391068133352,0.17515468434309392,0.998289719983181,-0.002662221739320708,0
9.80851949965411,0.003227593065597819,0.390625,105.76100731181573,0.8447154255033335,0.998701579234526,-0.0028519238500473096,0
9.808195469570299,0.003213347697703733,0.390625,105.28753574302235,1.0390412205245714,0.9988496471011337,-0.0026323305641917823,0
9.807642434401489,0.0031707073070277934,0.390625,103.89754534542729,0.04668180308362935,0.9990396204243082,-0.0028350061534560757,0
9.807493364977644,0.003168195815456641,0.390625,103.81526784265193,0.1183593460227712,0.9993923401364232,-0.0027567629286575075,0
9.807187476617248,0.0031484879273626916,0.390625,103.16786881798815,0.0955629505200098,0.9988652896033439,-0.0030687584618403923,0
9.807179823279965,0.003147852394909257,0.390625,103.14715878925632,0.2481170074424881,0.9990959839461435,-0.0024990766306817085,0
9.807077658735182,0.003145888183590566,0.390625,103.08094266020595,-0.21972764691357347,0.9988878551287036,-0.0024062654766196833,0
9.807041705907427,0.0031402246102207173,0.390625,102.89608873140486,-0.07323743827752575,0.9985676187426916,-0.002647294543698222,0
9.806368434919497,0.0030738405158890307,0.390625,100.69308321373586,0.06257666725165716,0.9986416449624232,-0.002849738242015756,0
9.805840078125684,0.0030148230442219527,0.390625,98.78347024022486,-0.30309194033785997,0.9985847256807937,-0.003353096410534457,0
9.80569943868373,0.0030134823695271307,0.390625,98.73486513314072,-0.44579381687556935,0.9986557733338319,-0.003210100713356074,0
9.805515450752008,0.0029884678501261837,0.390625,97.92104249852733,-0.7219707481769243,0.9982113311015663,-0.0037242753071621126,0
9.805535660732952,0.002990797469530303,0.390625,97.99788717133188,-0.05832547761140935,0.9982507613832182,-0.0038043973345980343,0
9.805042044001109,0.002920281903118044,0.390625,95.69132240140577,-0.25757481476466637,0.9982364190264692,-0.004219570630073004,0
9.804934486867241,0.002922118931145411,0.390625,95.7519877321335,0.22916174960967814,0.9983229274344753,-0.004571503891023766,0
9.804911228717815,0.002917622207119767,0.390625,95.60460177997238,0.0922610377104623,0.9987019947415482,-0.004228710830461384,0
9.804920996156975,0.002917896535350819,0.390625,95.61356473317196,0.1171630411784766,0.9985655506865587,-0.0037748195332543656,0
9.804893479492819,0.0029170210877654083,0.390625,95.58477054212638,-0.7066121105660083,0.9985838210229223,-0.0033712587852054903,0
9.804670707290295,0.0028790986048475202,0.390625,94.34157180388527,-0.6187497306794588,0.9986950113715662,-0.0028426399189968583,0
9.804166651765772,0.0028527742268633087,0.390625,93.47558401893019,-0.13447280198912873,0.9989462430035724,-0.0026529579120551337,0
9.80386687441669,0.002843365636594364,0.390625,93.17130645354513,0.3212328077073228,0.9990342611989148,-0.0024915750779704914,0
9.803557279411352,0.0028214362353591762,0.390625,92.44846935857278,0.27187902551789495,0.9985701532070224,-0.002575418421828619,0
9.803277472759229,0.002788806573293857,0.390625,91.38337883437354,0.0025140156164222085,0.9984674114051225,-0.002462902812274193,0
9.80345248527226,0.0028032542643696614,0.390625,91.85676833825869,0.31887961366252665,0.9982924106805074,-0.0028145021618429644,0
9.803511884472632,0.002805463763751955,0.390625,91.92940525216633,-0.005063515491201542,0.9981795974792428,-0.003091534629396241,0
9.803787060412619,0.002817190220072875,0.390625,92.31061863847657,-0.4362142828006957,0.9975317959488398,-0.003001538984976963,0
9.804128795872865,0.002859321850296248,0.390625,93.69421680480313,0.7378547403216847,0.9977014681745734,-0.0033764879642922043,0
9.804474961265457,0.002902061632203994,0.390625,95.09159555795112,0.32908717335158144,0.998052951072499,-0.002982771184151027,0
9.804467430723411,0.002901797019411162,0.390625,95.0827696090038,1.0769531164927078,0.9982827826743881,-0.003073617192172461,0
9.804464652643443,0.0029014736163867133,0.390625,95.0722299952667,0.7065666804628563,0.9983760891586196,-0.0029696327247409333,0
9.80412334403858,0.002844089835115657,0.390625,93.18100856988272,0.6362267112939056,0.9980612244093056,-0.002645486052056668,0
9.804059906309305,0.002837679183220301,0.390625,92.97354225252387,-0.543302538106218,0.9976603460269131,-0.002399048296330919,0
9.803823734076358,0.0028422315380511433,0.390625,93.11170523459239,-0.1100943720897097,0.9977167413929797,-0.0026088987885720455,0
9.803750667165442,0.002837514079176918,0.390625,92.96091989044287,0.010820997795235598,0.9979030698546757,-0.0025735423059953964,0
9.803463745052214,0.0028048758231916282,0.390625,91.87451122637744,0.1686989754004268,0.9973866230921127,-0.0026746882187401798,0
9.803615974692212,0.0028151036562459398,0.390625,92.19849007307069,-0.4337942683074895,0.9974702022068399,-0.003300901506069709,0
9.803040194060513,0.0027216745287496425,0.390625,89.08103260402441,0.03541927667780934,0.9974472387002704,-0.003321223344646289,0
9.802755668413958,0.0026908334000580116,0.390625,88.10080479630366,0.33040779206203297,0.9970809021092527,-0.0029158469522684947,0
9.802672497197088,0.002687956046436583,0.390625,87.99818956138256,0.03421319950333176,0.9977174590215077,-0.0030209055693236203,0
9.802470855275915,0.0026813864702867228,0.390625,87.80233059124103,0.6659988660976524,0.9973915456417193,-0.0034084721821413698,0
9.802504036296348,0.0026853838599803924,0.390625,87.93625621342439,-0.20767749784257225,0.9971027720429905,-0.003636346797795544,0
9.802876655383738,0.002747323879343637,0.390625,89.9287558395173,0.20980282278227,0.9968677397519138,-0.0038321677336280694,0
9.802876821028901,0.002747358255983269,0.390625,89.92990083005141,0.15870450191869168,0.9966317125522606,-0.004125990650619213,0
9.802877045032965,0.0027473710239873804,0.390625,89.93029414402267,-0.946585160723771,0.9965797002924991,-0.004287620304242351,0
9.803398773377472,0.002769173246040541,0.390625,90.69417962426866,0.4877201643927644,0.9965621034260941,-0.004425603832088852,0
9.803110425864062,0.002721978038425477,0.390625,89.16737410531564,0.5173693388339112,0.9965889902244632,-0.004645907046649475,0
9.803110707212287,0.0027220284112425197,0.390625,89.16904127001658,-0.08725954254744768,0.9963105930797143,-0.005064857826987702,0
9.803167148827036,0.0027314812082484224,0.390625,89.475366893766,0.17851852338814447,0.9966347302837903,-0.005263052516910721,0
9.803063954086301,0.0027150301807127063,0.390625,88.92950024157454,0.40849101619096473,0.9968023262854968,-0.005187923907482754,0
9.803181311952075,0.0027389392607020785,0.390625,89.70437224761214,-0.330132435819299,0.9967452022236438,-0.005323130493805801,0
9.803256034567719,0.002745871633201816,0.390625,89.93710003452686,0.5433904565240179,0.9962686532245857,-0.005290751775947801,0
9.803354143381826,0.002747798605040545,0.390625,89.99285748488899,0.32223638934010523,0.9960307437872777,-0.005492841215566488,0
9.803137677342779,0.00273318826557168,0.390625,89.49557913977722,-0.49165348375148216,0.9959145028289262,-0.00547272469541448,0
9.803308587348196,0.0027568528611780028,0.390625,90.25422343192861,-0.3643912499246653,0.9960936988413022,-0.005567108823130474,0
9.803126398386352,0.0027224813308970625,0.390625,89.1079234563403,-0.2968692504049007,0.9960535416745253,-0.00601342599095253,0
9.803078822049367,0.0027194058838607934,0.390625,89.01258338290681,0.09270533598343415,0.9961440927020255,-0.006317102020605247,0
9.803216895617803,0.0027372082638791664,0.390625,89.61086840213429,0.31651468248310266,0.9963233504728454,-0.006070727958701315,0
9.803157214265573,0.00273201332845812,0.390625,89.44671027724439,-0.20353031273043598,0.9959009621602877,-0.0057780012224664425,0
9.803791796310446,0.002771933526748109,0.390625,90.80491503397506,-0.0820949103217572,0.9961258049951348,-0.005738323279557008,0
9.804068032182162,0.0028191522760789524,0.390625,92.33361407181621,0.33427056263947935,0.996235138738956,-0.005391932340433928,0
9.804125286239326,0.0028258577052303947,0.390625,92.55759627054066,0.8357985447498019,0.9961364221426272,-0.005232752705214858,0
9.803900907038178,0.002835863217213718,0.390625,92.90007606235473,-0.5121164660898406,0.9961580536593506,-0.005455052739963498,0
9.804125985625952,0.002859572596488177,0.390625,93.6883348255019,0.5649035528501068,0.9955027435864215,-0.005177898015950286,0
9.804857901475794,0.002947744170988574,0.390625,96.52847766666815,-0.27921907243823324,0.9957906531510519,-0.004957678508323426,0
9.805022448839503,0.0029751386376936813,0.390625,97.4402290215898,0.08463430301223222,0.9957986602907747,-0.005174373841024089,0
9.805208552837415,0.0029986959106702146,0.390625,98.19608701453207,-0.3038981436863348,0.9955044794891778,-0.005078710297516611,0
9.805038166420204,0.0029819679322339713,0.390625,97.63124445398462,0.7171628984312216,0.9959528851247712,-0.00470136025927108,0
9.804922605537168,0.0029743820626778584,0.390625,97.39420481073697,0.179921593641969,0.9964855909363843,-0.004381594778335068,0
9.80471083913925,0.0029423750870154627,0.390625,96.32359624497548,-0.33447565633105114,0.9961213826403132,-0.004554037166972071,0
9.8047620932398,0.002949744230502574,0.390625,96.55934934952667,-0.20351353676839304,0.9963022250973237,-0.004421053354723731,0
9.804493284044167,0.002947446735432915,0.390625,96.45125177744335,0.27393622310167604,0.9960421793658408,-0.004691273729923499,0
9.805138956593627,0.0030441746218519343,0.390625,99.52266654142277,0.2148181918443394,0.9960247342308334,-0.00483600710932216,0
9.805266544839927,0.0030535346673512937,0.390625,99.85094036319123,0.04129483026190428,0.9954293170980447,-0.004963032832006165,0
9.805028200601743,0.0030580551234882826,0.390625,100.03649157485269,-0.9396156624194797,0.9952838077164247,-0.005211795333832015,0
9.805130451981482,0.0030640325408776287,0.390625,100.24727394872225,0.1520636716413719,0.9955192796524635,-0.005006825679055514,0
9.805485696359602,0.003081854808066873,0.390625,100.77651314082276,-0.04903394551729434,0.9955937826586576,-0.00467917427466925,0
9.805499714704633,0.0030819748997849327,0.390625,100.78276597493671,0.4174048978796539,0.9954920486377467,-0.004912739440910186,0
9.805707693343239,0.0030974466230414984,0.390625,101.25403621322641,-0.36258329167200526,0.9953951028392399,-0.0054089663146999365,0
9.805560264743566,0.003083403179325573,0.390625,100.76683215212937,0.10814950418352964,0.9951511013765183,-0.005379414247299408,0
9.805531976599841,0.003081190482272511,0.390625,100.69962307633794,-0.16714275643971632,0.9947011536044275,-0.005591473376378792,0
9.805767650003835,0.0030874669906582708,0.390625,100.94737997970176,-0.9026396384979307,0.9945545290451673,-0.00565771521061953,0
9.805796812177826,0.0030881581576251206,0.390625,100.96501748426063,0.42497476621429087,0.9944167202602202,-0.005641326897726698,0
9.805500903990984,0.0030770012089399324,0.390625,100.54543155880465,-0.6292797613787116,0.9950860343316589,-0.005436731455502007,0
9.805485398816774,0.0030778274801038,0.390625,100.57547854159091,0.4641241064709902,0.9947814061455673,-0.005326698679152622,0
9.805707015687707,0.0030968077190437304,0.390625,101.23817624283305,-0.1220990575044804,0.9949832364910108,-0.005366055383223615,0
9.80546186838502,0.003070422866202852,0.390625,100.41492812842097,-0.017475774301904796,0.9952709354637492,-0.005004669768246895,0
9.80529069224114,0.0030524153520075587,0.390625,99.79641327935677,0.01679237916202207,0.9954334257927768,-0.005162854334947063,0
9.805034744031438,0.0030247948212707857,0.390625,98.93316409118641,-0.2681919111443373,0.9948785796153743,-0.005158854968777801,0
9.804824254133845,0.003013650711287563,0.390625,98.53391468192255,-0.1474040524068793,0.9944271196226013,-0.005116225642406435,0
9.804770202259446,0.0030078901848859113,0.390625,98.35418206070919,-0.5233572706783889,0.9943071826418823,-0.004938645452734402,0
9.804635843749319,0.0029994243135050345,0.390625,98.05397686456348,0.18985144190325323,0.9941868523687298,-0.004543657422491887,0
9.804735394194793,0.0030117645243765757,0.390625,98.44068794757743,-0.23906314869236667,0.9942892496378388,-0.004526417537029958,0
9.804841524874085,0.0030163094177613438,0.390625,98.60841192762756,-0.14695017409515762,0.9944063291398211,-0.004299551423149255,0
9.804828646561285,0.0030149694477867913,0.390625,98.56673446132432,1.289725013316153,0.9943612749632099,-0.004729463738474081,0
9.80486712403225,0.0030186926144429266,0.390625,98.69533516973486,0.548864991900094,0.9941207177100825,-0.004334040355258973,0
9.805206314789004,0.003040625277600146,0.390625,99.35250148085099,0.10645950130856363,0.993834980481491,-0.004520133492268134,0
9.805491585175202,0.0030331541511165803,0.390625,99.15993463692995,-0.5936465871673136,0.9936001169334239,-0.004388497464075923,0
9.805509655898726,0.0030365189102715988,0.390625,99.2670396472726,-0.5532455591868105,0.9936056199874383,-0.004235677723380379,0
9.805642046396759,0.0030366172715114927,0.390625,99.29285485865799,0.09436686636399827,0.9931960583610466,-0.0038507649706036305,0
9.805923105903783,0.003060580071600914,0.390625,100.02873657831302,0.03706900040803399,0.9929913586691622,-0.004251482518888912,0
9.806174244781637,0.0031135106450187007,0.390625,101.80749150602624,-0.13802849090643576,0.9925465160185667,-0.003931889175277615,0
9.806514661713281,0.003161119895895944,0.390625,103.30647212761049,-0.11480881508153591,0.9925094124471514,-0.0042069076586028166,0
9.806668308956539,0.0031660729175207983,0.390625,103.4972812300335,0.8703569522282729,0.9927161780840706,-0.004133883361058297,0
9.806459703469754,0.0031357492157468624,0.390625,102.53986368255701,-0.4662274308393535,0.9924276770381861,-0.003909794106650139,0
9.806405805883033,0.0031305921679759523,0.390625,102.36179012174097,-0.37344164130020846,0.9924658550045331,-0.003543739120625147,0
9.806692888406532,0.003127041092464987,0.390625,102.193817199915,-0.11207649141094105,0.9927796781526103,-0.003107077927964167,0
9.80678358308309,0.0031319099147179164,0.390625,102.37024736657682,0.28142984014266403,0.9927851291306826,-0.0031561418580627987,0
9.8069270189958,0.0031383926675269992,0.390625,102.55571657678733,-0.029953397329033276,0.9929469176142929,-0.003012376659753805,0
9.807385248696459,0.0031723186537832753,0.390625,103.74879719174292,0.20961625943164108,0.9931836654873357,-0.003511919722030324,0
9.807685846920323,0.003185004315738465,0.390625,104.11263931817889,0.5741410847416167,0.9935723788647985,-0.003250986517694688,0
9.807580775205063,0.003180287882306443,0.390625,103.93857367596344,0.19671658234195397,0.9934985916255223,-0.003732993330158017,0
9.807719820578548,0.0031818651812313054,0.390625,103.96331803751877,0.7374861288614435,0.9934622145572791,-0.0036361787317872162,0
9.808182235905553,0.0031169548417915444,0.390625,101.92103092286222,-0.2776407517934179,0.9932758582871957,-0.0038531925775753153,0
9.808693100658155,0.0031292342020783214,0.390625,102.22902118725817,0.7197601948100782,0.9933534328705155,-0.003707379718523112,0
9.808975978098916,0.0031464514393395302,0.390625,102.84756915780423,-0.10558540817267688,0.9936396843113746,-0.003265895192210853,0
9.809054289272574,0.0031397413550554613,0.390625,102.61316540139129,0.5042824742001054,0.9935510617939495,-0.002824138282510164,0
9.809614046765983,0.0031192959100126796,0.390625,102.03822041037667,0.5140011004635502,0.9936551219555795,-0.0019127719629254414,0
9.809692676994391,0.003128848486593689,0.390625,102.33913246058907,0.3264140093997412,0.9936285995802934,-0.0014354737948193937,0
9.80991262066446,0.0031454291047648387,0.390625,102.91529265355328,0.8381090956827393,0.9938876909079227,-0.0013172614182704614,0
9.810000563963412,0.0031465751057176633,0.390625,102.94009170581393,0.737770753637354,0.9940485123569855,-0.0011209592858289483,0
9.810372797792338,0.0031292438327173693,0.390625,102.42269248750159,0.22049455438415558,0.9940322715368287,-0.001207553843649436,0
9.810232216194716,0.003127957010557695,0.390625,102.39724042388596,0.7049365169453571,0.9938746882900557,-0.0017577858209164969,0
9.810278167912342,0.003129676976407708,0.390625,102.45878284735167,-0.19527288438621326,0.9945213307675835,-0.0017518353078492521,0
9.810583189152139,0.003146242813815511,0.390625,102.96462154787957,0.47517334048097837,0.9944080701659251,-0.0018978705728622453,0
9.810708086763661,0.003149512964007016,0.390625,103.08766164527134,0.09952018371768645,0.9948938283077353,-0.0018241777937304108,0
9.811002580631566,0.0031481103896272944,0.390625,103.0026133198979,-0.399645087596582,0.995011212065776,-0.0013776793860118713,0
9.811218786883758,0.0031553467829528487,0.390625,103.26898759062713,-0.5294985662718924,0.9951429894493805,-0.0011364902704633615,0
9.811603805956938,0.0031628710602924614,0.390625,103.46132125390774,-0.3769088589506282,0.9952657694909504,-0.0011720213445228073,0
9.812107002568226,0.0031239828001119628,0.390625,102.25594682763254,-0.31345074352429947,0.9944894690801096,-0.0007543814076846862,0
9.812431303612657,0.0031208855996812035,0.390625,102.11194367323745,-0.2498006284222356,0.9945181594950203,0.0002349796586207782,0
9.81256113472308,0.0031218514660426504,0.390625,102.16144066421514,-0.7221095586573938,0.9944119322380036,8.240703430286968e-05,0
9.81289752385439,0.0031331900806771083,0.390625,102.48446516533332,0.40246730868602754,0.9943425609322297,4.578943539777365e-05,0
9.813427782357408,0.0031005649937437788,0.390625,101.48851978830648,0.7721868847802398,0.9938289954210772,0.00013610626558522803,0
9.814100609433442,0.0030275247153036936,0.390625,98.99922149615927,-0.07874363881637692,0.993948294518108,0.0003893115855493291,0
9.814624613743739,0.0030216832116966874,0.390625,98.88506158894332,-0.21970059973803777,0.9937595097677269,0.00046562631677502707,0
9.81500038516533,0.0030492512270966325,0.390625,99.73483519135584,0.0842793745068775,0.9937810575180966,0.00043408196026480464,0
9.814994284132299,0.003049506631707629,0.390625,99.74225809930056,-0.17366526385740144,0.9937190769908276,0.0006257911627009848,0
9.815171521041087,0.0030432814681456348,0.390625,99.50972004394923,0.055908918089699,0.9940646836913308,0.000674626801583999,0
9.815295912589969,0.003046771001210007,0.390625,99.64431926194422,0.0009612450812710449,0.9938018112472063,0.0007177598556883907,0
9.815218849834595,0.003059096660156367,0.390625,100.06024557614995,-0.7968665481760885,0.9938768195090701,0.0007338630328076111,0
9.815353583034314,0.003058298826615686,0.390625,100.05421578248819,0.619567451216426,0.9941879222043708,0.0011234686615084642,0
9.815668757565133,0.0030403633770770206,0.390625,99.41759267923231,-0.5583292132772234,0.9944205926926365,0.0011705583049574683,0
9.816192155416747,0.0030043594789428744,0.390625,98.31547579662275,0.19161843514666543,0.9945427537729021,0.0009621394687965535,0
9.81630934966134,0.003007725323803287,0.390625,98.40993908483627,0.6637272455069857,0.9945872216809384,0.0011477972812179013,0
9.816608628406401,0.003030631366885252,0.390625,99.19916041030669,-0.7298967746840693,0.9946239621807038,0.001130584308014984,0
9.816887841786858,0.003047187228022622,0.390625,99.70580073187426,-0.15190040668312577,0.994136623824519,0.0009691976083909225,0
9.817195034277223,0.003039604989025526,0.390625,99.49652005437241,0.05763443272250394,0.9938610608756344,0.000990993073425946,0
9.817676746621153,0.0030277225876948768,0.390625,99.04297333755282,-0.30604931193374796,0.9941616049680402,0.0006757819885777285,0
9.817854716993812,0.0030166137805341816,0.390625,98.704444368442,0.3402195535345527,0.9943254236690996,0.0007217684454048147,0
9.817868939487749,0.0030159755100327233,0.390625,98.6815692476144,0.012846414281132942,0.9944487730220838,0.0005808785012137246,0
9.818036980853337,0.0030032492444562096,0.390625,98.28686897636359,-0.24002774195590368,0.9945494392057606,0.0007277750960162863,0
9.81854786886592,0.0029656342380020646,0.390625,96.98072075587602,-0.5747932176188139,0.994776134773015,0.00012500914670311145,0
9.818860867010361,0.002943312334541785,0.390625,96.29638521716896,-0.23937524391052042,0.9945092454598329,0.0003448620086478251,0
9.818813223563447,0.0029410212525829275,0.390625,96.2279187169243,-0.36095582618751604,0.9939354692141947,3.4715786773775276e-05,0
9.819432218271524,0.0029193249825993153,0.390625,95.5893021992096,0.5825185484245594,0.9940176155418333,8.615316390910585e-05,0
9.819470227962794,0.002916845466417041,0.390625,95.50433576250174,-0.3450680510092449,0.9936359179537899,0.0003130771958817985,0
9.819834054740221,0.0029084283024931835,0.390625,95.26022293989172,-0.09356726339804784,0.9934233223306361,0.0008325864143420299,0
9.820157410048111,0.002895713014213523,0.390625,94.81582273592495,-0.4698740499516134,0.993526572534058,0.001103788299098203,0
9.820436397290372,0.0028919880356026405,0.390625,94.71810686034529,0.6590751581182607,0.9929466749951401,0.0014102019906078829,0
9.820416540636037,0.002892891798743123,0.390625,94.74925960150462,-0.587214059458347,0.9931336309769389,0.0014753559714539202,0
9.820104006001692,0.002863537979393005,0.390625,93.76018525048505,-0.5979813725522641,0.9930221978161525,0.0013605181411008394,0
9.820574398338177,0.0028707348050218207,0.390625,93.94299188801904,0.11902137739161844,0.9929704922234812,0.001321922182570609,0
9.820738466144798,0.0028655949355397563,0.390625,93.79470793856242,-0.9919934209938219,0.9931665466385976,0.0015472088841618759,0
9.821105335864427,0.0028516229374478046,0.390625,93.28940231219948,0.18310644444500213,0.9933638263922963,0.0016723460549766132,0
9.821933520045164,0.0027965969509729984,0.390625,91.58095474868858,0.3685451000080017,0.9935138249781703,0.001848824491993058,0
9.822149904021673,0.002776132112263978,0.390625,90.88997274628784,0.2862076163243425,0.9932357704075575,0.002067156968035849,0
9.822533084924615,0.0027713633489342745,0.390625,90.76772327274627,-0.5215708209883209,0.9928961670473134,0.0023343506997414265,0
9.823237656658096,0.0027595887338081287,0.390625,90.3119307228601,-0.45907525405224686,0.9933319804111663,0.00249802471531414,0
9.823709803870534,0.0027633355474137246,0.390625,90.48518509531036,0.13424522263812833,0.9930361413414676,0.0020417944155303822,0
9.823839911036995,0.0027541404706443607,0.390625,90.17142887911282,0.5120842778063283,0.993146764413476,0.0021774342441744916,0
9.824072448674688,0.002739026407774482,0.390625,89.69764584380775,0.8617564343136715,0.9936988500363402,0.0023244674877630762,0
9.82416390206875,0.0027304139120603596,0.390625,89.40740876455153,-0.17142850115245287,0.9932783609381858,0.0023775554822654194,0
9.824332348808552,0.002724757038667799,0.390625,89.23639648039338,0.14004385056978208,0.9929116842325129,0.0023284517400335583,0
9.824584270949469,0.0027323727745117155,0.390625,89.46379533868816,0.7221159531084899,0.9933444145300777,0.002725430346739341,0
9.824737074270883,0.0027230426554997337,0.390625,89.17199953824134,-0.5515402428694264,0.993765306712865,0.0024959105564330178,0
9.824568474563675,0.0027206881878403576,0.390625,89.10844664482845,-0.2748060628521974,0.9941232190599858,0.0027279347340620624,0
9.82449327990652,0.0027250380238614627,0.390625,89.2451474420468,-0.6774049348544698,0.9945203169181078,0.0028225740845547664,0
9.825107042864373,0.002709760732219929,0.390625,88.6830608610915,-0.3055841045412914,0.9945557023547476,0.002844660817366462,0
9.824954850067941,0.002714247246386121,0.390625,88.81101002855974,-0.059446854108197535,0.9939026443887856,0.0029132312326992827,0
9.825214994463163,0.002666282490216797,0.390625,87.20319812743938,0.28641355222134735,0.9937911076806725,0.0030440872201590533,0
9.82555778964666,0.0026437479203133907,0.390625,86.51142997398772,0.6376668301418249,0.9939463156514686,0.0027128557532446725,0
9.82552742442786,0.0026457776597422268,0.390625,86.58170101714765,-0.4849487490464526,0.9945813213468769,0.0019565534067202,0
9.825455249456763,0.002649626579366,0.390625,86.69878511740929,0.5966996868301067,0.9947564572388308,0.0019139304120565951,0
9.825687416033942,0.002635593961246668,0.390625,86.20757852251548,-0.20672287221289784,0.9954057028852387,0.002005358044407619,0
9.825541233805158,0.002640239165883958,0.390625,86.3382184101054,0.27947284914625925,0.9954997640848345,0.0015083555153135209,0
9.825483645423285,0.0026490759948908787,0.390625,86.63644993615777,-0.007555763604614185,0.9960858289025785,0.0016688372714714862,0
9.826233258346416,0.002550575273061707,0.390625,83.50175787675232,-0.06770472375622678,0.9962748945185644,0.0015446890904919504,0
9.826613936360726,0.0025540139213509083,0.390625,83.57181953363792,0.3828969205217921,0.9959343439595403,0.001662250271826952,0
9.826636210973192,0.0025515948573093996,0.390625,83.4953068280444,0.06703538953782602,0.9958968814903878,0.002038293546455633,0
9.826718114170026,0.002549615597192605,0.390625,83.42015965458623,-0.15625541017652722,0.9963853660930849,0.00196953862664979,0
9.826643359775817,0.002555876338820271,0.390625,83.6155353331153,-0.058047205800297284,0.9966025105071586,0.0023622884845025264,0
9.82612992055917,0.0025690430148579252,0.390625,84.10674743000173,1.047090402911029,0.9966972222725783,0.0021710178466233386,0
9.826484775649533,0.0024984768475107104,0.390625,81.82564543207354,0.7430095584168157,0.9967802920359953,0.002138150583327306,0
9.826440661053281,0.002503136824405209,0.390625,81.98164678733036,-0.27481017444612615,0.9965866992765994,0.00214867962812834,0
9.82626532194463,0.002512184492371591,0.390625,82.26423769941503,-0.22769414454038875,0.9964760262060288,0.0023120724049523833,0
9.826063327988052,0.002532833149130966,0.390625,82.95667001763734,-0.44571878211718285,0.9965119495409881,0.0020112252221775617,0
9.82632207196779,0.002512959840302974,0.390625,82.32181600008087,0.6863052791171261,0.996606471986528,0.0014175206847862418,0
9.826659815327933,0.002477350380657853,0.390625,81.1327430052125,0.755790157202379,0.996470651018067,0.0011400029132383656,0
9.826929787480564,0.002437131175669043,0.390625,79.83320276555817,-0.5493040955710361,0.9963582834148839,0.0010568963827943712,0
9.826949452796745,0.0024345964716359753,0.390625,79.74896930591474,-0.4655277084420959,0.9967000851750704,0.0008012064617573056,0
9.82706862654696,0.0024170873991789274,0.390625,79.18197179039691,-1.1265975959298278,0.9965439063582506,0.0003482054103883047,0
9.827506130978575,0.002349647647407562,0.390625,76.94279967599101,-0.5961314804286909,0.9968862047789347,0.000653453240517247,0
9.82745813436213,0.002353963256146782,0.390625,77.08023490619988,-1.3585532502220303,0.9971801500028424,0.0005814112111780707,0
9.827904341341494,0.0022899232189410065,0.390625,74.93755713104834,0.09599280616142399,0.9972552802384068,0.0009994917208563095,0
9.827712053867373,0.002314310681597229,0.390625,75.71360901781779,0.45423940136485425,0.9969572153997598,0.0012797525619986576,0
9.827659263142248,0.0023174929888731505,0.390625,75.8244636046754,0.01527113575017817,0.9970445229704634,0.0011992687915238262,0
9.827540874957199,0.0023132351771244595,0.390625,75.66994018924524,-0.36446290361709544,0.9967813803429506,0.0012244059692516987,0
9.827542916586859,0.002313002233844671,0.390625,75.66204030954015,0.07447351801844586,0.9966299228553102,0.0012625380736592667,0
9.827535858520845,0.0023136090015301526,0.390625,75.68099844065317,-0.2956957923537023,0.9962659511269055,0.0014676732113099009,0
9.827512216117835,0.0023184162061078376,0.390625,75.84160464326511,-0.9120966589434829,0.996477043943474,0.0017944209703170872,0
9.827966385446546,0.0023088524206675543,0.390625,75.58034578057057,0.9319362383854847,0.9959215928429808,0.0020648964106568944,0
9.827869870243008,0.002325565720905886,0.390625,76.13734312920865,0.20966471545276968,0.995846250348425,0.0021293614986794655,0
9.828026153149942,0.002302901015953342,0.390625,75.4084887414677,1.1871049776830962,0.9955404454609154,0.002750238963708458,0
9.828471091523836,0.002251835642958056,0.390625,73.69161686954962,-0.9157364921896564,0.9954083807489273,0.0028307083201473612,0
9.828247205403835,0.0022730005448071485,0.390625,74.35832208619547,-0.03439774712508855,0.9952040255765768,0.0027705950888132417,0
9.828133619746232,0.002298858615181872,0.390625,75.21965983324728,-0.2523659127097441,0.9945293846223363,0.00230649653897861,0
9.828061445173612,0.0023071582611010793,0.390625,75.48281166761198,-0.0005844878772525893,0.9944878917333537,0.0024890762591106698,0
9.828052811592778,0.0023089134831437235,0.390625,75.54139873412485,-0.14460341382679567,0.9936938074654352,0.0024515164728093806,0
9.82822450742573,0.0022865901030075866,0.390625,74.83020951576701,-0.6091270838296623,0.9935585296523828,0.002417369320025339,0
9.82807336613746,0.0023032935111180694,0.390625,75.39382060508437,-0.8160203996000442,0.9930762625527895,0.0028662280828308405,0
9.82820735566839,0.0022993296624701765,0.390625,75.27710835992937,-0.3304498398065334,0.9934286226690787,0.002906770352090974,0
9.828364491655105,0.002271687434785465,0.390625,74.35575753044735,-0.8456546812340093,0.9931246301838061,0.002827800544373988,0
9.828390244651166,0.0022720497653684387,0.390625,74.37029306619186,-0.0499478848275127,0.9931145056240943,0.002877720626947122,0
9.828323448502505,0.0022808092258455983,0.390625,74.66402677186,-0.20705609160844082,0.9930493339321291,0.0029936283968884712,0
9.828453283785407,0.002262611855918829,0.390625,74.07992915007507,-0.5299586393242256,0.9933322907174431,0.0031546199274288048,0
9.828515539639447,0.002263716751496662,0.390625,74.11042532063533,0.3007058908200027,0.993934725827416,0.0029371464583084063,0
9.828515984720058,0.0022636621434781014,0.390625,74.10867764177749,0.7543711767890878,0.9940716654867615,0.0031690928512784003,0
9.828214509422944,0.002301150274451174,0.390625,75.36236292160149,-0.14133631746881292,0.9947167783105791,0.003098978949581169,0
9.828410121705284,0.002274487528849132,0.390625,74.50189100051223,-0.24688750810552543,0.9945923871791397,0.0032235267599527947,0
9.828442317187646,0.0022679997498523453,0.390625,74.28729716761637,-0.20452647957426962,0.9944061076011786,0.003784023975489146,0
9.828539488400601,0.0022632485915694616,0.390625,74.13744756312097,0.03696500588678949,0.9945774450982919,0.0034688585138807257,0
9.82826815754948,0.002286620665395343,0.390625,74.91632415850219,0.6542716672168657,0.99451551566414,0.003933559441574615,0
9.828021159774508,0.0023127549312422597,0.390625,75.76103592695378,-1.3375262769841356,0.9947796197748322,0.0035389686012623333,0
9.828099272487268,0.002310659051490941,0.390625,75.68783983896708,0.639238153279924,0.9948827014297125,0.004044230628074019,0
9.827842439432647,0.002326376637801562,0.390625,76.18519875324876,0.3675115112904071,0.9954691290837352,0.003793815538941713,0
9.827723569701163,0.0023362344040661976,0.390625,76.51693589989,-0.7348932231871004,0.9956995404587486,0.004055928622234376,0
9.828036512049485,0.0023124759464534287,0.390625,75.7569418209471,0.14479554889476276,0.9954160161488959,0.003987878826313083,0
9.827813688936487,0.002319774517177314,0.390625,76.00537841403052,-0.23691620318519804,0.9955236505591403,0.004079222977049592,0
9.827506129148524,0.002334388775760636,0.390625,76.47059949480817,-0.029923177119295968,0.9953513073865246,0.004488751960017027,0
9.827246314908662,0.0023437014156231484,0.390625,76.78770109540977,0.6366680802675546,0.9949260191652997,0.004458548084640816,0
9.827713247090323,0.002263457166785622,0.390625,74.16860532516586,-1.3212188245658278,0.995241509504602,0.004753631772664135,0
9.827750106090814,0.002262975023264207,0.390625,74.15250904726732,0.02300850888665688,0.9950011531234064,0.004587053466346043,0
9.827469234102557,0.002317294329346952,0.390625,75.92725356386096,-0.4734813375410643,0.9950480399019926,0.0048141023498793675,0
9.827358827905055,0.0023250473707107345,0.390625,76.18396223565674,0.02765873550136651,0.9949408554935034,0.00469754913971998,0
9.827006857242763,0.0023435411013069405,0.390625,76.77870829423533,-0.0037208546188291316,0.994787515857469,0.00476561896652024,0
9.826905658029558,0.0023476938142791208,0.390625,76.9188524650079,0.32180851426286,0.9943730068379233,0.0051463156648141346,0
9.826468667554872,0.002403554149540954,0.390625,78.72690920510668,0.37840962586172583,0.9945354494003403,0.005050724093280438,0
9.826440207138079,0.0024042864048822205,0.390625,78.75274196587772,0.5740702630027954,0.994624208563795,0.0047203375936200765,0
9.82622648327917,0.0024145206866424862,0.390625,79.07299733513307,-0.2885233318520477,0.9944425413876965,0.0048101374942299035,0
9.826153434170486,0.0024219921511085085,0.390625,79.3233206100628,0.4055414377520113,0.994193456854728,0.004863805073705171,0
9.826165728062854,0.0024224460253233727,0.390625,79.33908412819225,-0.410247431545334,0.9941717539572764,0.004564100367080135,0
9.826102798077965,0.002425191476761887,0.390625,79.43345264943338,0.03258924746478442,0.9942200904981733,0.004762764075547663,0
9.825888598680857,0.0024554716255812663,0.390625,80.4096152671315,0.26752152051388595,0.9941370205468268,0.0047775642411508785,0
9.825672771027675,0.002496546285671928,0.390625,81.77171757338701,0.352940890868922,0.9943474793114478,0.004745129609872002,0
9.82549475286324,0.0025022913106865306,0.390625,81.94685560566789,-0.670806384080303,0.9945587561679206,0.004362245619562413,0
9.82499000287978,0.0025195406383280426,0.390625,82.54386346618972,0.2904505945686348,0.9945581031103374,0.003946425951271804,0
9.824761562419974,0.002534083206874717,0.390625,83.0080787837901,0.05633226981080952,0.9941157523129303,0.004437142063289022,0
9.824757463514498,0.002534381779245482,0.390625,83.01811351336264,0.8545795297844355,0.9942248551864693,0.0042847617468073735,0
9.824562577194753,0.0025631952429799854,0.390625,83.94911545050881,-0.5011963126404831,0.9948993684201644,0.004466162993181247,0
9.824667748372399,0.002560199475743423,0.390625,83.84281550269064,0.1568102219304516,0.9951462115187178,0.004407375554895019,0
9.824742477415809,0.002557996627906799,0.390625,83.77648717646034,1.0054678920557005,0.9951167009665107,0.004846967066074919,0
9.824417857920375,0.0025699474844868278,0.390625,84.18927699637356,0.004751668056997005,0.9951620259147556,0.00435070930091944,0
9.82425772988927,0.002583132273889315,0.390625,84.61172957422107,0.11555762162121634,0.9951619428455439,0.004393805021782323,0
9.823736473996286,0.0025930321608262125,0.390625,84.96116755135188,-0.31618221157138277,0.9956393603862455,0.004645568533593064,0
9.823661853769071,0.0026024976597430654,0.390625,85.26884073736547,-0.42619933989529574,0.9957098671071455,0.004691815036524793,0
9.823476862299353,0.0026220785119240365,0.390625,85.91597568622333,-0.04105438255040402,0.9959115365115258,0.005040214017519109,0
9.82365717295064,0.0026192104941079215,0.390625,85.82520829646873,-0.17033520449573794,0.99594605844641,0.004757589523539529,0
9.823377842017432,0.0026243703964225905,0.390625,85.9950564585646,0.8454473764189364,0.9963175581040186,0.0050921367163893946,0
9.822728153943725,0.0026769500023567645,0.390625,87.70831306708479,0.31874520270018064,0.9962538200825783,0.005130583211371842,0
9.82233899583,0.0027227246906445543,0.390625,89.2173737177644,-0.5274620400098987,0.9963647369126296,0.005341432005795489,0
9.82249182184089,0.002716558923753935,0.390625,89.01619952509589,-0.7787216586863602,0.996544806433088,0.005218650506580543,0
9.822086532635199,0.0026967407050840506,0.390625,88.3616797686662,-0.1894545223634244,0.9961461882012044,0.0046059106915942805,0
9.821844371369334,0.002712603601202442,0.390625,88.88582663327631,-0.0639747958945615,0.995882038543176,0.0044262636839154604,0
9.821470119220493,0.002751727042262414,0.390625,90.15947857999905,-0.2004168862683097,0.9960512608847663,0.004462815633240878,0
9.821152825186864,0.00275207157433414,0.390625,90.17843533940521,0.07228614723013986,0.995817606872599,0.004148789023902025,0
9.820919551111459,0.002791673636923441,0.390625,91.47112110482,0.07582663696666714,0.9959432704785621,0.004406943766556997,0
9.821041672365658,0.002785809081592842,0.390625,91.27491444809523,0.042508854039624566,0.9961844689388173,0.004903596188112553,0
9.821014131653266,0.0027871890324484795,0.390625,91.31908721367756,0.08345602387756419,0.9965788740906937,0.004725448911346944,0
9.820906032160668,0.0027891104308112855,0.390625,91.38586576937823,0.2701926396402996,0.9967504171300552,0.00485939293016824,0
9.820362664634523,0.0028142603544136498,0.390625,92.18303624540994,-0.3347408889846217,0.9969783194717532,0.005401822949549388,0
9.820397971762546,0.0028152364557501447,0.390625,92.21260097867835,-0.36502879511681385,0.9970658900735717,0.0056928087082141554,0
9.820380440562936,0.002813920003232768,0.390625,92.16823141886212,-0.03868275506223048,0.9973006993646143,0.005727810846616765,0
9.819672005546991,0.0028158500714911975,0.390625,92.26522408890088,-0.45622778603986563,0.9973618604268122,0.005925148105010972,0
9.819407711548148,0.0027857339078831453,0.390625,91.26963372208924,-0.2526614840329178,0.9972110418754027,0.005659511616774449,0
9.819066271913037,0.0028143224249340907,0.390625,92.2168553290831,-0.4758466695736085,0.9971537250328865,0.005358326175759709,0
9.818937004372675,0.00280740175717714,0.390625,91.9870276966189,-0.07654255409458226,0.9972207858950279,0.0050922778343645315,0
9.818609297068992,0.0028179203916070114,0.390625,92.3373065041002,0.5585783727862387,0.997802448093222,0.004835156805150152,0
9.818200386949377,0.0028377497669701524,0.390625,92.978994564274,-0.32767333157971734,0.998036781264563,0.00501011625467297,0
9.818268325699876,0.0028315722040322283,0.390625,92.77416400231219,-0.09038148261364161,0.9975351373008153,0.0053936426383883905,0
9.817824997991051,0.0028741992267625935,0.390625,94.1478508942959,0.7767335777983438,0.9974096201405325,0.005064802747249426,0
9.817766470795057,0.0028743782651344894,0.390625,94.15750724670437,0.34224396336624824,0.9977790958352301,0.00551655948556244,0
9.817448459419891,0.0028754558353997904,0.390625,94.16952192273156,-0.8423021894983928,0.9976626444810833,0.005975655930676991,0
9.817436084569126,0.002875660404479602,0.390625,94.17725566714012,0.015875389719440136,0.9976711951926267,0.0061843732372310585,0
9.817165032862087,0.0028926385842880328,0.390625,94.70872930125923,-0.08260420864705036,0.9978262813786748,0.0055087066157693525,0
9.817081621646771,0.002895713792810436,0.390625,94.81766307332455,0.6444537422297193,0.9977468975151582,0.005235441687140756,0
9.817275179616088,0.0028959649280764477,0.390625,94.84308348388888,0.15189820385421626,0.9982382967339549,0.005061213430038455,0
9.81707915325885,0.002886280377767942,0.390625,94.54064813128048,-0.3822447004337543,0.9983395245840846,0.005444362338077721,0
9.816381845828388,0.002847908759709844,0.390625,93.21880209727031,0.2393798938440644,0.9986756395827084,0.0052587029665280855,0
9.815968767390197,0.0028168332854515998,0.390625,92.24256843818831,0.7119402751801923,0.9990070791638113,0.005384971163309286,0
9.816117421370235,0.0028270576208577146,0.390625,92.58999477996426,0.08741165401321875,0.9989215308921259,0.005180169915722735,0
9.815486150629333,0.0028343690938403316,0.390625,92.86608170113365,0.8119029334229708,0.9988295588667087,0.005529732883464112,0
9.81513748634475,0.0028425678321507115,0.390625,93.11780449118014,-0.15086663268084521,0.9988434134349856,0.006027224139295943,0
9.814516329546928,0.00284463999584374,0.390625,93.2103263442226,0.5077101627418111,0.9988714184658611,0.006198752222092282,0
9.814485646595932,0.002839996152472196,0.390625,93.05753435826793,0.09126627856555085,0.9987690841328732,0.006810280726374906,0
9.814307914695783,0.0028284546645792447,0.390625,92.68209248414644,0.7335069866300424,0.9985928236978018,0.006874547861593591,0
9.814022660471093,0.0027889009729145536,0.390625,91.38057905673189,0.11120780887601238,0.9983610068453223,0.007092341117008257,0
9.81376820811451,0.0027824352313755673,0.390625,91.1737994754393,0.38772328639242915,0.9988727166001568,0.006665878161130047,0
9.813668287491904,0.0027825999976065162,0.390625,91.17770578013379,0.40452309437265893,0.9989004452601241,0.006702814673151415,0
9.813490439775656,0.002792224474593821,0.390625,91.49528344521472,0.862668168310241,0.9985250314466263,0.006544626078487797,0
9.812817098999018,0.002798972179410859,0.390625,91.69711973438838,0.7173031326638011,0.9986959909358908,0.006899394833984104,0
9.812616901610467,0.0027846042598439345,0.390625,91.23514569087398,-0.4941057071664545,0.9984113752170047,0.007164528138898927,0
9.812391510516521,0.0027900227715088053,0.390625,91.40256776340163,-0.5517397072362655,0.9982935403078032,0.0076662611290206585,0
9.811945792799627,0.0027756993960976386,0.390625,90.95003724504033,-0.7415205452950128,0.9978887390368923,0.007636866840409599,0
9.81167265546535,0.002779906090526015,0.390625,91.07912079686295,0.21872285518353843,0.9978701806794937,0.00790642397022247,0
9.81124360666528,0.0027371912281310726,0.390625,89.69101079022084,-0.6477713102528165,0.9980145537602851,0.007858563552430232,0
9.810827306875423,0.002686873533162288,0.390625,88.03114768617911,-0.37827846096115536,0.9982235716529135,0.0078727003604784,0
9.810066170096777,0.0027445502214915674,0.390625,89.93270524751485,-0.42477249640069203,0.9983743554645109,0.008060425176604685,0
9.810206174520165,0.002733568544647802,0.390625,89.57085868664332,-0.4582403001295461,0.9980596529753577,0.008220664862301861,0
9.810077638156464,0.0027184274602497483,0.390625,89.071749337789,0.364433828171362,0.9985742578272505,0.007822064831055837,0
9.809495534054491,0.002632142552385998,0.390625,86.24914744572357,0.022456457760805886,0.9988432775807361,0.008199726299896442,0
9.808597434065211,0.0026586529483874637,0.390625,87.10116281161594,-0.12768818820162173,0.9987770819498908,0.00839630309053685,0
9.808497521508299,0.002644487117761381,0.390625,86.64144541589648,-0.018338093323109206,0.9987771904007317,0.008167213173595998,0
9.808455067960171,0.0026429170237193705,0.390625,86.58817779155778,0.5240949740679449,0.9983170958484234,0.007753315351621303,0
9.808118605029225,0.0026619901233645364,0.390625,87.22433825207422,-0.18320618638487454,0.9980960004651428,0.007822086396666024,0
9.807755977864142,0.0026627672501550116,0.390625,87.23745026133308,0.5827345750112727,0.9982977978216836,0.007998356186097885,0
9.807586481354578,0.002644523141069125,0.390625,86.64647384690647,0.16314186558520305,0.998188287754773,0.007892905127965815,0
9.807817783430355,0.0026428568932143127,0.390625,86.5981795552672,-0.2917407834356709,0.9978583873197258,0.008478494144070009,0
9.807230423820172,0.0025492777892153367,0.390625,83.53203450426423,0.19365469764428175,0.9977622289124706,0.008475857693991782,0
9.806902311053953,0.002543273379537796,0.390625,83.33792686103997,0.4975590365890336,0.9981100924265098,0.008662467625025736,0
9.807397201625715,0.002564407687896269,0.390625,84.02109879907763,0.20076151216077656,0.9983673809016367,0.008300357673952626,0
9.807122661282063,0.002561664789402479,0.390625,83.91910675919179,0.07882207116441957,0.9984186653578287,0.00791760619096567,0
9.806870050697638,0.002543207362237944,0.390625,83.32562050970358,0.2305185022438915,0.9979907206898359,0.008155395371474692,0
9.80672775783605,0.002547032752056203,0.390625,83.44510503312974,1.0938919233352256,0.9979186988464395,0.008161062687827944,0
9.806648139128063,0.00253866621295721,0.390625,83.17439597779641,-0.4621381312147908,0.9978776381654714,0.008123832321190044,0
9.806452953238313,0.0025375510271877953,0.390625,83.12866726455208,0.09808025240151134,0.9975256251461723,0.00784680693842604,0
9.806369649759928,0.0025335589472063004,0.390625,83.00208081970725,0.16867514357848754,0.9977854204531088,0.007694742157140629,0
9.8062375695169,0.0025267113147771974,0.390625,82.77078598966544,-0.4526246234575713,0.9981753979289774,0.00805413913780766,0
9.806038539380047,0.00253079084371521,0.390625,82.91444238205128,0.5774781057965205,0.9983057591587455,0.008099033725788986,0
9.806146983858385,0.0025295790387865748,0.390625,82.8790782150274,-0.3178245578504478,0.9981669144629233,0.008233750227031853,0
9.8065783404083,0.0025517632329388196,0.390625,83.58416559818119,-0.14553481470162902,0.9983297413795328,0.007993393462388376,0
9.806383847034654,0.0025340996909813123,0.390625,82.99152869172238,0.3960903281719463,0.9975529551945708,0.0078204467988172,0
9.806253139453375,0.0025328002466509696,0.390625,82.95852137927312,-0.015167938749073073,0.9973925286618721,0.007480935791443212,0
9.806150567520703,0.0025293673606566996,0.390625,82.83861488166127,0.23560825508927033,0.9970727861627435,0.007715041873162446,0
9.806122939074555,0.002528445376319409,0.390625,82.81046915236806,0.4834643002080459,0.997257407231646,0.007828996799116835,0
9.806576495575959,0.002579392604830505,0.390625,84.50667014192544,-0.02600336298686064,0.9975687375568676,0.008180215330413116,0
9.806708837087516,0.0025956607257308826,0.390625,85.03332805646735,-0.3676260185141776,0.9976040169388379,0.008021527138481015,0
9.806722630460506,0.0025960485880568594,0.390625,85.04675980869555,0.07454583074650145,0.9978771370455124,0.008090647460593424,0
9.806266490312735,0.002582795651784439,0.390625,84.62934902379044,-0.5007566974951866,0.998398141044046,0.008499346837960543,0
9.80617535521178,0.0025788041621643016,0.390625,84.49627706093462,-0.13830622475870769,0.9988887163634573,0.008388710928833388,0
9.806172757480756,0.002578551120413649,0.390625,84.4880578815683,-0.4494530772244616,0.9987807957821487,0.008415545173582556,0
9.80604114016113,0.0025692852188014467,0.390625,84.18020344210807,0.09260922388663555,0.9989386587446547,0.008039950958138012,0
9.805557069156531,0.0025566763202393697,0.390625,83.77699950063328,0.5401278174370722,0.9995956838118557,0.008244860426530878,0
9.80542934837846,0.0025549068063413466,0.390625,83.7178783586468,-0.07829518381671126,0.9994312567040943,0.008368066442393017,0
9.805024535939063,0.0025193881790815057,0.390625,82.55393437551493,-0.14128177124924454,0.9989949550695563,0.008349374289986907,0
9.805117002237036,0.0025248729531832576,0.390625,82.73213683167796,0.5081224810868056,0.9987720507130088,0.008335236655392668,0
9.805077277368149,0.002518977331621884,0.390625,82.53812289009151,0.22329055818651491,0.9993182940439951,0.00843847375101876,0
9.804756099148179,0.0024563167241601984,0.390625,80.48857798370864,-0.2681751490478443,0.9990979756531998,0.008249360255169334,0
9.80444780313851,0.002409590250135134,0.390625,78.95400626441239,-0.2557505717983683,0.9995641321969987,0.008593333910289427,0
9.804196391028668,0.002406636839130411,0.390625,78.86050167433886,0.8257019165284873,0.9993568402582119,0.008092972210737263,0
9.804494192982611,0.002458048057648748,0.390625,80.54366171233474,0.312973320659997,0.9994864511290656,0.007753827129923124,0
9.804482098602545,0.0024570481230346735,0.390625,80.51071282179744,-0.7172269706146229,0.9992821155297027,0.007353649270388228,0
9.804609594164852,0.0024695132956705475,0.390625,80.91665893978181,0.4626586306318738,0.9991218493259918,0.0066920649739800695,0
9.804708459960922,0.00248002960681441,0.390625,81.26329860213272,0.47226531316846376,0.9993768462950718,0.006571268299802552,0
9.804895574284318,0.002505088628876363,0.390625,82.08002839945519,-0.30180799825757276,0.9997223480043592,0.006865658620073773,0
9.80473896370594,0.0024806684511729715,0.390625,81.27437783358776,-0.16280727071716683,0.9993885963807327,0.0073016808648844155,0
9.804584045425406,0.0024674626686989904,0.390625,80.8470506336585,-0.45255004973417573,0.9987199349952716,0.006902828872000133,0
9.804863689267872,0.002494139882312929,0.390625,81.72697486957367,0.06269789717286282,0.9985312330888353,0.007244587742041264,0
9.804894827832916,0.0024960223000643307,0.390625,81.78826952565856,-0.8462523571154937,0.9988151154377013,0.007549290630464201,0
9.805326427749304,0.0025366687938105964,0.390625,83.11989382949535,-0.4651066033317572,0.9984176864461178,0.007981736614199224,0
9.805359475653342,0.002542269339299198,0.390625,83.3038655415499,0.1534277988333391,0.9984160857914444,0.0078405247182638,0
9.805150321017242,0.002524094434525555,0.390625,82.70951750582954,-0.5641768257980099,0.9987279328814084,0.007879150958926254,0
9.80513156243169,0.002525270429824685,0.390625,82.74806127783351,0.7060979250103022,0.9988730433811575,0.007509192270543853,0
9.804677798083238,0.0025255119776406935,0.390625,82.74929638333883,-0.4813566410023971,0.9990394263939623,0.0067587360750019695,0
9.804595236405685,0.0025147364758594704,0.390625,82.39842438853552,0.45806050831985584,0.9992654067248606,0.007154291928621984,0
9.804275647252872,0.002495365883667429,0.390625,81.75261453657124,0.43626260826567886,0.9996511664127098,0.0071322742343955785,0
9.8041731930623,0.002493236814841689,0.390625,81.68712838421767,0.057037021302676294,0.9995607757136744,0.007420486045433109,0
9.804198315619526,0.0024949241691573673,0.390625,81.74336387389506,-0.12807455173970084,0.9991629152630801,0.007241935153041955,0
9.80458607127476,0.0025275928725101947,0.390625,82.79467004495478,0.3041360040721581,0.9987900577966266,0.0076624425729988135,0
9.804431177182229,0.002524334870962201,0.390625,82.6774951314399,-0.031343683346979866,0.9985545059960066,0.00742001315452154,0
9.80423543479319,0.002505841018514767,0.390625,82.08439036067708,0.26445622056295787,0.9986847377465681,0.007380317855387413,0
9.804182710296363,0.002502807667694708,0.390625,81.98176542885408,0.18839182124793297,0.9985416355022456,0.007219441398532751,0
9.804212978802932,0.002505583032023913,0.390625,82.07077304223182,0.11060436673020983,0.9984862799032279,0.006946274058134796,0
9.80442648612099,0.00253911615792426,0.390625,83.18195729783426,-0.03733423286030302,0.9982689198195526,0.006906842014225877,0
9.80450319115628,0.0025507474714355836,0.390625,83.55899167591762,-0.8544199726190224,0.9979310212515536,0.00742725754524379,0
9.804769033846263,0.002586378422497173,0.390625,84.7391105138048,-0.3555295780352026,0.9985211778315713,0.007503438927966035,0
9.804547125919516,0.0025793030219101705,0.390625,84.51420457777652,0.4269313817870473,0.9982605406782189,0.006931457458226743,0
9.804644575076686,0.0025872377115584632,0.390625,84.77623670732416,-0.9418521248068524,0.9986443492584738,0.006931294383734855,0
9.80433009068013,0.002569689971272506,0.390625,84.20353276369907,-0.0453335985718392,0.9989229810647361,0.00743270597664001,0
9.804343267907715,0.002570945032835191,0.390625,84.24461352912142,1.2071700479912881,0.9988953879575903,0.007629554533598682,0
9.804521607858213,0.0025937734369680036,0.390625,84.99229976170716,-0.5475768313141695,0.9990207571594851,0.007474886456406007,0
9.80432124114465,0.0025754226946212043,0.390625,84.38809744431416,-0.11835959887563756,0.9993860931002679,0.007394575265376663,0
9.804230311108558,0.002560204950156257,0.390625,83.89107782306567,0.27885145692077157,0.9997393446034983,0.006914813335378653,0
9.804413895990097,0.0025647805845782526,0.390625,84.04266269028987,-0.28517984668845503,0.9997291797247716,0.006911481556401653,0
9.804416963704854,0.0025648798850480487,0.390625,84.04590713459099,0.28541666165741236,0.9996577677996104,0.0066338508714014754,0
9.804418342576243,0.0025649927900287394,0.390625,84.04961112145601,-0.8369471165157544,0.999672823718045,0.00688696170470697,0
9.804694453232996,0.0025408096632803957,0.390625,83.25382841797531,0.23561079395464427,0.9995458678661288,0.0070995484178707395,0
9.804805648321983,0.0025494949329163555,0.390625,83.54037733860801,-0.25081949576633633,0.999703773064858,0.006475536765224051,0
9.804953234639848,0.00256171859698324,0.390625,83.93815818019029,-0.4150515081795068,0.999280484249417,0.006699926570335662,0
9.80507399634918,0.002575962410713106,0.390625,84.40726739416363,-0.5403121619019657,0.9991781677461469,0.007111327718685878,0
9.804999702538666,0.0025713464961103264,0.390625,84.25699502121991,0.036510272405090895,0.9994237224682596,0.007182058305530124,0
9.80500437989912,0.002572175624415516,0.390625,84.2842136129192,-0.1974359435213652,0.9994412870928902,0.007191008005991095,0
9.804799358900931,0.0025512674525221164,0.390625,83.59986501227782,0.13717468902783972,0.9999094350311628,0.007290213485669322,0
9.804763068772566,0.002548756571850148,0.390625,83.51765275971432,-0.4927406156360424,1.000276592338036,0.00713184944467015,0
9.804679663884192,0.002540188491860726,0.390625,83.2366174038153,0.41208949316448223,0.9997782943809611,0.007042653821293623,0
9.804888328892908,0.0025532347936947307,0.390625,83.66142980061764,-1.113660004990379,0.99952051731787,0.0070422470679478485,0
9.805402854353249,0.002612875710032132,0.390625,85.61721663631573,-0.27537717472174944,0.9989554278578201,0.007300594809560892,0
9.80565235899842,0.0026268503534744394,0.390625,86.07659007126709,0.2966578135831999,0.9990083121280944,0.007672581768013851,0
9.805813736560836,0.002646795333310145,0.390625,86.72967384049079,-0.6606887501936095,0.9990784541206031,0.007992823473002064,0
9.806041647375489,0.0026679248622478603,0.390625,87.42221783835066,-0.7608179713327748,0.9991729318073281,0.007827627645576785,0
9.806133188093025,0.002675689807082193,0.390625,87.67699968643888,-0.16436371339295874,0.9990311836016793,0.007798216677383484,0
9.806171237519266,0.002681743223400491,0.390625,87.87528334610607,-0.9543875701577539,0.99862116925473,0.007596613962619317,0
9.806369423032104,0.0026860228351975194,0.390625,88.01486673214683,0.282472628976393,0.9988441273536147,0.007698527838061762,0
9.806649114228748,0.002732980542731455,0.390625,89.55374853532192,0.32914921622553567,0.9991541025037644,0.00731437543887443,0
9.806778392287203,0.0027463110676583372,0.390625,89.99112101757264,-0.5481575088803462,0.9989765384086455,0.00731366240980824,0
9.806962901278414,0.00277069499383923,0.390625,90.78900341921468,0.6186018255903036,0.9993126491956854,0.0072899304002135715,0
9.807116824214242,0.0027730930837926134,0.390625,90.8686810553187,-0.2074860317746546,0.9994878112744678,0.006869487723922302,0
9.807293573216402,0.002788164619665467,0.390625,91.36115323259261,0.22724182531116335,0.9994353580678987,0.00696730961622548,0
9.807032481815993,0.0027633000990908386,0.390625,90.5405905915596,0.007431537407683209,0.9993652242603364,0.0067119551455780725,0
9.806900290755877,0.0027627432014144687,0.390625,90.52583809691302,-0.43200467574691476,0.9994028979151741,0.00643962764849995,0
9.807079491593386,0.002785962921155339,0.390625,91.28961251392106,0.6106497096807288,0.9993513729218018,0.006252630279848788,0
9.807065682969707,0.002783602584140945,0.390625,91.21240594185326,-0.017625955006224103,1.0000083494366492,0.00628921443001443,0
9.80720324327382,0.0027871582065270815,0.390625,91.32959856535484,-0.17571082784464429,0.9999689418947335,0.006499353844736034,0
9.807325843649592,0.0028052035974918312,0.390625,91.92036221442568,-0.43148809095752466,1.0003066016343864,0.006276316698733129,0
9.807303457539406,0.002800971072958064,0.390625,91.78146448510894,-0.1797599900116135,1.0001299425856116,0.005962093295370252,0
9.807499499899485,0.0028423628144343457,0.390625,93.13457869557998,-0.06245060934573606,1.0001693642598632,0.006190690718846311,0
9.807791598521407,0.002862713383388674,0.390625,93.80529012174259,0.07700249061963405,0.9998970952192614,0.006726466420923215,0
9.808024062458971,0.0028827380365894664,0.390625,94.45883710355864,-0.6170354176016796,0.9995817015501975,0.006690991969836172,0
9.808365840993137,0.0028993417119282812,0.390625,95.00553537256195,-0.15391136300725825,0.9994827689024147,0.006547252447400718,0
9.808442714562338,0.0029040238604465486,0.390625,95.15903598062451,-0.7486281097856894,0.9997684211046586,0.00664846953050037,0
9.808630672634894,0.002936856955725653,0.390625,96.23404093853819,-0.5207855921447239,0.9998866457711845,0.006243503734388741,0
9.809012894748903,0.002977978179773901,0.390625,97.58083711989354,0.07795092234785746,0.9996333840206628,0.006150619039343507,0
9.809135529268918,0.0029820686388914155,0.390625,97.7161295040811,-0.24955891849943632,0.9996049608632597,0.005659913608936136,0
9.80940703519332,0.0029882935096095594,0.390625,97.91600040265472,-0.10502915019120944,0.9993989272614829,0.005616501858921964,0
9.80937096084771,0.0029827445747114055,0.390625,97.73326380820075,-0.13314188728206014,0.9994224131426063,0.005856799256993051,0
9.809875857359552,0.003029007270965967,0.390625,99.22752607152695,-0.8688699667303202,0.9997617085879753,0.006006663996608887,0
9.810451510642347,0.003063217912488111,0.390625,100.37191684143261,0.1975912214111304,0.9998937894365273,0.005550000044050103,0
9.810506274662682,0.0030668242571979987,0.390625,100.48880039484874,0.17239942893259771,0.9992590831855613,0.00565033544918693,0
9.81078012153188,0.003073748721287475,0.390625,100.72018169328187,0.017112188491106888,0.9985921511321457,0.005802299856219825,0
9.810982246257883,0.0030756001475357353,0.390625,100.77801726040235,-0.12110992014155879,0.9982800102938805,0.005923073625660391,0
9.811346806599806,0.0031197606828519955,0.390625,102.22823709237265,0.19214308318866338,0.9980357968232921,0.005702355332246491,0
9.811467004752485,0.0031185570313961315,0.390625,102.18871398137755,0.2456502592576726,0.9978990732556908,0.0059879183633117315,0
9.812046342492588,0.0031229781004362056,0.390625,102.32526193936921,0.22562739055865677,0.997401940142118,0.006061604766573645,0
9.812016593034043,0.003120582171195488,0.390625,102.24573105087188,-0.3760709549060266,0.9971073550592499,0.005579685351485782,0
9.812009733401252,0.0031196660581037238,0.390625,102.21595244269253,-0.18543383582679476,0.9974146745674595,0.005880009972123355,0
9.812478996588379,0.003141248996078187,0.390625,102.9323192123648,0.6044231754409944,0.9975859767149988,0.005690195758958043,0
9.813185332577964,0.003286269226068419,0.390625,107.66510188691343,-0.34465663726708345,0.9972195106234168,0.005811180570752159,0
9.813588962767192,0.0032971787707172266,0.390625,108.03758415409665,-0.3799399101893262,0.9968706558575233,0.005120121402921486,0
9.81406173827523,0.0032920106680332227,0.390625,107.8495969252827,0.9226454016194717,0.9968075595387441,0.004917535206649308,0
9.814243245735405,0.0032852512241106375,0.390625,107.63699162654517,0.5943104378554077,0.996675801788219,0.004593333815980166,0
9.814576018616647,0.003282711915996552,0.390625,107.53583872426194,0.06567923637339845,0.9969227571812238,0.00489583469148062,0
9.814928083251411,0.003288641616182879,0.390625,107.7489057477788,-0.27588071753416443,0.9968966467352939,0.0046269897109718315,0
9.815401783674234,0.0032835879465212417,0.390625,107.55617409012525,0.48744027152254904,0.9969047021957445,0.005044692030334268,0
9.815705938547813,0.0033105278375444767,0.390625,108.45805186083103,-0.23838851347318268,0.9965828287390777,0.005098183529559125,0
9.81597421663332,0.0033295781937745157,0.390625,109.06575220298456,-0.8717098187638234,0.996896033031656,0.005176954604344045,0
9.81652145451469,0.003374081940606258,0.390625,110.55279078660384,-0.4696040868802811,0.9968499306273167,0.005307192732817555,0
9.816654876464906,0.003364875978504105,0.390625,110.2459319651962,-0.4455056774543967,0.996766285174031,0.0055268150323717485,0
9.817086367297954,0.003371057698631024,0.390625,110.46109017634927,0.4333708482602863,0.9965052312016132,0.005980016469105916,0
9.817172660888819,0.003371080271348226,0.390625,110.46028695483835,0.11120193396830776,0.9963388321492268,0.006186975548669138,0
9.81723138779905,0.0033671686080045827,0.390625,110.33321262516964,-0.617533621381881,0.996648221542445,0.005716226513723868,0
9.817499342909219,0.0033832288505997125,0.390625,110.85260461453669,-0.22517848783900263,0.9966713453776347,0.005086067128224679,0
9.818064932613012,0.0033768882227526217,0.390625,110.65381981236249,0.05701112828804374,0.9964809208043193,0.0045556393182898496,0
9.818162974130738,0.0033739907089289168,0.390625,110.55881866017158,0.26252714902026736,0.9963835529222923,0.004876280271741578,0
9.818278342957028,0.0033802149380871673,0.390625,110.7627739106707,-0.8740037922228415,0.9968772649315302,0.004530440030566608,0
9.81876261591633,0.0033939889355289947,0.390625,111.20826746558897,0.48959042644613265,0.9968834853524062,0.004385740264084944,0
9.819152843505,0.0034054174264938277,0.390625,111.58867499967403,-0.06016507096380034,0.9965895106653844,0.0040129558140515635,0
9.819739550738449,0.003380171706445735,0.390625,110.74874705058707,-0.07747778946819987,0.9969569105171948,0.0037050649490111137,0
9.819759185018535,0.003382453520737768,0.390625,110.82430659398557,-0.39928393221998704,0.9971431268811584,0.003287937942198685,0
9.82015633543145,0.003350568621605897,0.390625,109.75862880729346,0.5921244023847976,0.9973784057121369,0.0035844808889696988,0
9.820483375328072,0.0033485944064332493,0.390625,109.71187760675062,-0.17491183418557435,0.9971071431653461,0.002981390271297305,0
9.820785578182942,0.003376314538875702,0.390625,110.60387941944224,0.03587537910304187,0.9969074548237025,0.002517094805123067,0
9.821361538554537,0.0033821708803785126,0.390625,110.82173911959315,0.5894070962967817,0.9964372176088614,0.0020798154454316747,0
9.821913300954128,0.00332568510449182,0.390625,108.94638224297738,-0.21646348688348857,0.9968380714080489,0.0021276948812537955,0
9.82210682969641,0.0033117989447407807,0.390625,108.50220139541204,0.22387679178427788,0.9974810562876695,0.0021554877554360113,0
9.822670119248649,0.003283649953219006,0.390625,107.54143664010293,-0.07750554422697557,0.9981651216342278,0.0021146428535403204,0
9.822773784255318,0.0032786023768316083,0.390625,107.38466196013968,0.018681460202060407,0.9982335656398117,0.002480422801521239,0
9.82330392085519,0.0032768676525835546,0.390625,107.27630589126495,0.05225273464141841,0.9983005054873317,0.0022025501383130643,0
9.823267025680448,0.0032766838165042096,0.390625,107.26601136790276,0.605769516985068,0.9982309569451641,0.0024628625695409974,0
9.823566095530737,0.0032619141454950777,0.390625,106.74412929612181,-0.46867174876024364,0.9980897379310436,0.0027819130551099704,0
9.823485997846735,0.003261124393832109,0.390625,106.70710251383127,0.04758958542151959,0.9981793239296012,0.0028911316682003673,0
9.824128419851045,0.0032773919875303276,0.390625,107.13553541396396,-0.2723237677637371,0.9978783379375862,0.002756344738068806,0
9.824507638429102,0.003276747735639338,0.390625,107.17945400262198,-0.30093619453691645,0.9976807393140427,0.0029611682138672704,0
9.824297759355602,0.0032792411957856074,0.390625,107.29309892827814,-0.1177606336568715,0.997705476272163,0.0031947559626440405,0
9.824557769120684,0.0032668023319804202,0.390625,106.92106685692276,0.1950032858621853,0.9974509555006544,0.003298207784898754,0
9.82491181272527,0.003230112604826008,0.390625,105.66930022191558,1.203883184198882,0.9971822463349063,0.0031522950718130575,0
9.824929077938233,0.003228817305236376,0.390625,105.62946114331746,0.8509946002874736,0.9979173573264704,0.0028897508991510804,0
9.825401334973515,0.0031977190749530424,0.390625,104.5321303948226,-0.08486450678052886,0.9977069906887363,0.0026024084076564616,0
9.825521967624551,0.0031992778396597345,0.390625,104.60459977380798,0.7281622175360098,0.9976178976237817,0.0025051690106424485,0
9.82580323944835,0.003177307324999207,0.390625,103.83331147689299,-0.03566249922005227,0.9977160308011617,0.002360982130336396,0
9.826171492268646,0.003151363243498196,0.390625,103.04936687998733,-0.9875969434021196,0.9977796747619581,0.002469732111712186,0
9.826232431560003,0.0031521239084952093,0.390625,103.06395256831915,0.9721318808745613,0.9976612293341977,0.0020739335234059852,0
9.826252152022594,0.003149788189845394,0.390625,102.9907884149424,-0.24887644007564327,0.9976525057925169,0.001508622405079352,0
9.826746704842137,0.003157608488715937,0.390625,103.15476859406886,-0.40364408565316506,0.9974944635718422,0.0014924806760537221,0
9.826785853300223,0.0031582522135063314,0.390625,103.18375082291774,0.14143360246331818,0.9977279487046897,0.0019002889019826765,0
9.827197687163306,0.0031654586529752025,0.390625,103.33187499771317,0.14438001486390326,0.9978238290678311,0.0017617942617339734,0
9.82732389239715,0.003153703224480921,0.390625,102.97482670025613,0.07364227265134105,0.9979044475448846,0.0011680425348076903,0
9.827562929970131,0.003143831771234793,0.390625,102.597151157818,-0.5720762708794306,0.9984945371247964,0.0010495132931073554,0
9.827559223185721,0.00314402982870298,0.390625,102.60277101396107,-0.15336453258350957,0.9983217509512979,0.001204922618802896,0
9.82760389080904,0.0031443912032113265,0.390625,102.60405692900433,-0.9140174095118709,0.9987675608051566,0.0008930622380973058,0
9.828097282269793,0.003075576865128924,0.390625,100.45848950967964,0.25142451197461924,0.9988384772886787,0.0013614596265607813,0
9.8284508352101,0.0030721483310371276,0.390625,100.2694122618668,0.6377925579351237,0.9990204223850966,0.0010142234769503894,0
9.828811883469411,0.003052970691191369,0.390625,99.7192684236356,0.5428204854336703,0.9990315976468422,0.0006967641552910622,0
9.828872740034694,0.0030496153730880065,0.390625,99.59672732808654,-0.3121589328996682,0.9992884883660881,0.0006235576817293616,0
9.829180077520185,0.0029986897675971388,0.390625,97.98911712837932,0.551911958369601,0.9987646842600965,0.00021324806287899636,0
9.829346423648802,0.0029993472026640863,0.390625,97.97834731512114,-0.23683148034009113,0.9987536708650067,0.00025420466249994223,0
9.829312816592454,0.003003285774950401,0.390625,98.10065810362644,-0.5198136134628536,0.9988914426276757,1.2429715454149103e-05,0
9.829417267274412,0.0029927789360866403,0.390625,97.73492362956192,-0.08562101743033661,0.999187033951654,-0.00010688752415873476,0
9.829188806013375,0.002998423547332592,0.390625,97.87048509921138,-0.2630755492306586,0.99893996880064,0.00019249419593756007,0
9.829367810051306,0.002994807627888561,0.390625,97.71090181502228,-0.27042454309169744,0.9988919254171904,0.00042309441003360223,0
9.829490853534194,0.002973697366925635,0.390625,97.04763548175829,-0.2685378467855723,0.9986788028700965,0.0005687390486618124,0
9.829870906870923,0.0029143820893437213,0.390625,95.01283990472983,0.30863681604144705,0.9984659852183555,0.0007279647630352752,0
9.829789062006673,0.0029231631846003358,0.390625,95.27971027800807,0.40041650306496496,0.9987509597793104,0.001242058877196026,0
9.830214658725836,0.0028959436339947167,0.390625,94.2721859221586,-0.7320191966646235,0.9987149900438492,0.0011888309932253376,0
9.83050772563076,0.0028789203554346293,0.390625,93.7952382276375,-0.5440381588571958,0.9990094026317858,0.0009173128069401934,0
9.830790145181867,0.0028751441985325186,0.390625,93.59366666630112,0.6582457978996293,0.9988290614398474,0.0006053536669917946,0
9.831049374877951,0.0028378423105629618,0.390625,92.44299874493993,0.16714450058255656,0.9985217321169618,0.00022559713022046702,0
9.830888677455766,0.0028467460926213974,0.390625,92.77695675830819,0.2764148581930688,0.9982628216233518,0.00017119649379398262,0
9.830614495797937,0.002872143708839236,0.390625,93.53616660110485,0.049267305896743586,0.9986646324616331,0.00018648201060989788,0
9.830845392572598,0.002855263414041921,0.390625,92.91771992108188,1.0265409745928384,0.9989527161680402,0.00040833233318348993,0
9.83121457860438,0.0028396820719956556,0.390625,92.50990826087435,0.3122204540171272,0.9990205503897032,0.00016081985745914512,0
9.831498841234708,0.0028128528347037053,0.390625,91.55243833302242,-0.19541160875814967,0.9989012050662395,-1.305371809803815e-05,0
9.831516970343577,0.0028100078666534094,0.390625,91.46436805194651,-0.27939181180530187,0.9985248644065257,0.0001355286389899025,0
9.831746295742287,0.002784639343190169,0.390625,90.56631401394064,0.4285323618205439,0.9983906942804855,2.3113046986127453e-05,0
9.831369568962948,0.0028155951104950148,0.390625,91.46349042464607,0.524540428660354,0.9988747809436316,0.00021219541851619174,0
9.831437419948355,0.002809598223058552,0.390625,91.24489068459408,0.38698672626924235,0.9987035617887123,-9.130591927560992e-05,0
9.831998250716017,0.002741733390765024,0.390625,89.19465471841639,-0.6589842651349803,0.998298304178816,0.00043661344559576425,0
9.832435349326724,0.002687219066809297,0.390625,87.2748337624871,0.5470977074110124,0.9983501203962478,0.0006743322290539792,0
9.832377185120995,0.0026893184051887536,0.390625,87.32491684556655,0.633191725191864,0.99810608204789,0.0006243901327144782,0
9.83235559876821,0.002691056875435336,0.390625,87.3888519839377,0.05208687372335893,0.998035455430111,0.00047705379875208196,0
9.832307693905332,0.0026987453579269604,0.390625,87.62528124292743,0.6334402603824856,0.9979986057248997,0.00037798187715674817,0
9.8328555600453,0.0026538525303122216,0.390625,85.96619173224336,0.4248918519066744,0.9979672884580005,-0.00033958782899473253,0
9.833013975690433,0.0026435546732103687,0.390625,85.68514537805015,0.1775494171755175,0.9978520912753471,-0.0001257853897649822,0
9.833326536655276,0.002589251290114751,0.390625,83.7928858882208,-0.29474712304848555,0.9978945975287091,1.630494643054743e-05,0
9.833139908871573,0.0026058688688067764,0.390625,84.26697832796147,-0.5480551522632595,0.9978027481460668,-4.523906397127856e-06,0
9.832831019064034,0.0026553367031620576,0.390625,86.00327627086034,0.2205896973136987,0.9974250225805481,0.00021517632110720252,0
9.83266698875271,0.0026735469259733962,0.390625,86.5395204080903,0.604192403043271,0.9971847457811368,-0.00010206223358770415,0
9.832943887899301,0.0026351013138799857,0.390625,85.1736572233791,-0.11108364951360272,0.9972146337396761,4.511890372533374e-05,0
9.832867969045942,0.0026356936182564024,0.390625,85.16310437097235,-0.16930208879178585,0.9970161654412644,-0.00025721881810550416,0
9.832481179706363,0.0026561875790563055,0.390625,85.98335736524695,-0.2927539657612215,0.996967724785047,-0.000475355095714451,0
9.832749838835298,0.0026184448372690407,0.390625,84.84412299143284,0.3680343128022893,0.996489743604854,-0.0006202530023479865,0
9.83234984393478,0.002651295796212207,0.390625,86.05701211922992,-0.018819106606921803,0.9966457146528436,-0.0005807170487131336,0
9.8325226797445,0.002624801714631757,0.390625,85.24456008881187,0.5446837458342392,0.9968426758382949,-0.0004194289745243978,0
9.832392924793549,0.002629950979304639,0.390625,85.45382544659536,0.23733378114411607,0.9965327685939898,-0.00020865682734452567,0
9.832343884439458,0.002637588306236688,0.390625,85.68889532470826,0.3475736109551993,0.9961398921299026,-0.00018511962601549582,0
9.832375922537048,0.0026320494767014886,0.390625,85.49739016956576,0.10501219926421375,0.9962691877675612,-0.0003517360495983067,0
9.832745716847437,0.0026292680027105307,0.390625,85.51767884554145,-0.5174606002159029,0.9962019435668056,-0.0004923033961174637,0
9.83323696272325,0.002573376648552527,0.390625,83.53624629037266,0.7516808995727237,0.9963904452680828,-0.000310883644455356,0
9.833190315501078,0.0025762137103709035,0.390625,83.6141468532203,0.05351166345159678,0.9963620760420219,-0.0004377605707592625,0
9.833640665555935,0.002575706700256918,0.390625,83.44476263490493,-0.5184169558961003,0.9965698290645886,-0.0009926363443463016,0
9.833491215398912,0.0025891879373131305,0.390625,83.83288107957752,-0.7524928584304386,0.9966223064081526,-0.0009438375844631068,0
9.833657956606366,0.0025688639013843623,0.390625,83.1053353213401,0.7899093530819906,0.9968999761371449,-0.0008291186825120703,0
9.833803029217734,0.0025609868851126667,0.390625,82.90089106620853,-0.2502023849786686,0.9967472207866922,-0.0005528091417730324,0
9.833340789072363,0.002607336715003385,0.390625,84.58148990075452,-0.6167374457885065,0.9963877252202428,-2.5012577754223082e-05,0
9.833388756534106,0.0026063354439962816,0.390625,84.56466936545078,0.08937380996940192,0.9964372797530114,-0.00026326281362766654,0
9.833353563383962,0.002612169525271365,0.390625,84.76747565916607,1.221631441203499,0.9963027947454007,-0.00012648877122565304,0
9.833155384911581,0.0026350415233064033,0.390625,85.450367594127,-0.9073359932214468,0.9962320859069043,8.141596176787684e-05,0
9.832870537553765,0.00263504887593078,0.390625,85.5454935188738,0.5113811145541453,0.9965510004398013,0.0002067984894108588,0
9.833376460992742,0.002595427741475246,0.390625,84.40260596026516,-0.6431717793202552,0.9966408355936045,7.017914282472017e-05,0
9.833238429656953,0.002620839315771911,0.390625,85.2747825189609,-0.12783032632554145,0.9967507384316848,-0.0003668677610020343,0
9.833145049708927,0.0026416618345051,0.390625,85.93051589261653,-0.05782723393834507,0.9971244137046308,-0.00015180188069446616,0
9.832684997404096,0.002646771630583873,0.390625,86.2233717088216,-0.08258695419620683,0.9966344154279543,-0.00041008856311377194,0
9.83251398980788,0.0026571595057724383,0.390625,86.5187617320322,0.36269587256902014,0.9970145034809431,-0.0007121198962606789,0
9.832443528656015,0.002656386468353303,0.390625,86.51220452221347,-0.9550599115658164,0.9970879558509618,-0.0009829642361389498,0
9.83249752591048,0.002652981602843013,0.390625,86.41480071163559,1.7147355513989169,0.9966764769423023,-0.0008735240159307349,0
9.832435192691948,0.002658010782647707,0.390625,86.59571312828756,0.5354298793087461,0.9966985605420864,-0.0005894910587664953,0
9.832528263278506,0.0026474357240516225,0.390625,86.27277906638021,0.04495069668579769,0.9969955679767255,-0.0003036323340608317,0
9.833082494489972,0.0026031989281809368,0.390625,84.67437840264951,-0.17718510739238505,0.9969045009860782,-0.00046466090678433,0
9.832731300117516,0.0026417485927689136,0.390625,85.8328343005661,0.3296447870028108,0.9973902199809249,-0.0009459828866596023,0
9.832755206738783,0.002638973067347589,0.390625,85.73446217669249,-0.4385527100991264,0.9972778581976462,-0.0014116084779187286,0
9.832725395615542,0.0026428706675450013,0.390625,85.85286903787907,0.11266225015424425,0.9975744435710613,-0.0015591748246237913,0
9.83237226606159,0.00271957214622819,0.390625,88.4727605282549,-0.1647390906206662,0.9974914823955678,-0.0018381000346535874,0
9.832222458150301,0.0027331010981497938,0.390625,88.87187900695092,0.06431381341947902,0.9975781887842246,-0.0017618298704548503,0
9.832192893476176,0.002734154098635259,0.390625,88.91522275826495,-0.09589317140368318,0.9976059066811814,-0.001989086093607054,0
9.83265669210038,0.0026433183444510046,0.390625,86.069881893421,0.9032421520290276,0.9974726133517525,-0.0024843759700690954,0
9.832673501307148,0.0026419172696670826,0.390625,86.0194639305438,-0.5345587515342535,0.9977303607654783,-0.002557829700014524,0
9.83263035433223,0.002640673552149191,0.390625,85.96705476583217,-0.38704525952319574,0.9976114405512623,-0.0025641149547271165,0
9.832487219784982,0.002652550306435748,0.390625,86.39442734725188,-0.6319640934840814,0.9975565553890763,-0.0031172535044903596,0
9.832968078016766,0.002564219278615256,0.390625,83.61847994148374,-0.6091041187513232,0.9975809631365803,-0.002801466540933383,0
9.832645023213443,0.002569070109568267,0.390625,83.84852272797661,0.3742507669630868,0.9977739733127514,-0.0027106884163672317,0
9.832544584958384,0.0025738744236786545,0.390625,83.98458092927777,0.30927045019052457,0.9979772602305519,-0.0025089280121747817,0
9.832689272357378,0.0025515286418862594,0.390625,83.2204080297218,0.1424635220816223,0.998022923331954,-0.002393833645129257,0
9.832489964389703,0.0025904541046525083,0.390625,84.44966469049187,0.863514592806799,0.9981403951415915,-0.002533441774826719,0
9.83213605764586,0.002617222802895684,0.390625,85.4071587966366,0.39696072974281077,0.998227609540842,-0.0024647998440908833,0
9.831786234873054,0.0026473296351970464,0.390625,86.31433595792242,-0.2732049307912045,0.9985407647887146,-0.0028453915283305578,0
9.831702839439796,0.0026524027883232286,0.390625,86.5002208436559,-0.4815374744963871,0.9985672414485445,-0.003058811518683141,0
9.831809977268483,0.0026430121758253527,0.390625,86.21708181656813,-0.021417909250885714,0.997993267307769,-0.0033687547557097112,0
9.831276127601887,0.0026515831895320913,0.390625,86.60916480388688,-0.1617617865134283,0.9979447421712455,-0.0027855498214611907,0
9.831048126343273,0.0026895372287468653,0.390625,87.80762355195907,0.37818030864097335,0.9979998692697493,-0.0025698144923107383,0
9.83102696016818,0.0026904918762371472,0.390625,87.8432467576449,0.058197527168279826,0.9980229487499837,-0.002946564203143845,0
9.830970649212722,0.0026975941685514963,0.390625,88.0643600891194,0.29282089034313685,0.9976790280081121,-0.002630708497735772,0
9.830617173533325,0.002716682389293685,0.390625,88.7593081135262,-0.3470223747184112,0.9977965363209671,-0.002363328070853984,0
9.8305465701389,0.0027244763864847023,0.390625,89.00148123522058,0.1411696149443742,0.9978657293230274,-0.002447068242033707,0
9.830266965588295,0.002750472133014657,0.390625,89.90375129083233,0.6822285973248654,0.99790608953704,-0.0024558279914465545,0
9.830256185082984,0.002750824049631547,0.390625,89.91343302519482,-0.5599890138922395,0.9979949708784795,-0.002498684521921741,0
9.830115455635225,0.0027727174743200703,0.390625,90.65438583577476,-0.5226696952061806,0.998253682779761,-0.00284699161610848,0
9.830106513264896,0.0027730191749899434,0.390625,90.66281420163055,0.2012281035470854,0.9979259257624854,-0.0027554543143204517,0
9.829896572290814,0.002760247724634453,0.390625,90.27716060296974,0.36176407353074563,0.9979144177560555,-0.0027385458842978513,0
9.829717749504772,0.0027694397257378785,0.390625,90.55057300146397,0.33579123013987555,0.9987383938160421,-0.002529840958743619,0
9.829581693854491,0.0027837272329877534,0.390625,91.04008130115592,1.4254901318648383,0.9986015511175785,-0.00245743799078841,0
9.829491669102646,0.0027893543492808737,0.390625,91.2104894059591,0.4601426699058114,0.9986995175083275,-0.002614742154235827,0
9.829470724117233,0.0027898937423356846,0.390625,91.23146449758525,-0.4180019384305827,0.9986888747676609,-0.0027148631779662672,0
9.828981674059074,0.0027617787528372425,0.390625,90.22563239561164,0.08487958034553837,0.9985047998042617,-0.0033431257880278667,0
9.828855129416327,0.0027516731717218625,0.390625,89.91787632496856,0.507436620357718,0.9983719187631904,-0.0032606119512530196,0
9.828498168085051,0.002788673412437797,0.390625,91.06164378219206,-0.5370267259895627,0.9982706288418767,-0.003382209843114149,0
9.828605290126449,0.0027774889666063226,0.390625,90.6729194475796,0.2767825754126534,0.9983907584798504,-0.004061201672609666,0
9.828226517255079,0.0028232784032772985,0.390625,92.08870536015456,0.3567309590325749,0.9980970940976965,-0.004287944445325922,0
9.827953652090258,0.002827901230556081,0.390625,92.30210883062091,0.23078756287456295,0.9979010640387843,-0.0039181809361904405,0
9.827883265798574,0.0028296563566093283,0.390625,92.34411468636529,-0.21322560543679478,0.9977902246882472,-0.003889650002843698,0
9.82797350659164,0.0028189148618876416,0.390625,91.97178234580781,-0.025629760305794964,0.9973371214250867,-0.0035829806361583304,0
9.827697047203864,0.0028560432771544087,0.390625,93.122725127476,0.801994050530387,0.9979553340988231,-0.0031282587443576208,0
9.827832167082729,0.0028524793988318506,0.390625,92.97201991479729,-0.023873678854821872,0.9983757726045146,-0.0025999001832302322,0
9.827610827960006,0.0028566796258906635,0.390625,93.05149682062377,0.0867293717043746,0.9985819496128044,-0.002630620039962159,0
9.827441596495698,0.0028482078332269893,0.390625,92.81864709191498,-0.15756162926845718,0.9985068033022747,-0.0029865038208999072,0
9.827211308361953,0.002846111945935808,0.390625,92.68860765193998,-0.20686708201901638,0.9991081658709766,-0.00287633265461571,0
9.827020307407548,0.002850177223310887,0.390625,92.87295769156013,0.2333922912766866,0.9988791776120093,-0.0032007300908584394,0
9.826703372384982,0.002906854415908272,0.390625,94.64399116728146,0.05871873017288939,0.999030991057367,-0.002622391298198767,0
9.825936206689194,0.002900310887301767,0.390625,94.62682318722871,-0.30666875868215965,0.999039936776253,-0.002449153740056069,0
9.825826642422573,0.0028993525885436986,0.390625,94.56961187939153,-0.43919417118134635,0.9991086100572816,-0.0022258654193406647,0
9.825619935398189,0.0028920896388701886,0.390625,94.3796550052743,-1.1488348938716324,0.9993409831139289,-0.00191539304180547,0
9.825040183314295,0.0029257612892164948,0.390625,95.3411955245508,-0.05263591461819791,0.9990850206332516,-0.0016124350613286225,0
9.824697465480748,0.0029072697848397436,0.390625,94.82175944162304,0.342140000329285,0.9988635382532275,-0.001985656390259275,0
9.824457602828573,0.0029036930437192346,0.390625,94.64482979143274,0.531373864797691,0.9986488637678095,-0.0022107028333206154,0
9.824295872565585,0.0029093938664003943,0.390625,94.87232006009675,-0.06524991565796275,0.9988557471663864,-0.0018660564388940793,0
9.82378540555601,0.0029105818083908787,0.390625,94.77699747818608,-0.24139659637027458,0.9984141213268106,-0.0022499806620649068,0
9.82350992291257,0.0029215008266374794,0.390625,95.20936298245167,-0.12079800802287839,0.9978484849831937,-0.0023903664583484903,0
9.822947297734054,0.0029077739581535706,0.390625,94.6019686917852,0.5555436819304305,0.9980269877501967,-0.0019866953478655932,0
9.822811514499637,0.0028930965589255785,0.390625,94.16095195460075,-0.994828014572704,0.997806859553305,-0.0019500383261184628,0
9.822696250614783,0.00289668727523161,0.390625,94.24479227037679,0.06260554151594988,0.9971744192004163,-0.0018869565009584776,0
9.822926768243635,0.00288658556313538,0.390625,93.8435298958021,0.3288462989075924,0.9973724185043324,-0.0018219975971500147,0
9.823235319863583,0.0028637343825739397,0.390625,93.18798350828781,-0.0036418772288016044,0.9970566514054736,-0.0016662219722673568,0
9.823020763132918,0.0028599862463697303,0.390625,93.12632363536414,0.2705418436065277,0.9968304651610477,-0.0022168014409173482,0
9.822898204945268,0.0028709707549326212,0.390625,93.45169846076297,-0.21542216792416488,0.9962408974586335,-0.002225321171157836,0
9.823245429603848,0.002886855288641305,0.390625,93.86892864963416,-0.17015280356038906,0.995993930680834,-0.003206654109260969,0
9.822900738760783,0.0029049237172351573,0.390625,94.35065926522734,-0.5966025510145604,0.9962624115505373,-0.003160252181788398,0
9.82256538660564,0.002884472499493768,0.390625,93.78796271891798,-0.34135790334645816,0.9964107013995624,-0.0027710293558483347,0
9.822443680509444,0.0028949109551331506,0.390625,94.09186666291835,0.31503778367550694,0.9963009165723402,-0.00250389344987106,0
9.822334937758749,0.002897040098204791,0.390625,94.19576120065017,0.3642217246476018,0.9961181731377743,-0.002314893333256285,0
9.822398326663112,0.00289855807642599,0.390625,94.26503813482483,0.5697338289392064,0.9958940157463314,-0.0024821947097542563,0
9.822343527377985,0.002895869325324918,0.390625,94.19360950201336,0.24289404054313005,0.995554835028621,-0.0026300760856415688,0
9.822000029175877,0.0028656151440388886,0.390625,93.09445856692086,-0.5599389620389653,0.9958813928768063,-0.0024665151359015572,0
9.821438805616049,0.0028694926393614336,0.390625,93.39361151416992,-0.25803563068499596,0.9961021865457445,-0.0024575035546552135,0
9.821016212939664,0.0028438330579864746,0.390625,92.42513303103799,-0.3815308907772608,0.9958873455342494,-0.0026629859241802927,0
9.820824878158259,0.002864196946377992,0.390625,93.15166910434971,-0.2792093837209298,0.9961962950191706,-0.002563546834401005,0
9.820440900062287,0.002873413032574725,0.390625,93.33232836026905,-0.450839948264426,0.9959267750221917,-0.002562285948040484,0
9.820200472957703,0.0029017655447289327,0.390625,94.33848711581474,-0.5745191761028158,0.9958631898584832,-0.0030092330824192754,0
9.819815853385148,0.0029137608568989256,0.390625,94.60638685543525,0.33029960745504167,0.9958573288752262,-0.0030918381729824473,0
9.819556807679835,0.0028938566826079808,0.390625,94.03953127857419,-0.5056197275589511,0.9957636763751767,-0.0028453395887901765,0
9.819695132666943,0.0029001219759122528,0.390625,94.28861408103144,-0.0720119459789809,0.9958146426701039,-0.0030002165716182423,0
9.819143297096424,0.002915285447348916,0.390625,94.94767404272235,-0.08779556629572956,0.9956389298869626,-0.0025872693372903694,0
9.818904954406724,0.00291969436639615,0.390625,95.02454546344276,0.10345751002265995,0.9957028369159948,-0.003045775101884769,0
9.818748088628876,0.002925314076996408,0.390625,95.25360206382253,-0.4658943248153567,0.9953659667466548,-0.002695989068392092,0
9.818641827666672,0.002922500526407831,0.390625,95.13116183577681,0.7583190158875368,0.9954762884852503,-0.0026256850741795787,0
9.818575689410592,0.0029265969114492664,0.390625,95.28430453081307,0.5294192962816547,0.9955923888592679,-0.002995173105970641,0
9.817956057754408,0.0029755992506874302,0.390625,96.70159024731538,-0.10537390444733319,0.995241920194117,-0.002611788900743004,0
9.817700093291796,0.002968129758034214,0.390625,96.53771603047431,-0.6804535904630029,0.9950732816581654,-0.0031313073916397665,0
9.817736668453893,0.0029729876147695394,0.390625,96.70810561659992,0.9972052463902704,0.9950716655877977,-0.0034781736776297112,0
9.817734620765673,0.0029729524159786322,0.390625,96.70757708232894,0.26090925764583517,0.9949805378672044,-0.0036475716701804568,0
9.817393448747023,0.002950435906758144,0.390625,95.86185494349365,-0.43260195345040603,0.995047040080802,-0.004065840017386251,0
9.81741463415109,0.0029510696549926037,0.390625,95.87566982949326,-0.14870007413871159,0.9949711605369209,-0.0036838493500342385,0
9.81711043778336,0.002964131270613686,0.390625,96.20061051260535,0.0702616908577814,0.9948337162783039,-0.0037221541560770554,0
9.817287846469366,0.0029821982467787365,0.390625,96.72972304201555,-0.0018885442974957793,0.9948803603063964,-0.003747867524964208,0
9.817068561738528,0.0029745198503277185,0.390625,96.39751220885488,-0.18869645172526361,0.9950149815998747,-0.0037139977688216866,0
9.816543957555346,0.0029272986942857075,0.390625,95.03775595479779,0.20229921347587757,0.9955466845727471,-0.00431219071540147,0
9.816280704845639,0.0029192114134585553,0.390625,94.68087321057278,-1.2495979169907514,0.9956195862741781,-0.004426312053002715,0
9.816189110479216,0.0029081786151858536,0.390625,94.351833348201,-0.08684048487096636,0.9954526867881407,-0.004269699516505243,0
9.816076981804352,0.002896748312636479,0.390625,93.93744462254392,0.054824931789577626,0.9955738878873075,-0.004284029303364144,0
9.81605204402494,0.0028947053798291027,0.390625,93.8794337211418,-0.03663601765098671,0.9955411520773488,-0.004491261613375373,0
9.815486903062123,0.0028919228838959143,0.390625,93.57583757057553,-0.594512505963697,0.9958153876046688,-0.004414188863765535,0
9.815348357301755,0.002889350484576874,0.390625,93.54555701887514,0.1347845641891278,0.9961766979633991,-0.004791014211341483,0
9.814646561056387,0.002859274313912091,0.390625,92.27347421826649,0.44245518941776635,0.9961811402376554,-0.0048925433575913325,0
9.814453602024404,0.002845547178873148,0.390625,91.90566689148348,0.5445520855694971,0.9964070379221721,-0.004904760638389779,0
9.81434324202519,0.0028305291305402757,0.390625,91.36695356103978,0.06668605569575448,0.9962786098491114,-0.005169815231422176,0
9.814469761980218,0.0028397195287659647,0.390625,91.61369665444239,0.058851068208847813,0.9958293018321226,-0.0051457259894339665,0
9.814096095993145,0.002831982912288774,0.390625,91.19336972611121,-0.7194682840248182,0.9959502058471963,-0.0056312954732410814,0
9.81414822750876,0.0028334332638848595,0.390625,91.2168947187238,0.2834040357338381,0.9959902660109436,-0.00567699354306098,0
9.813991792358596,0.00284655547183115,0.390625,91.57379502372248,0.5701624832169424,0.9963159214710502,-0.005293955706608104,0
9.813695195567464,0.002821103565827605,0.390625,90.8769980024496,0.699228217235941,0.9965160653002425,-0.0048603530112361,0
9.813430404623176,0.00279816467790632,0.390625,90.00311541665464,1.1940713482169183,0.9958201824202152,-0.0047900525006292485,0
9.813571759544127,0.0028101115428407434,0.390625,90.3274630340273,-0.33159937560170266,0.9960162606254896,-0.004977750114438231,0
9.813274172668649,0.0027833063100333845,0.390625,89.30350952313113,-0.7085838740458712,0.9960253738976242,-0.004867196697231523,0
9.813288795184206,0.0027858674155499764,0.390625,89.38012790901938,-0.28346882531817147,0.9958949733042134,-0.004616089597145318,0
9.812794514986152,0.0027248201120209886,0.390625,87.12459533514011,0.04068998985288393,0.9956541725339851,-0.00422348537016549,0
9.812867046680699,0.0027358917195136833,0.390625,87.44860365029767,-0.2841920905545218,0.9955728618105859,-0.004474677866027121,0
9.812436620221222,0.002724711611661877,0.390625,86.84499071099901,0.36560943830287823,0.9955804745674052,-0.004348238434728252,0
9.812410812783424,0.002721588620372072,0.390625,86.75722448702615,-0.07330380944404169,0.996062420691757,-0.00420490655403943,0
9.81230559968304,0.0027167757150946743,0.390625,86.53985005349439,-0.048864011354453396,0.9963986549109974,-0.0043333203748662785,0
9.812111029874421,0.0026845457643678936,0.390625,85.59350764681244,-0.18562488526125284,0.9964398414060441,-0.004364871698976786,0
9.812025098475795,0.0026693408486891954,0.390625,85.04709976503676,-0.037118045561025305,0.9966929223255097,-0.0042446146889923006,0
9.811811618897384,0.0026683993510290037,0.390625,85.13503333962053,-0.3973434804114125,0.9966671685539729,-0.004036871008480904,0
9.811675429518136,0.00266123255491994,0.390625,84.82475802199205,0.30832675760514877,0.9968759731403022,-0.004263528149584876,0
9.811264671012534,0.0026467458807982827,0.390625,84.57387750471518,0.24795800701758708,0.9968327267983558,-0.0037205460433966248,0
9.810961975236722,0.0026042438714135494,0.390625,83.01730714993329,-0.03131985664731474,0.9970627076967347,-0.0035702493354001705,0
9.810656343663199,0.002565348019353891,0.390625,81.90819227465491,-1.1386634391213495,0.9971642644356862,-0.0031080806413047142,0
9.810683645911165,0.00256770909610024,0.390625,82.00003964080145,0.5890599199616796,0.9982537498792474,-0.003415044699441531,0
9.81041233527357,0.0025606209459946255,0.390625,81.90900854472791,0.06668658517446602,0.9986406356243553,-0.003574234778637588,0
9.810230460696982,0.0025578085410717603,0.390625,81.7227080791871,-1.1568300995871443,0.9989846105965052,-0.0035789103203924763,0
9.809713316640664,0.002514131834880428,0.390625,80.55351720321313,-0.2523646385561733,0.998868126975175,-0.003134196027665584,0
9.809849530383646,0.002522151897991853,0.390625,80.88241414381827,0.054107360823157556,0.9989820018824045,-0.002738849135945413,0
9.809787870222122,0.0025132708213338522,0.390625,80.62091881827688,-0.28517281776900444,0.9995387423490892,-0.002892195342204841,0
9.809519168400028,0.002510882257882319,0.390625,80.4121864435544,0.09401772313988961,0.999996393735226,-0.0022950490582460824,0
9.809286049680843,0.002492853326668178,0.390625,79.93487335265286,-0.20852607633787557,1.0000064926061702,-0.0024705124350030447,0
9.809367330128238,0.0025085215771155243,0.390625,80.48701242325279,-0.3822801024337726,0.9998397582403177,-0.0029262395290278057,0
9.808771689736695,0.002364866955462092,0.390625,76.05028754957813,-0.4440664960711729,0.9999497927955263,-0.0032204484358694025,0
9.808616206188828,0.0023493278512904774,0.390625,75.47272152010319,0.20655173361471194,1.000113410006752,-0.0031310733296674663,0
9.808355845081318,0.002335235721260671,0.390625,75.12456097898146,-0.496504196972334,1.0002113345274626,-0.0029383197417866646,0
9.808045466789698,0.002353339418235845,0.390625,75.58183850189144,-0.4438800232213301,1.0005070967015692,-0.003054073626487277,0
9.807917936694585,0.0023459723541044693,0.390625,75.39705630883738,0.17352364040076887,0.9999977207495254,-0.0036088801744019665,0
9.807787884720927,0.002334595905783337,0.390625,74.96652065627718,0.1353387697939373,1.0002539826808023,-0.0037514528203663987,0
9.80767134115758,0.002323450343212583,0.390625,74.65310796196923,0.6731180359286858,1.0000759239585462,-0.003636893212535814,0
9.807701778626239,0.002329232341578723,0.390625,74.85595573217132,-1.1907378495088778,1.0000950882103252,-0.0035858000032454687,0
9.8077520000638,0.0023377083135949005,0.390625,75.11158163642175,-0.4196856994155193,0.9997514299676812,-0.0031425812914157828,0
9.80734582956078,0.002282942148433618,0.390625,73.13207458387889,0.2005271490876718,0.9998072633897774,-0.003498145911789045,0
9.807529986579501,0.0022885776982426186,0.390625,73.22933131837222,0.19734544832560155,0.9996751039013574,-0.003527362972188988,0
9.807430998795876,0.0022768746238272675,0.390625,72.7979426344162,-0.08764183945822879,0.9997857154713673,-0.003313993903019917,0
9.807558077223653,0.00228629809533478,0.390625,73.04429356992424,-0.22999938191424008,0.9993984231568006,-0.003553915908785804,0
9.807459428917024,0.002291964554356072,0.390625,73.18077361374144,0.04049724974659815,0.9991355299409799,-0.0031823168686666375,0
9.807180862446968,0.0022704285112351516,0.390625,72.61236661751354,0.6186210752578821,0.9989260202552994,-0.003133559282099732,0
9.806942243526525,0.0022480138332236005,0.390625,71.76059610872726,-0.1465865721377971,0.9991511650500775,-0.0027894735574123266,0
9.807052801422362,0.002253108381375008,0.390625,71.87192769092269,0.7423862970863411,0.9994587400778917,-0.0029798245724320586,0
9.806906868210891,0.002243096215045094,0.390625,71.46922344015537,-0.5631428151803751,0.9994370554316017,-0.0030253501505146923,0
9.806953486184712,0.002251838544982465,0.390625,71.73155902740777,0.23006448427622672,0.9995186240974825,-0.00356221721723665,0
9.806760166343746,0.002231753208408218,0.390625,70.97180543484498,0.17710942488217066,0.9997615952310857,-0.0035576382022644926,0
9.80668392907021,0.002223130840880542,0.390625,70.7296259113618,-0.11834862992691342,0.9992735381487008,-0.003402703545644182,0
9.806532092318097,0.002206633061334215,0.390625,70.10827173684136,-0.48200359547990956,0.9995430702653916,-0.0032386477959376082,0
9.80655121659524,0.00220764883473821,0.390625,70.13127814752092,-0.5989153502620562,0.9995474190783493,-0.0033935415281049416,0
9.806702801556073,0.00222945842981175,0.390625,70.92674721357255,0.22304738286038628,1.0001413386332698,-0.0029248524250563785,0
9.806516478670378,0.0022016139930750686,0.390625,70.11160921071877,0.30655376901995623,1.0004853282020763,-0.0029096075900820785,0
9.8067067111412,0.002246363757073606,0.390625,71.67493167591263,-0.022743545025150524,1.0006267751972793,-0.002741832578281008,0
9.80662517530137,0.002242454310618726,0.390625,71.58765995410407,-0.2841341838793596,1.0005463397181047,-0.0028592868618018395,0
9.806750053821174,0.0022474999921409107,0.390625,71.8146911598755,-0.32544947016746545,1.0002129819951207,-0.0031541718733086965,0
9.806572086543863,0.002233240399070284,0.390625,71.43358872743728,-0.3042907105542933,0.9996921109838932,-0.0029869632624229757,0
9.806753403173156,0.0022434634812819264,0.390625,71.85422141331733,0.08534838058888757,0.9994421101786636,-0.0032792317831659757,0
9.806662452291588,0.0022305647206380744,0.390625,71.47370294598294,-0.025131511668102274,0.9995853360592989,-0.00317743829944027,0
9.806729134504511,0.0022336179325053514,0.390625,71.60430778210004,0.9458023171294675,0.9994840148414543,-0.0032151930395577974,0
9.806985981618077,0.0022659928412849645,0.390625,72.54586785315905,0.6401703471625902,0.9999489304223607,-0.003454438642238742,0
9.806941053207575,0.0022654996066467153,0.390625,72.50839281058019,-0.9076032536868297,0.9995671109829338,-0.003604951005875087,0
9.806615423346669,0.00221975544426769,0.390625,71.16092227214399,-0.4537087810167577,0.9998034264464541,-0.003471436191780333,0
9.806496936172781,0.00220783894688883,0.390625,70.7161297178807,-0.2026831633884285,0.9998424295641152,-0.0039351468042736,0
9.806627775413114,0.0022083055232720384,0.390625,70.6703747729076,-0.16309140363470456,0.9997589796841148,-0.00403939013182424,0
9.806617394229765,0.0022077690726257687,0.390625,70.64790492465659,0.37170423556744936,0.9997359735023496,-0.004105532428673358,0
9.806991196076375,0.0022520866064630867,0.390625,71.91926717138713,0.5412222516594435,0.9998108211181244,-0.004080320714385336,0
9.807305041910777,0.0022662992449104125,0.390625,72.53743319023164,0.028395344104258886,0.9995730698082107,-0.003617473276905804,0
9.807457952885311,0.002286141004668759,0.390625,73.1141399567542,-0.2921119873875189,0.99975906840588,-0.003784861571468849,0
9.807403990478225,0.0022825767594148866,0.390625,72.97105404351021,0.5407990002325581,0.9995823763188513,-0.0034080026253444683,0
9.80754595711994,0.0022920335808054248,0.390625,73.210851671149,-0.09954065246832518,0.9994830315701336,-0.003337242557337863,0
9.807720317179152,0.002310370249597737,0.390625,73.89759744229251,-0.9683021471161434,0.999613354757598,-0.0035300836888274693,0
9.807924345215008,0.0023342564723788065,0.390625,74.57959858166969,-0.07100733659778295,0.9999186492631114,-0.003300122855243312,0
9.808441250729459,0.0023627141190867254,0.390625,75.76192954166864,0.3140457116399678,0.999532861560945,-0.0026655636672957158,0
9.8082377769087,0.0023369443790818207,0.390625,75.01104659698103,0.005522036449595665,0.9994421167573753,-0.0024752526011569197,0
9.808499058147314,0.002370949843946338,0.390625,76.24147340569003,-0.1782262908818666,0.9994893124904387,-0.00297166295206128,0
9.808154251924774,0.0023461280299879473,0.390625,75.57452564462898,-0.127660501878078,0.999738677515472,-0.003559259870788399,0
9.808680641712105,0.0024048761194357007,0.390625,77.7080744164486,-1.2774319962057537,0.9999526265341361,-0.003275244807736707,0
9.808705800770754,0.0024064822248843314,0.390625,77.7511515525891,-0.6911447591240479,1.0000893459225104,-0.0033176371527565435,0
9.808843434897984,0.0024090184425669433,0.390625,77.88600436355438,0.31615005682275904,0.9998956981361802,-0.0035676720457433536,0
9.808704883662877,0.0024060159137686333,0.390625,77.83845443857211,0.11766358283542407,0.9996114689810938,-0.0032076392814624544,0
9.809058605691447,0.002446809489388951,0.390625,79.2992594721501,-0.2796797370368343,0.9996052834164315,-0.003528005806378642,0
9.809016675194181,0.002442257899911538,0.390625,79.16427805034645,-0.8730524631343238,0.9998249369288349,-0.0032758230336405185,0
9.80912255274787,0.002453432210948474,0.390625,79.56569288153865,1.0453955191915156,1.0001672774365584,-0.0029749228067640267,0
9.809415334896842,0.0024752571843995024,0.390625,80.18157014878491,0.1415174844902746,1.000036021420392,-0.0030464487295008363,0
9.80984319832268,0.002501487959276733,0.390625,81.18429631136232,0.1724221292170114,1.0003083379245792,-0.0029045972760038826,0
9.80986384973957,0.0025033598664045424,0.390625,81.23899896849838,0.08242770149809076,0.9999542917804736,-0.0026197336476473576,0
9.81018691599584,0.0025019109880739074,0.390625,81.29213275531778,0.06536985633889951,1.00026084499469,-0.0024621359709027487,0
9.810682160559338,0.002546875036453692,0.390625,82.60848943941149,0.24171598771257172,1.000258399179938,-0.0026023719986010773,0
9.810830264515385,0.0025456628197234425,0.390625,82.61741096043453,-0.24035321201517945,1.0004227438063193,-0.0027449657715003656,0
9.810878327384842,0.0025492568140701344,0.390625,82.719550698502,-0.5655510355960965,1.0006522985057946,-0.0031772572205879825,0
9.811163229181998,0.0025406196209975455,0.390625,82.5269556418149,0.20700119521279703,1.0010297977608962,-0.003169402824247172,0
9.811418431338183,0.0025516786983362516,0.390625,82.8085860986983,0.19999819549411768,1.0011777576734038,-0.0031650201854292455,0
9.811806837567222,0.0025546402573350707,0.390625,83.02683817103319,0.6097172741465329,1.0010783477590406,-0.0034093377039540575,0
9.811921170032026,0.002567278725795801,0.390625,83.40632323078661,-0.6332546080787628,1.0008362608876504,-0.0032478619446470276,0
9.811871060413072,0.0025652221991698887,0.390625,83.32347755889715,-0.005221954204898793,1.0012130358066131,-0.0027047974144920233,0
9.81201963580918,0.002585186445463259,0.390625,83.930867350817,-1.2735661162684362,1.0011037905863323,-0.002581867376963754,0
9.812330234499651,0.0025974459614195736,0.390625,84.42877125765855,-0.2945366109767444,1.0006234456467311,-0.002157724112955051,0
9.812694327309652,0.0026096705906645695,0.390625,84.71595990943318,-0.023901182807700632,1.0004047910726461,-0.0020886050608121924,0
9.813248057078942,0.0026176966202144845,0.390625,85.14796185132796,-0.16429589244459444,1.0003864133734437,-0.0019618629867657407,0
9.813425954058202,0.0026294964450042347,0.390625,85.48251305856539,0.32823522560526425,0.9999494157195947,-0.0022146519464261417,0
9.813358911174749,0.0026247753407835834,0.390625,85.30763717224421,-0.7970803185744444,1.0000635785095222,-0.0018198443975857854,0
9.813293632031018,0.0026249229510356487,0.390625,85.33212183117433,0.5758051281712445,1.000033246134742,-0.0016917391919378244,0
9.81364043593456,0.002615412344813027,0.390625,85.1201766476711,-0.423035958398638,1.0001115011890322,-0.0021935160509889673,0
9.81397740982427,0.0026389990509748653,0.390625,85.79630192559917,0.2500876900667208,0.9999131976470331,-0.0025741023906123363,0
9.8146264715643,0.002653316959558528,0.390625,86.44521518344025,0.007834631271786444,0.9992415808748469,-0.0029373935108782693,0
9.81491729953114,0.002663990877080014,0.390625,86.71785332434715,0.25281194829343195,0.9991248602466861,-0.002846511724842609,0
9.815090131256015,0.002681315210133861,0.390625,87.33203864024748,-0.4553601465522661,0.9994546829568632,-0.003540656761634535,0
9.81523920969407,0.0026901774745586356,0.390625,87.58244277141641,0.5706913356201161,0.9993156821524014,-0.0038211428953691057,0
9.815602388717265,0.0027177650706766802,0.390625,88.58131833218349,0.1707950939441313,0.9994482528228954,-0.003785255233598194,0
9.815942360688565,0.0027293782193225395,0.390625,88.8732944491608,-0.409596249062209,0.9999682158852005,-0.0032789012943126076,0
9.816682027647767,0.0027653520534920415,0.390625,90.23508254613289,0.5703951394364898,1.000463774396902,-0.003324045448626242,0
9.816653505506174,0.0027629893206310026,0.390625,90.16399908376513,-0.3380801123967103,1.0006300502024466,-0.003012329707788997,0
9.81692748200578,0.002784352811808414,0.390625,90.92220891813989,-0.6529958833440711,1.0011242217749183,-0.0031578605380681753,0
9.817432399689528,0.0028184439614684907,0.390625,91.92828214423287,1.0855137383866047,1.0010140684270619,-0.0033438821513724804,0
9.818012537726057,0.0028432267868217067,0.390625,92.86650148188923,-0.27839312826714985,1.001035932346119,-0.004021428053457146,0
9.818729554947867,0.0028242704751058464,0.390625,92.08622856746379,-0.8491686802505379,1.0013474220691438,-0.004153726366049798,0
9.818945875825149,0.0028091694470978004,0.390625,91.6429507435702,0.3290643298023497,1.0011398580154829,-0.003510879799285772,0
9.819089478618707,0.0028086496974252615,0.390625,91.5920389661401,0.18428608263032706,1.0008278277947678,-0.003769455987063853,0
9.819095034589843,0.0028086597683847294,0.390625,91.59370494012865,-0.13568419396566847,1.0012483833424612,-0.0038967968610348906,0
9.819282129052082,0.0027942282900969965,0.390625,91.07471323963526,0.2855098853118155,1.0012614067135723,-0.0040704740507252705,0
9.81947733652607,0.0027951527522178834,0.390625,91.1530542260698,0.7160754966425884,1.0016882085923904,-0.0038790370280405956,0
9.820112984501472,0.002797509801351384,0.390625,91.06465823053404,0.1452446306696705,1.0017558275936864,-0.0036681768058292362,0
9.820500627226593,0.0028031116078487987,0.390625,91.35237712494767,-0.011901997154685281,1.0014789252982288,-0.0035584794415954323,0
9.820700456680136,0.002803505084030061,0.390625,91.31280654318934,-0.5422192950318276,1.0018022122509052,-0.004040343556563058,0
9.821315427725313,0.002810800868836135,0.390625,91.70496605997926,-0.5276192275790285,1.0019099749965963,-0.003871011529549398,0
9.821827189505203,0.0028046123182418775,0.390625,91.37651212527872,-0.016842195866047405,1.001431154274679,-0.003927677033903437,0
9.821660655739676,0.002793596640076309,0.390625,90.97095513981976,0.25488542884704657,1.001634740330121,-0.004126164117000608,0
9.82196558956071,0.002827872339746765,0.390625,92.00773362750944,0.7718935757936075,1.001189791425683,-0.004090287745192055,0
9.822181199411293,0.00282888902617111,0.390625,92.10274754115174,-0.40444147215991205,1.001055477820477,-0.004257015822794669,0
9.822004398764918,0.0028127032420401207,0.390625,91.62069182613499,0.32876759168599773,1.0004172825558395,-0.0038720253264484263,0
9.822215063422913,0.0028018282600777993,0.390625,91.31924089970154,0.9287335820178365,1.0003517864195082,-0.003940527680909091,0
9.822386963578493,0.002799653660004355,0.390625,91.2034037391259,-0.183169297214287,1.000111331037408,-0.003481912260395113,0
9.82243257036058,0.00280043619561469,0.390625,91.24106207584101,0.14952924505147772,1.0001895688797562,-0.0034817495068817195,0
9.822767797859868,0.0027632782475832994,0.390625,89.9319652351419,-0.8204782326429267,1.00017299957251,-0.0035221445635972223,0
9.822986847372269,0.0027782737820574244,0.390625,90.4839655487936,0.6593318075222973,1.0002388065680974,-0.0033450796862103914,0
9.823516549223294,0.0027682412005357155,0.390625,90.003219518519,0.1879162096483924,0.9999267530097109,-0.0030460935942871483,0
9.823942698378893,0.002752047141748343,0.390625,89.59630248026068,-0.6000990676232808,0.9997992867383496,-0.0032400702643404656,0
9.824124823197964,0.002750523780274281,0.390625,89.49496241489626,0.5660420518712878,0.9995123803971919,-0.002923776496956038,0
9.824125656197733,0.002750581600188082,0.390625,89.49709720204346,0.5155726909166939,0.999381563734264,-0.0027822023209557447,0
9.824585830580878,0.002712052112547169,0.390625,88.09497358511928,0.03142024484138043,0.9994533941415698,-0.002995915864549883,0
9.825084333102954,0.002660924521900846,0.390625,86.5702144366073,-0.32585179032806383,0.9991669732046212,-0.0028453421824923357,0
9.825303349057027,0.002648359591891394,0.390625,86.09433134344074,-0.6425252351594585,0.9991077772131102,-0.0027633030270028734,0
9.825532825568216,0.0026411507582840598,0.390625,85.92525326151373,0.775850410888476,0.9992059903458042,-0.0027299550529737674,0
9.825633819273133,0.0026444409637707885,0.390625,86.00394284708831,-0.09551797230718269,0.9991739831402845,-0.002572175715277117,0
9.82551208528509,0.002652548657338643,0.390625,86.23362248619448,0.5514244272975096,0.9993221590612479,-0.0027958181746375785,0
9.82579635241477,0.002649636961607644,0.390625,86.05038052275178,-0.34375506857516785,0.998986614032166,-0.0029909764985356696,0
9.825914643831133,0.002644164453515052,0.390625,85.90824985239169,0.3008721718373029,0.9993100864043134,-0.0033279828923131467,0
9.825930232341369,0.002645408778747766,0.390625,85.94417511718437,0.6987174551007532,0.9991673704599205,-0.0034073766832162125,0
9.826156703819848,0.002616427332113596,0.390625,85.06338974616467,0.9890197676710765,0.9988966580460088,-0.0032974770940265665,0
9.82641807507672,0.0026085454879317214,0.390625,84.72532553798352,0.4847079065621074,0.9992947351188646,-0.003165472733866077,0
9.826700638225775,0.0025933784182088195,0.390625,84.31439622205114,0.2793054304238467,0.9990786990566104,-0.0031951821131240795,0
9.827351867149034,0.002508818731691757,0.390625,81.33732104286163,-0.2982936410007824,0.9994089797872946,-0.003393462836224446,0
9.827426121845662,0.0025014056217943087,0.390625,81.1193262261736,-0.36237501890354906,0.9992319210331598,-0.0030142912788479323,0
9.827806347972057,0.0025254873827618234,0.390625,81.77703107588552,-0.1591724515989578,0.9990738522791848,-0.0030628911294213424,0
9.827921286927463,0.002521053849319609,0.390625,81.67247515498214,0.37118588198306196,0.9994512919206953,-0.002493630362870548,0
9.828101991479231,0.0025168106908874718,0.390625,81.46902350615719,-0.024223540610061416,0.9992779986401374,-0.0027815763265599796,0
9.828168197408997,0.0025197079879971094,0.390625,81.58780952749568,-0.06217609838131466,0.9992208532481804,-0.002946969738091188,0
9.828210185361584,0.0025155037136782746,0.390625,81.43495311795076,0.4598348192424358,0.9987630255088414,-0.0029425565451725454,0
9.828076822874683,0.002526915185830198,0.390625,81.76018658976703,-0.09456796955904186,0.9989545431679234,-0.003110472524958269,0
9.828172988203448,0.0025207860001155067,0.390625,81.52350714495839,-0.7631617913405838,0.9988997915722146,-0.0029864509217244237,0
9.828334581992792,0.002516989248420129,0.390625,81.45897048754749,0.26791285117117997,0.9987164702068869,-0.0028577124639949944,0
9.828696707438587,0.0025110159384646807,0.390625,81.12667929146916,0.07422883822800941,0.9986480689120063,-0.0030176466363122335,0
9.82894548297295,0.0024674547576023446,0.390625,79.79400397086677,-0.0028207534948402704,0.9985244584787193,-0.003024458009984107,0
9.829207763829132,0.0024431619980144364,0.390625,78.89798227133876,-0.6552631461551451,0.9981781824173808,-0.0031155539214129968,0
9.829420839353302,0.0024184928156158005,0.390625,78.17120270665927,0.04668608551704286,0.9983026770773107,-0.0027135907671855196,0
9.829453232027122,0.0024162488387702167,0.390625,78.08546167823995,-0.45717341938143363,0.9983095741007976,-0.002721169834115913,0
9.829655238233785,0.002415419681922266,0.390625,78.13331523169947,-0.14396901155487285,0.9987258264341728,-0.0024532420867234375,0
9.82987682936448,0.0023949359628265346,0.390625,77.37966547918433,-0.12857344517154465,0.9987814007313174,-0.0025084547248813305,0
9.830435946020085,0.002350381552728775,0.390625,76.12153264617135,-0.7361986931767509,0.9985524438090374,-0.002713391067491801,0
9.830473297975761,0.0023488952025711427,0.390625,76.05998348598645,0.6038299347140613,0.9987035525761137,-0.0024835939977561625,0
9.83084251719246,0.002332154807607862,0.390625,75.63438470156964,0.6270241989647426,0.9988732958156115,-0.002229564100847948,0
9.831079087075807,0.0023122206778490692,0.390625,74.9034333471155,0.9855019565353965,0.9988977734957314,-0.0023860604306667845,0
9.831313019571223,0.002295890466446912,0.390625,74.44522819751633,-0.6616436911693503,0.9990918269388289,-0.0021089087101578167,0
9.831628435054544,0.0022687856847958907,0.390625,73.45252652030774,-0.049247792228319064,0.9996543520049304,-0.002059991488466146,0
9.831454355953536,0.002283151997042464,0.390625,73.86279790702432,0.31528161135550664,0.9994912665840789,-0.0027438118759491614,0
9.831647184551416,0.00225519888007957,0.390625,72.87751336289537,0.16103207329433644,0.9993564498334133,-0.0024346665428660623,0
9.831581715686202,0.0022588516853541294,0.390625,72.97312003026094,1.291565476298274,0.999083950224501,-0.002865634860010392,0
9.831208659213381,0.0022928748485194603,0.390625,74.22149248924647,-0.11418663220926344,0.9991894426620311,-0.0025878534973894736,0
9.831002345921247,0.0023243570955173245,0.390625,75.18039904625974,0.3509038393919279,0.9991759232698316,-0.002268026840815756,0
9.83105192865865,0.002317916093300918,0.390625,74.95145183007234,-0.29856919632705586,0.9996920061949982,-0.0020621496962408316,0
9.831259103005342,0.002310508844633559,0.390625,74.78240560755856,0.18973323980996307,0.9997162433881193,-0.0020169923148568034,0
9.83133527979537,0.00230934749161047,0.390625,74.71758770125177,0.8046299521435382,0.9998887092736496,-0.0016706509478832511,0
9.831358965021751,0.002307786960565743,0.390625,74.67481413435029,-0.5579108815339472,0.9997676020504412,-0.001326342581466077,0
9.831420765988025,0.0023113924614217574,0.390625,74.77106357121772,-0.38319541951326147,0.9998278208045757,-0.0015498259109382184,0
9.831300494017816,0.0023391985045430317,0.390625,75.63888297979777,-0.007480891063702681,0.9996815755925464,-0.0011870572210595696,0
9.831362622664857,0.0023350582559880932,0.390625,75.48046159840374,0.6698736279795412,0.9993621558556685,-0.0009552318393960853,0
9.831564622577597,0.0023002661510523725,0.390625,74.41344761843595,-0.43760558044717374,0.9993003048636785,-0.0006982172016922711,0
9.83164520860159,0.0022943676632534472,0.390625,74.19134246740285,0.3999773822639933,0.9992852562031396,-0.000703244302866214,0
9.831565414355477,0.0023000135487065533,0.390625,74.34738719128121,0.3998343418412939,0.9992214335616628,-0.0010066208730220953,0
9.831324749682501,0.0023396205474092747,0.390625,75.73130488777534,0.3482746018756491,0.9994770297965284,-0.001311763730222545,0
9.83169605430578,0.0022960406802127785,0.390625,74.42863396570375,-0.07886938270288131,0.9990816599316257,-0.0014654954890039812,0
9.831757663284744,0.002297030268707336,0.390625,74.44088653840949,-0.56646542345455,0.9991174065852486,-0.0016726021146820527,0
9.831943763930779,0.002290283019443034,0.390625,74.2799733798011,-0.6928001527497448,0.9993061839984058,-0.0018105930197099538,0
9.831973658142331,0.0022904481865485982,0.390625,74.27587148486417,1.1427565025648316,0.9996835218274313,-0.0009942164902492303,0
9.83186385210625,0.0023000175147698462,0.390625,74.55398985516145,-0.3675227298214547,0.9995787004387422,-0.0007780732919637058,0
9.831938890199856,0.0022954745819721953,0.390625,74.38044750740896,1.5533109486265555,0.9993954072428742,-0.0006846579536807995,0
9.832414019599087,0.0022246990543977195,0.390625,72.21131285579716,0.15659837342779306,0.9990331364428333,-0.0005187645749039441,0
9.832744199560633,0.002186445228629561,0.390625,70.85511449707927,-0.008441701090002121,0.9989144622701103,-6.679586913922367e-05,0
9.832532146127344,0.0022049153316837187,0.390625,71.39061938866618,-0.14597995076474035,0.9990511131744664,-6.02350804971757e-05,0
9.832704305961098,0.00220706775800516,0.390625,71.40237624145881,-0.09413634226681704,0.9991245508389232,3.152170367938957e-05,0
9.833067104489466,0.002160364414275303,0.390625,69.99359095295944,-0.6830574693085509,0.9990720330253257,-0.00032441973278370855,0
9.83308167124131,0.0021596876090981044,0.390625,69.96669765540894,-0.21961059074965306,0.9991969873396697,0.00020980233384885338,0
9.833082367052697,0.0021596435474963704,0.390625,69.96547941855883,-0.15970146240942995,0.9993163632509154,0.0004572539816368168,0
9.832988220467582,0.0021707594856152142,0.390625,70.3599550854393,0.36882332398211776,0.9991875317868066,0.0002260230765547293,0
9.833008685424847,0.0021677780826935915,0.390625,70.26875450954844,0.592022284581617,0.9996824527443414,0.0003138392458350394,0
9.833055047351804,0.0021623509896064015,0.390625,70.07616839947288,-0.1252236510736111,0.9997804722979317,0.00016072146092853824,0
9.833037779692695,0.002164832184388715,0.390625,70.15194208000526,0.192045499641002,1.0000269434474587,-0.0004981456479396166,0
9.83274699818667,0.0021709770368388208,0.390625,70.44381564832985,-0.7354834116376878,1.000137995046741,-0.0004806385943477553,0
9.832860542436341,0.002165107691714784,0.390625,70.2853304465211,-0.0774181680935726,1.0001097503905778,-0.0007557341254411242,0
9.832830908243364,0.0021654770563223832,0.390625,70.30612712820425,0.6360508331914995,0.999951671120144,-0.0007604155726812802,0
9.832668494864189,0.0021745698394211727,0.390625,70.55572800280036,-0.7505568031738221,0.9997893580819394,-0.0006457092220138186,0
9.832476975083312,0.002194751382973549,0.390625,71.27387075151233,0.7177698928547519,1.0002434103332238,-0.00032410647127964503,0
9.832602051842251,0.0021812253084222285,0.390625,70.86646757692225,0.22175413476482694,1.0007488627896637,-0.0002548719727040232,0
9.832293518050797,0.00216984039216424,0.390625,70.57738012359748,0.026653681345730245,1.0008868456786333,8.994967436042804e-06,0
9.832682578010754,0.002146539332901122,0.390625,69.91084783680223,0.03806074459498632,1.000605079300602,5.088968961053775e-05,0
9.832483028515393,0.0021656262420910164,0.390625,70.58218868596373,0.40559754491429584,1.0006254075872376,-0.0006900263020162998,0
9.832531303343233,0.002159612579212614,0.390625,70.39584528426462,-0.7383116986517658,1.0007368498845777,-0.0010167494893978737,0
9.83273641570645,0.002156454236018797,0.390625,70.24578363042176,0.40898888790252386,1.000753423038868,-0.0017286889262917494,0
9.832509188802879,0.002165204244802369,0.390625,70.47769483160792,-0.06199384874344105,1.0010761329030071,-0.0010387491660609283,0
9.832375126612012,0.002167808477673245,0.390625,70.59577655757695,-0.5611963592976584,1.0010887439830813,-0.0009083180400993903,0
9.832022331728426,0.0022066964408483116,0.390625,71.78135451636837,0.2949766947252404,1.0009114665430265,-0.0013039714257188969,0
9.832089837710171,0.002196302272266629,0.390625,71.42285572700168,0.021704068520193687,1.0007627467715634,-0.0015918190608587735,0
9.831954829397679,0.0022102913048700247,0.390625,71.84454805544001,0.17446452159735296,1.0006016749908753,-0.0018001049231867968,0
9.832133243941641,0.0021867432202579778,0.390625,71.02259233502282,0.18075267484042948,1.0005258052779142,-0.001694633085915809,0
9.832301763601468,0.0021694989097458175,0.390625,70.50512607089111,0.030776695220993133,1.000442730187569,-0.0014897268612553698,0
9.832112147042631,0.002217242334548854,0.390625,72.12091112410322,0.04012675267586019,1.0001233272375996,-0.0018331026106553315,0
9.832056609959713,0.002226573675582593,0.390625,72.41189082486338,-0.26619258101588156,1.0000972696352994,-0.0019218865745569934,0
9.832007202382263,0.002227898720460094,0.390625,72.46847719659543,-0.28540370700648054,0.9998916881169447,-0.0021939683713966154,0
9.831580210869385,0.002250503691215547,0.390625,73.09011904375598,0.2153564779800945,0.9996264958631095,-0.0021352008206597527,0
9.831669260083508,0.0022353330364083056,0.390625,72.56666751863696,0.32151524573176476,0.9991755625513289,-0.002359543608959889,0
9.83164475966476,0.0022380538529629,0.390625,72.64848519429292,-0.21925454101195405,0.9989007485903284,-0.0017954953867664752,0
9.831787389928202,0.0022287474620885455,0.390625,72.30003352898267,0.18296819077052837,0.999236199938947,-0.0021335779134263725,0
9.83155117377417,0.0022493325294240343,0.390625,72.89959063543161,-0.39900248108218267,0.9993497374720187,-0.0025221454931956236,0
9.831579377312725,0.0022465809635083323,0.390625,72.80023122557913,0.88768940588731,0.9995408560421223,-0.0022167378858592257,0
9.831914515142389,0.0021866329900619556,0.390625,70.94176100217479,-0.09566583471557048,0.999493906049626,-0.0021172030631032984,0
9.832067436643374,0.002182729968125518,0.390625,70.76645601238005,-0.15086619233140178,0.9997740322682067,-0.001964670825713928,0
9.83133748016567,0.002235765183033721,0.390625,72.25688532684696,0.27693994140281575,0.9998170153154258,-0.001885055188960551,0
9.831256694564333,0.0022382807401151138,0.390625,72.36841694587359,-0.24979191776098256,0.9998679329792904,-0.0020615934221850257,0
9.831260020426527,0.0022381214987133758,0.390625,72.36438785075552,-0.13702854052826297,0.9997366210478768,-0.0017603480825652824,0
9.83115155374089,0.0022402944247378004,0.390625,72.47396755645043,0.10944642287965205,0.9995730339908236,-0.0016666830791222653,0
9.83104950473002,0.002258113499345473,0.390625,73.02177786481394,0.393655123198793,1.000078727891826,-0.0014657408648827647,0
9.83037858102313,0.00229268718790499,0.390625,74.37942443439414,-0.11834641995422619,1.0001647842162258,-0.001286157196408833,0
9.830342614821381,0.0022947262334709656,0.390625,74.4349407847564,-0.152585188918844,1.000213884406773,-0.0015721209246967766,0
9.83031255309338,0.002297101837437996,0.390625,74.52223454484454,-0.7431106185285898,1.000296881488279,-0.0011955324866816499,0
9.830461743112672,0.002293158881894455,0.390625,74.43905368264134,-0.16103392929653637,0.9998491073375452,-0.0013195052771815387,0
9.830086760566141,0.0023033094996850662,0.390625,74.88090242627051,-0.6425092595284999,0.9999430770894271,-0.0010801231441288613,0
9.829740982919942,0.0023181248660178906,0.390625,75.26597741114509,-0.30376965538744116,1.0000246256115257,-0.0010269369042060351,0
9.82934517107071,0.0023390030834978055,0.390625,76.06438803816431,-0.17111422601010418,1.0002478082044257,-0.000740769134874727,0
9.82936612648727,0.0023356175199619185,0.390625,75.95921366321969,-1.1748508345917799,1.0001232602420547,-0.001066492312879492,0
9.829273837620176,0.0023419237310895635,0.390625,76.1908971059588,-0.20754380545622553,1.0002881845675802,-0.0007166947874022796,0
9.8292382656295,0.002348128463300285,0.390625,76.38462783335379,-0.7112037598587145,1.0003641373511496,-0.0003372415591680857,0
9.828965865661093,0.0023691293348313573,0.390625,77.14407679004451,0.998211892812833,1.0003549746332676,-0.00024003296596989836,0
9.828764617278935,0.0023636197642850263,0.390625,76.91133775510514,0.03772408005534089,1.0005388103427162,-0.00020223842042948735,0
9.828346773172882,0.0023762543080935203,0.390625,77.43076464797785,0.10871052696287127,1.0007311847712654,-9.934214995023643e-05,0
9.82705086698177,0.1289162875236014,1.953125,4224.225401900831,0.2596481418683349,-0.0024382237675913145,0.9948153644584069,1
9.827562869489357,0.129339314032916,1.953125,4238.138181200738,0.3446013101711287,-0.001934100886196589,0.9948400435898049,1
9.827717590017533,0.1294827967438461,1.953125,4242.826208415612,-0.048786516756081255,-0.0023689592295153186,0.9952717614962004,1
9.827567206972056,0.12934811072129065,1.953125,4238.398080763251,-0.6101962079531708,-0.0023450633463669318,0.9952389302499917,1
9.827706950625522,0.12948568191580193,1.953125,4242.8909916309585,1.2257820181694115,-0.002284601354453019,0.9954849810143638,1
9.8274518957951,0.12927069195312907,1.953125,4235.815483303475,-0.0947989926050165,-0.0023002351758725143,0.9951995601072691,1
9.826760774165358,0.12876042221648257,1.953125,4219.16832353689,0.8144954115086875,-0.0024878956823915664,0.9953701540810247,1
9.825763583359628,0.12803087517296627,1.953125,4195.14667830053,0.40738488458737265,-0.002933187912343318,0.9950667232460023,1
9.82468071479437,0.12729791612806085,1.953125,4171.251837424131,-0.40418432795073994,-0.003118997326733026,0.995072969657821,1
9.82382411484582,0.12671113653654148,1.953125,4151.933485110632,-0.643666675464677,-0.0032066539020461217,0.9953187278080285,1
9.822829173108465,0.12617068056947864,1.953125,4134.324730005207,0.14906033976755376,-0.0032009905785419864,0.9954317258626063,1
9.821377829960024,0.12552946989476635,1.953125,4113.144639444382,-0.09118007316889513,-0.0033173203821461254,0.9954784541006033,1
9.81984176877896,0.12492908354848514,1.953125,4093.645673662529,0.16055243976855613,-0.0031527618380897053,0.9952348965693547,1
9.818407192985397,0.12450321088373412,1.953125,4079.5324833866075,-0.5193975461903998,-0.002952531799113177,0.9950794816183379,1
9.816730324850736,0.12432040067165642,1.953125,4073.713758041392,0.6895254166593077,-0.002943122354748458,0.9950557459389044,1
9.815071407162337,0.12434448129752149,1.953125,4074.3340450122564,0.5605704491390497,-0.0030201442485104594,0.9954243807278047,1
9.813596787062975,0.12464619133094049,1.953125,4084.379420286755,0.17091627789341146,-0.0028014263361635138,0.995262235908825,1
9.812260692714464,0.12493571998343263,1.953125,4093.728749988916,0.747709227232311,-0.0030054999679252595,0.9954897764772794,1
9.810876025032414,0.12534542920215924,1.953125,4107.294857901396,-0.5667412096069407,-0.0029922085073485092,0.9953267445171857,1
9.809787769165936,0.12576362890178855,1.953125,4120.898370742267,-0.5368906985228629,-0.003356121015341547,0.9949737050047771,1
9.808605581778835,0.12639868972851792,1.953125,4141.813096239759,0.2723651554600413,-0.003204704588951591,0.9947445077703052,1
9.80733591273998,0.12721464131805862,1.953125,4168.4337321137855,0.255294137167463,-0.00338634857060155,0.9945002887749579,1
9.806304853677977,0.12791869567851122,1.953125,4191.606825305974,-0.004271212562647027,-0.00325759045068358,0.9942855023218118,1
9.805077390669958,0.12886401075151827,1.953125,4222.452818418633,0.9600176530645209,-0.003394290713284662,0.9943290894402065,1
9.804132772415723,0.1296379672153422,1.953125,4247.922693026365,-1.027564939397659,-0.003138803226726477,0.9942378698662216,1
9.803657499952996,0.13009214429485194,1.953125,4262.757700900349,0.18946127963863546,-0.0032815776651680673,0.9946542648568779,1
9.803512554172856,0.1302241866070473,1.953125,4267.100508403489,0.14562382226480017,-0.0036852521430476622,0.9944403745275031,1
9.803472579761637,0.13025821946867294,1.953125,4268.2114096785635,0.6608185056769192,-0.004268711951192253,0.9947190733908183,1
9.803685197205624,0.13005748383710058,1.953125,4261.609139978246,-0.07231406310529565,-0.004028342766981761,0.995130525311671,1
9.80391194672969,0.12985352526966568,1.953125,4254.951917896803,-0.7901563553932647,-0.003998723319727682,0.9950132853170665,1
9.80454050973735,0.1292905448710759,1.953125,4236.42357087498,-0.36882097689279664,-0.0037458279839344133,0.9951320447564429,1
9.805205804158868,0.12877014600437775,1.953125,4219.455655716582,-0.2659462528160172,-0.00341037373279946,0.9952241771046779,1
9.806133980559391,0.12810518873277213,1.953125,4197.54043060777,-0.46183882361947326,-0.004047939228118874,0.9949465499198343,1
9.806641178071473,0.1277685261574528,1.953125,4186.584468251389,0.2853137952903732,-0.0036531301754412827,0.9945781530457137,1
9.807959923000581,0.1268513689414089,1.953125,4156.298914832158,0.3836311684669151,-0.0033534873648042455,0.9942400796223861,1
9.808665080145875,0.12650304107822893,1.953125,4145.0232179380155,0.7848595570891727,-0.003040892859694614,0.9944078751029762,1
9.810022805139909,0.12594836644106938,1.953125,4126.552300614386,0.2769821274766097,-0.003172683982143509,0.9942704142847425,1
9.811267144257949,0.12545962711770106,1.953125,4110.812588296045,0.4582752911434606,-0.0033310258072714073,0.9945622651556971,1
9.81239906591218,0.12518191410621426,1.953125,4101.466231422191,-0.4777491677026167,-0.0036395977612825544,0.9943195003689916,1
9.813735406825716,0.12498491926738246,1.953125,4095.29288283568,0.6894644118607781,-0.003404170120593867,0.9941614139242715,1
9.815570123260079,0.12498644315844756,1.953125,4094.9259905650515,-0.003284240584131718,-0.0033371405863879306,0.9941688848165672,1
9.816960754856437,0.12516941376427565,1.953125,4101.257743536181,0.8497227308956402,-0.0033496353543222258,0.9950274581608665,1
9.818496432929381,0.12554512386437783,1.953125,4113.190477412109,-0.16505364319164073,-0.0034008923333244036,0.994937692385476,1
9.819562063724337,0.12584674088526032,1.953125,4123.3529484195415,0.006516700262485149,-0.003837179849066148,0.9947512946918707,1
9.820847683447413,0.12645639704620196,1.953125,4142.984195294002,-0.20566227010810204,-0.0038152507963784715,0.9950303128269731,1
9.821928437452335,0.1271048170785276,1.953125,4164.529713953962,-0.13756136825638046,-0.0038944165400275794,0.9952385526550407,1
9.823256270768043,0.12800063714834048,1.953125,4193.506955593494,-0.6499862516636009,-0.0036099960269917377,0.9952740077416722,1
9.824081968745263,0.12852650731370074,1.953125,4210.986682360655,-0.8603705381453134,-0.0035369340312005775,0.9957242051278102,1
9.824935187501616,0.12911657967889514,1.953125,4230.065124641934,0.4815845768049864,-0.0036399923610909877,0.9956167897571835,1
9.825306006416335,0.12941522016345858,1.953125,4239.968554190824,0.4168803822879757,-0.004074929559085035,0.9957057241814978,1
9.825534892654469,0.12962305175747613,1.953125,4246.707269816367,-0.19870969827267496,-0.004147099578700784,0.9962885916057573,1
9.825534985280122,0.1296231289215524,1.953125,4246.709827961921,-0.2786086281824585,-0.004644807489113761,0.995777366155159,1
9.825387177941122,0.12949023736641382,1.953125,4242.401808158012,0.5016305005653218,-0.004633093830326063,0.9956185481455336,1
9.82541930763419,0.1295181358936328,1.953125,4243.325920978944,-0.44184838967582135,-0.004482922734731774,0.995451910226402,1
9.825212620815494,0.12934356600649952,1.953125,4237.667901056996,0.3917217635813965,-0.004320347257153264,0.9953332408721257,1
9.824962209038041,0.12914467093438486,1.953125,4231.07468566745,-0.31148242589915753,-0.004568693731010488,0.9961137195516996,1
9.824578120475818,0.12883421889695,1.953125,4221.0164082585525,-0.924065285876471,-0.004113299409349832,0.9956585232504972,1
9.823552675313683,0.1281388928824834,1.953125,4197.904414038219,0.22229046065937533,-0.0044746089977588345,0.9955653141977169,1
9.82277342659733,0.12756688331554708,1.953125,4179.416001457724,-0.18005485669103413,-0.004239809674138985,0.9957597023200283,1
9.821642602770456,0.1269668163717391,1.953125,4159.369645706519,0.07716589754030186,-0.004198113699846357,0.9957289272239198,1
9.820628852499764,0.12644347317168217,1.953125,4142.568297612693,-0.3488770344968846,-0.004062967715657647,0.9961218830786618,1
9.819196060985576,0.12584968318756626,1.953125,4122.60008436123,0.7555972498521442,-0.0036066632680716183,0.9965317085202337,1
9.818329353432532,0.12556088801545776,1.953125,4113.461970623665,0.19628012202883838,-0.0031447811688601066,0.9963779097461882,1
9.817016557263075,0.1252046392055455,1.953125,4101.27675302105,0.6219925841166211,-0.0029110238173458446,0.996936542306185,1
9.815756020652458,0.1251292418597328,1.953125,4099.299580051875,-0.7488182992650158,-0.0028727731667529777,0.9971344068934761,1
9.814505596731834,0.1251060838799818,1.953125,4098.051665163581,-0.14048296892481935,-0.0029469345759286034,0.9970081877796859,1
9.812928402774661,0.12541934678318584,1.953125,4108.916658713574,0.09916510003677104,-0.0028971447194313187,0.9966365720610344,1
9.811443590164533,0.1257244952810184,1.953125,4118.355408336963,-0.8765985397597736,-0.003121695806546384,0.9966424090630676,1
9.809964018098094,0.12631717256256067,1.953125,4138.334890188302,-0.4572346815172447,-0.002663691496645658,0.996779736124024,1
9.8087003745873,0.12688312531698673,1.953125,4156.4118651068675,0.2018551732338286,-0.0025084773170866203,0.9959462088813105,1
9.80764221855646,0.12744068523749255,1.953125,4175.081147847851,0.020613970367170015,-0.002405650041054631,0.9961382588981247,1
9.806620761724123,0.12798626684765838,1.953125,4192.574678875178,0.20046234427112117,-0.002467439069111665,0.9961062667524341,1
9.805885138188204,0.12853326851476304,1.953125,4210.782327914205,0.24076562588864667,-0.0023379700664801473,0.9960230763400323,1
9.805196094858724,0.12901947700526636,1.953125,4226.4499123556125,-0.2205378852437813,-0.0022795204850659598,0.9957961204924828,1
9.804641410156629,0.12947586574550263,1.953125,4241.620221313888,0.5038468239981739,-0.0019772794585588426,0.9960246328751371,1
9.804186743002276,0.12983924273237063,1.953125,4253.3523187799265,0.15523429987297277,-0.0020895198697627334,0.9966678905820809,1
9.80441239019603,0.12963427341939343,1.953125,4246.543983494103,0.4143028887192486,-0.0019424392866860532,0.9965565767454028,1
9.804741863356814,0.12932686425269554,1.953125,4236.603865728822,0.4405651459528599,-0.0022211982846635577,0.9968711871615763,1
9.804790463351642,0.1292879582059049,1.953125,4235.309811386249,0.5818531706099748,-0.0021219434966268024,0.9968802217720254,1
9.805201858435307,0.12892232697466288,1.953125,4223.486282155384,-0.031053919898113236,-0.002270951146738652,0.9969155840730689,1
9.805306803118736,0.12884063120523281,1.953125,4220.77015799489,-0.7273763770875424,-0.002075723704352932,0.9968786268421135,1
9.80594700992381,0.12831626728389012,1.953125,4203.815203467089,-0.12784001255931798,-0.0024080627500464766,0.9970569267801679,1
9.806874881974249,0.1276004152850999,1.953125,4180.019837262966,0.45757674075866817,-0.002824813004108452,0.9974874799530972,1
9.808059386678888,0.12681454751352017,1.953125,4154.690464520195,0.4357532021907294,-0.0028641377879448254,0.9975294228092761,1
9.809233346022925,0.12596870147782782,1.953125,4126.556001340073,0.25380410877914983,-0.0026825382055751497,0.997335351852766,1
9.810480117290584,0.1252973421749916,1.953125,4104.9976171026565,0.16757511700658748,-0.0031976757645411297,0.9977439369178672,1
9.811829013860207,0.1245656245287076,1.953125,4080.539361903737,-0.2685702128680229,-0.0035392605977888738,0.9977178110183496,1
9.812649989693487,0.12422410953715057,1.953125,4069.6557522525513,-0.31470178666010423,-0.0035242815585072177,0.9977394859610287,1
9.814382832783794,0.12385318348969858,1.953125,4056.801157459815,0.16970556958403904,-0.0030841569148675344,0.9974529047922065,1
9.816345125727068,0.12374588196849083,1.953125,4054.0631381442563,0.35148377776810474,-0.0029817093734665545,0.997426747882954,1
9.818197483248857,0.12387665581280713,1.953125,4057.620560119262,-0.19790696989851617,-0.002683975255017518,0.9973453149257735,1
9.819527460354642,0.12402254006189395,1.953125,4062.9461974703963,0.6845768580666723,-0.0024359350915240455,0.9969990839837395,1
9.820692007110088,0.12426024065228407,1.953125,4070.2640088340318,0.6475346430318799,-0.0028125225929787646,0.9970419631393375,1
9.822204918427973,0.1247724531132971,1.953125,4087.643022241916,-0.549446054117046,-0.0029387449300281032,0.9971855011214835,1
9.823744893055684,0.12556734251883864,1.953125,4113.083116575928,0.3388559307228813,-0.0032124051286373254,0.9965454932507447,1
9.824919743983973,0.1262142333058831,1.953125,4134.75745146755,0.4773144768769271,-0.003265691543176123,0.9966786090993889,1
9.826077725424575,0.12696178477223607,1.953125,4158.78368985906,-0.6744163570341092,-0.002935279614083506,0.9965122457207702,1
9.826973013547416,0.12765858147702427,1.953125,4181.987044361416,0.9504240786433608,-0.0033282238138377354,0.9965589521419778,1
9.827704503887709,0.1282279052231513,1.953125,4200.3436761762505,0.10321214869327378,-0.003065096894906651,0.9965777745171207,1
9.828270320887242,0.12868516873345878,1.953125,4215.561614637256,0.27103698787929414,-0.0030945772942955647,0.996930566197463,1
9.828489456571695,0.1288939874606022,1.953125,4222.315923111624,0.35666412780362106,-0.0037922757041039495,0.9968685529242399,1
9.828936510591289,0.12935075432413526,1.953125,4237.45998553874,-0.4026902956563087,-0.0034101974805440132,0.9969250976865685,1
9.829456093593377,0.1298331594300005,1.953125,4253.060803767407,0.22587253442785973,-0.003432781176257287,0.9969993633867213,1
9.829567176124302,0.1299247102131054,1.953125,4256.106403015985,0.6908017623197035,-0.00304612257067682,0.9970335864711033,1
9.828946947410051,0.12935886258147217,1.953125,4237.804805069122,-1.2407093174394201,-0.0032444019060765194,0.9969856758420863,1
9.828932647042842,0.1293467088772799,1.953125,4237.401300597917,-0.4519502623528145,-0.003359515210072264,0.9969405774222162,1
9.828027673682683,0.1286331391159311,1.953125,4214.32499117187,-0.6109965430405282,-0.003368295935541133,0.9965338977377554,1
9.827686557614054,0.12838038246843925,1.953125,4205.9336427962335,0.48141828657874913,-0.003301460362239016,0.9968117419319286,1
9.826830634136162,0.1276670571644571,1.953125,4182.818508244723,-0.25462078984734643,-0.003446088748499189,0.996572551436783,1
9.825536409037282,0.1269124876477652,1.953125,4157.682392664961,0.7384142614791926,-0.0035700471940978014,0.9965586243041484,1
9.824704832428136,0.1264598271950539,1.953125,4143.125903647904,0.4546667976295187,-0.0034714945899491164,0.9959981668185846,1
9.823438564386478,0.12592961969431,1.953125,4125.31331403043,0.2881248697558476,-0.0036458632617210494,0.9957110648359726,1
9.822043963436919,0.12532582679299636,1.953125,4106.00558005219,-0.3901720071298769,-0.003695046244472013,0.9952009200226704,1
9.820698271837854,0.12490716997797764,1.953125,4091.8285793799055,0.30033070721280336,-0.0037844350744942073,0.9953432839832949,1
9.819364899242023,0.12469992713525672,1.953125,4085.4924414345674,0.18304865382257654,-0.0034419924058883143,0.9959775588222799,1
9.818367008687416,0.1246647540851503,1.953125,4084.010493718695,-0.011232090649476353,-0.0034913866085506946,0.9956010730484485,1
9.816689332633315,0.12487958113871836,1.953125,4091.566366022744,-0.7098339879630657,-0.0036010624953962123,0.9955926600995157,1
9.815086819014283,0.12514482532473428,1.953125,4099.768551338475,-0.7468645146400377,-0.0036937012193855325,0.9954427028153194,1
9.813405602079435,0.12581750455121798,1.953125,4122.319937110418,0.5397201846559861,-0.0036442686286045764,0.9957273945464314,1
9.8119677190224,0.12647401786381657,1.953125,4143.40867327771,-0.09323486951446587,-0.004392246114602359,0.9957016597706217,1
9.810765158192943,0.12709590352600666,1.953125,4164.150414040089,-0.15315945777547313,-0.004559412061812753,0.9960957122953854,1
9.809629240470919,0.127856941786145,1.953125,4188.746965405072,-1.0442351090471977,-0.0043272206400942976,0.9960566885833209,1
9.808940305661405,0.12830341661565914,1.953125,4203.5940511616545,-0.691577980916918,-0.004424271878703608,0.9963310676622746,1
9.808706452253674,0.12848468725929635,1.953125,4209.463756440621,-0.3748269652496674,-0.004823312431777831,0.9957542975813956,1
9.80832136292367,0.1287948447910302,1.953125,4219.7406417995235,0.36788552064535907,-0.005194909501545698,0.9955650135956053,1
9.808026655937978,0.12906406371725163,1.953125,4228.4763096842,-0.7645954379889494,-0.004774519998730883,0.99545755848033,1
9.80798212624791,0.12910199887811014,1.953125,4229.732743315826,-0.18989716258632447,-0.005220727051295349,0.995177851829862,1
9.80778170906556,0.1292843645971459,1.953125,4235.647285094384,-1.13026648186739,-0.005533733868568989,0.9953379358853321,1
9.807711596424095,0.12934909824802543,1.953125,4237.790192876997,0.8219220635389016,-0.0054378421370136374,0.9955244402640461,1
9.808106786203643,0.1289671020462651,1.953125,4225.389315304398,0.5609120635975463,-0.005318613856372931,0.9957740994090153,1
9.808729224275005,0.12849777072450463,1.953125,4209.822338415434,-0.24326835420773327,-0.005446006689138751,0.9962868787803532,1
9.809171789318814,0.1281731469876831,1.953125,4199.321296721302,-0.22837817903321897,-0.005621335601003189,0.9962592476579871,1
9.8097066425344,0.1277251412563772,1.953125,4184.4747907138135,0.23084337959759674,-0.005770010698255757,0.9960340238962546,1
9.810701417103848,0.12705145413542,1.953125,4162.693635710183,0.23514694418311896,-0.005367361636158632,0.9960272312510745,1
9.811603516788209,0.1265289105146163,1.953125,4145.30685169784,-0.04575601308897603,-0.005535209983806526,0.9959224116170103,1
9.812695564715158,0.12583560350083486,1.953125,4122.901449147019,-0.33698054836471175,-0.0059899423355378135,0.9953668573954877,1
9.814146485993184,0.12522247308958487,1.953125,4102.377627472237,-0.5590132235629426,-0.0060574082612014045,0.9951334953267241,1
9.815503041440705,0.12471898786063676,1.953125,4086.288236191303,-0.429636284896939,-0.005700532600237874,0.9948524568860644,1
9.816607166103143,0.12446280558361286,1.953125,4077.570048327166,0.5865043111298291,-0.00560189831833307,0.9951369306097988,1
9.81832346827722,0.12414464086442267,1.953125,4067.613027700139,0.14617119367054934,-0.005863346796736644,0.9950573620107871,1
9.819850854186145,0.12416663300657241,1.953125,4067.9261001526934,0.4773982381775568,-0.00606856556294913,0.9950126874882312,1
9.821203943375677,0.1242902346318558,1.953125,4072.345063089313,-0.11551337357620166,-0.006059226846169397,0.9944842473272959,1
9.822749856149283,0.12458904516733317,1.953125,4081.705379946638,0.33569119919411605,-0.006067652739724483,0.994535047785366,1
9.824176262359671,0.12493219742398001,1.953125,4093.353159009226,-0.2526018854235493,-0.0058545775372622596,0.9949099144496115,1
9.825154573577455,0.12540129366667319,1.953125,4108.462217917822,0.49309815333253937,-0.005844688218742611,0.9949613140999238,1
9.826254459099177,0.1259655855145161,1.953125,4127.243432556056,0.33294682779402746,-0.00600294387592674,0.9955405941776255,1
9.826787461269262,0.12629020539274566,1.953125,4137.74970220682,-0.19381621855306244,-0.006140993989282723,0.9953621376767673,1
9.82773562758878,0.12696750956131173,1.953125,4160.16352108677,0.5810510326530979,-0.006223924833396051,0.9959224314482503,1
9.828478361679954,0.12753412694549915,1.953125,4178.56317099717,-1.1327599529189076,-0.00641690161065993,0.9960321841725839,1
9.8293380266838,0.1282690376201826,1.953125,4202.835032234114,-0.9392164672050664,-0.006413331328145906,0.9956845981782915,1
9.829587901827454,0.1284790201473811,1.953125,4209.665416505681,0.5898042405424349,-0.006350391462801121,0.9959668593421043,1
9.82992544717497,0.12877214917066887,1.953125,4219.337678019498,0.22532349079604805,-0.006183995183284893,0.9955568895536994,1
9.830273996642672,0.1290851716724641,1.953125,4229.525479454895,-0.15741857241422016,-0.006465029109076449,0.9951763674634431,1
9.829740522880275,0.12855788220605563,1.953125,4212.125741836171,0.2480612476077416,-0.006413839287530737,0.9950634804488969,1
9.829493100232904,0.1283286518546268,1.953125,4204.6729995858395,-0.2209010855270511,-0.006104075291382771,0.9951379101572805,1
9.829063374775629,0.12798496853431293,1.953125,4193.306705281899,-0.13021224649007004,-0.006197721797931002,0.9950583870795553,1
9.828592422827892,0.1275644471939905,1.953125,4179.640928460098,0.6808199768214157,-0.006571350589589432,0.9945058699969136,1
9.828052156450003,0.12721542625637774,1.953125,4168.0723580159,0.33853551434367546,-0.006568449768461355,0.994980575718971,1
9.827157242004427,0.12653931003483215,1.953125,4146.1253862227895,-0.3733411724642792,-0.006378264627201497,0.9948994763940944,1
9.82642397454859,0.1261048546258195,1.953125,4131.722602368178,-0.215769020091102,-0.006199278018793877,0.9949801554355008,1
9.825726182129324,0.125745387577669,1.953125,4120.102888751871,-0.4392585162471126,-0.006173530571479572,0.9949330646079309,1
9.824459147591892,0.1251886946228275,1.953125,4101.54828228042,-0.697925370020433,-0.006455252613573382,0.9952611063547413,1
9.823073403697189,0.12479856247438118,1.953125,4089.101248452275,-0.3461400453549383,-0.0063569489552244484,0.9952169291520326,1
9.821682373168748,0.12451454955912893,1.953125,4079.456370901897,-0.032846643389348174,-0.006061763298769978,0.995323297605128,1
9.820304261938782,0.12441894750175642,1.953125,4076.6594660588985,0.07151052348126541,-0.005774768116657796,0.9951207703864831,1
9.8189907174316,0.12450883073701625,1.953125,4079.287487624317,-0.31867772405288025,-0.005741828284199915,0.9952543252128978,1
9.817051783086578,0.12463126440386474,1.953125,4083.727988228448,1.293784507154972,-0.0055831713562830955,0.9954166527950135,1
9.81543669832707,0.1249352926830756,1.953125,4093.350517539557,0.21283361325671044,-0.005394427796583004,0.9955203132056268,1
9.814307408470377,0.12536866528956567,1.953125,4107.806889138803,0.2925179807522606,-0.004986549747055975,0.9958350110446174,1
9.812851301411778,0.12599836715206975,1.953125,4128.095772056166,-0.08399157307333856,-0.005426609464674052,0.9959818156020606,1
9.81175667603549,0.1265318480342372,1.953125,4145.849333602685,-0.419410962240363,-0.005533680873917237,0.9958883160766239,1
9.810992014673916,0.12694178433811362,1.953125,4159.100064504005,-0.2720031383711709,-0.005456104757745176,0.9955924420175774,1
9.809844490853598,0.12780771699457924,1.953125,4187.733768843431,-0.01623333545285277,-0.0053300244073877494,0.9957166522719424,1
9.808957095502796,0.1285248355240087,1.953125,4211.039721585502,0.1421229763776258,-0.005330553787843796,0.9955024480461716,1
9.808196061784052,0.12910880160500304,1.953125,4230.343436838283,0.051416673841837714,-0.005395630233471012,0.9953869161669573,1
9.807466516656618,0.12972453833525216,1.953125,4250.35930026502,0.052879052174830576,-0.004987881830270033,0.9955212940154637,1
9.806772284882115,0.13035678365453476,1.953125,4271.230342293541,-0.5380413016864622,-0.004714463170181186,0.995663464058268,1
9.806493320879712,0.1306245178626979,1.953125,4279.945520539307,-0.07445267079917055,-0.0042592428661961425,0.9959480676043757,1
9.806846660081021,0.13029167939868058,1.953125,4268.958365998652,-0.5725793402137546,-0.004666341275612679,0.9960446715210138,1
9.806831133736303,0.13030583767150405,1.953125,4269.418570351303,-0.17211128114286112,-0.004655568073953464,0.9960441119788682,1
9.807059805368958,0.13010833579948572,1.953125,4262.890005956683,0.9072189490167754,-0.004701085938600828,0.9962135031915287,1
9.807540075608829,0.12973835259832922,1.953125,4250.881780161823,-0.05429311778910536,-0.004756167974106638,0.9962772775278992,1
9.808268347270896,0.12917919868721855,1.953125,4232.378541024497,-0.46748830471915426,-0.004037917864226618,0.9964482951741938,1
9.809214257186024,0.12843079037236796,1.953125,4208.082891011588,0.6670474439694468,-0.004217962708049462,0.9967033119223565,1
9.810405160814042,0.12769683127712944,1.953125,4183.735662321756,0.8032447705093849,-0.0037907131763294942,0.9964481008072045,1
9.811263765309723,0.12722909541611582,1.953125,4168.632267491896,0.34791767479327973,-0.004194517627661025,0.996329436116002,1
9.812286947157427,0.12689354422149665,1.953125,4157.365217882184,0.3112821347228116,-0.0036071876142660065,0.9969473852053321,1
9.81369432564995,0.1264185311007165,1.953125,4142.156002233373,0.3152199685476565,-0.003662856562997584,0.9969564226447329,1
9.815386755561907,0.1260699948177987,1.953125,4130.291235387686,-0.15459146069163884,-0.0035377331944517433,0.9967365390834089,1
9.816645954687683,0.12577811172975487,1.953125,4121.074978151711,-0.2920829162054967,-0.002948011096860846,0.9971485871736175,1
9.818168150075927,0.12573498151107668,1.953125,4119.227682977191,0.20916412646935592,-0.0028287180714590635,0.9976967032127845,1
9.819720573162714,0.12590932054894477,1.953125,4125.381509500353,-0.7652383660473182,-0.0026458918994508307,0.997913925736149,1
9.821335642080461,0.1262900496582408,1.953125,4137.395041288066,0.053284871891567796,-0.002669937695006291,0.9980817058531326,1
9.822888934473209,0.12688173234372357,1.953125,4157.230964333881,0.1745085225023407,-0.002777492514837855,0.9974783542723185,1
9.82421072064714,0.1276179233278082,1.953125,4180.9835537344015,-0.017316056151078858,-0.00248344017740692,0.9974700226358149,1
9.825347218069293,0.12826603439093812,1.953125,4202.546678781449,0.1962686924028579,-0.0026045092895614326,0.9974800224766278,1
9.826444382139014,0.12887851115506357,1.953125,4222.303186219621,0.2980282759029554,-0.0023017747186095507,0.9972541745157193,1
9.8269821480835,0.12923002554760388,1.953125,4233.984945943337,-0.19589776613429422,-0.0017541180321463015,0.9972529459386666,1
9.82744905034558,0.12957139713939622,1.953125,4245.0302818165255,0.8538959579818766,-0.0018429985278905947,0.9970100866845322,1
9.827967116565068,0.13006172373838246,1.953125,4261.252584966328,0.5578898054773163,-0.0018030244193600019,0.9973720601623142,1
9.828093611099662,0.13017076558279103,1.953125,4264.789376686321,-0.665628234633914,-0.00143472573426327,0.997190613921523,1
9.828510366589786,0.13058385980205992,1.953125,4278.441251851722,0.09149461140744582,-0.0015537401472470263,0.9972185193416666,1
9.828308556870988,0.13040265622976546,1.953125,4272.555462674041,-0.4174783968204186,-0.0013453068789818332,0.997535495163863,1
9.82856108586846,0.13065603084318567,1.953125,4280.919212874191,-0.4229688530989127,-0.0015269230400058742,0.9972545504569279,1
9.828587804918339,0.13067949733272943,1.953125,4281.681888270132,0.0789391924214821,-0.0017841368809405002,0.9968547830960789,1
9.828372265936418,0.13050704812268443,1.953125,4275.978745722598,0.806267591828752,-0.0012741155852542502,0.9965058982062147,1
9.827522904094089,0.12981104956827696,1.953125,4253.360825889616,-0.01044993123044454,-0.0010932745777597563,0.996674866637627,1
9.826838543015825,0.1293450232405622,1.953125,4237.941845200319,0.2403119444315962,-0.001084362312131781,0.9969013484813036,1
9.825953251914587,0.12872624605347635,1.953125,4217.851676165385,0.29444695239847835,-0.0011068848883209487,0.9969766865449846,1
9.825003141499199,0.12800300763499575,1.953125,4193.951046963841,-1.2936301043191634,-0.0012619117553756918,0.996668889741007,1
9.82369045235698,0.12726548169401594,1.953125,4170.04666963347,-0.024248817368061282,-0.0011033859713994129,0.9965908654354566,1
9.822478454064383,0.1266815149166091,1.953125,4150.672536337471,-0.054133073662039045,-0.000951299510261878,0.9971989845079244,1
9.821223481787452,0.1263057901959886,1.953125,4138.60619537971,0.4382817770068262,-0.0006598794409789677,0.9973670886382233,1
9.819691180178959,0.12599530426658562,1.953125,4128.1186298678185,-0.2607745785644511,-0.0006372521462890733,0.9971696972055974,1
9.81800143743833,0.12580154975130406,1.953125,4122.106745023004,-0.5346744723489488,-0.0010021479017270952,0.997445980536466,1
9.81698503913528,0.1257768822318309,1.953125,4121.118118648784,-0.753058632760561,-0.0010034858349171095,0.9975536789893286,1
9.815778787033684,0.12585084836986357,1.953125,4123.748340218001,0.16029667392164507,-0.0013569772482470875,0.9978092210361938,1
9.81423662690338,0.12624974799213512,1.953125,4136.5385049378365,0.5068522237476524,-0.001485623174322078,0.9977550884517177,1
9.813089848739407,0.12661443631611596,1.953125,4148.712409852944,-0.6499162174113735,-0.0014154740284188986,0.997664130851522,1
9.812313219550116,0.12694966793593057,1.953125,4159.555137337796,0.2635208561744851,-0.0016659795017452102,0.9980171040805874,1
9.811137008920792,0.12750533335301933,1.953125,4177.963056488703,0.252664172945515,-0.0017503607489217157,0.9980341810081298,1
9.809652981450471,0.12839064916741588,1.953125,4206.705933971553,0.3610961022034947,-0.001961180406403457,0.9974421133561597,1
9.809085933480842,0.1288126924021741,1.953125,4220.654563747165,-0.19469336653734595,-0.0018320524416130567,0.9972509382576867,1
9.808575023710372,0.12922729989441414,1.953125,4234.134037514417,-0.799261157066212,-0.0017384889801589892,0.9974561824216948,1
9.807627932561287,0.13000216432426248,1.953125,4259.708467281588,0.23274053655404714,-0.002036774269365766,0.9976290632073013,1
9.80743508301021,0.13017149097618672,1.953125,4265.2243294142645,0.3698360326367644,-0.0017518398918406372,0.9976707431388648,1
9.806843472987415,0.13070597739250764,1.953125,4282.8307609930935,-0.07216636612186751,-0.0016992937111149067,0.9978121101208076,1
9.806468709445172,0.13107168162573857,1.953125,4294.758300413372,0.2539333202160681,-0.002037071073142552,0.9978943925472371,1
9.806768867935677,0.13078982036886616,1.953125,4285.4708951573475,-0.11029057656924124,-0.0020569240543587726,0.9979017599725537,1
9.807128236459908,0.13048091501755865,1.953125,4275.409497432564,-0.34507013068529585,-0.0017080081260893078,0.9973732882062507,1
9.807815284786452,0.12989094383359015,1.953125,4255.953681310087,-0.2686411853477087,-0.001880212422125673,0.9972843595049146,1
9.808395380231435,0.1293940633057867,1.953125,4239.778326454146,0.7822158520490726,-0.0020613388400465525,0.9971163932357674,1
9.809726691505285,0.12842234954910128,1.953125,4207.660191844761,-0.5687812881236217,-0.002031658040202604,0.9971404232630006,1
9.810912138270522,0.12752448514056494,1.953125,4178.491303826848,-0.0662288698113116,-0.0018380116087647748,0.9971258302392418,1
9.811747256565527,0.12704705630163682,1.953125,4162.678740045835,-0.018240498924569692,-0.002337747264397018,0.9968443212072068,1
9.81301563780826,0.12641659874876207,1.953125,4142.257325343191,0.7038438012774956,-0.0028041285491191073,0.9971655504133909,1
9.813980350530583,0.1259710821936789,1.953125,4127.487661297777,0.6980656845807971,-0.003020201067383783,0.9972585160733617,1
9.815451159220327,0.12549045486567956,1.953125,4111.9747472471745,0.3045097313224687,-0.0031523486281443383,0.9970518312290242,1
9.816598313184052,0.12522103763861694,1.953125,4102.974361910959,-0.31455663518621196,-0.003675871584170129,0.9972176451303922,1
9.817924097000782,0.12507225360448254,1.953125,4098.290170090025,-0.5351704216736834,-0.003533637052236631,0.9973363448694162,1
9.819779282148367,0.1251334277895191,1.953125,4099.995045859321,-0.4277466348503367,-0.0036899451459699254,0.9978399762567166,1
9.821271566194486,0.12531818372234513,1.953125,4106.307932015802,-1.0023070714778441,-0.003674157886759886,0.9979003976728648,1
9.82270891092082,0.12558766752699554,1.953125,4114.891689172248,0.1360661542227414,-0.0038573893030611644,0.9980583969855571,1
9.823925490179908,0.12593258829940998,1.953125,4126.41165251648,-0.23477134224716187,-0.003763402593222921,0.9977793547090443,1
9.82539672239737,0.12660659767943408,1.953125,4148.222168087718,-0.2993137795565417,-0.004033279244149537,0.9983579283200689,1
9.826469990252422,0.12715707215555314,1.953125,4166.475034063805,0.18903219604302043,-0.004291697151982541,0.9980639380943728,1
9.827220059417291,0.12762764785725916,1.953125,4181.752603448284,0.31295085325837135,-0.003881488931752108,0.9972761850509082,1
9.828387164218476,0.12841294793280153,1.953125,4207.690715912524,-0.11208889468737955,-0.004168353799894089,0.9975974477917001,1
9.829034457672494,0.12890895101253397,1.953125,4223.840852667034,0.33689197949812905,-0.0039054355691202965,0.997751384677197,1
9.829703917335946,0.12942436848211458,1.953125,4240.835981701198,0.48441103954489034,-0.004018890991409238,0.9981026849241079,1
9.830456481528836,0.13005331971493764,1.953125,4261.3243272201835,-0.5382182797936063,-0.0036758857671425407,0.9980668926587,1
9.830015972666441,0.12971401660819223,1.953125,4250.11791967647,0.20440106034705727,-0.0039247587818095515,0.9977391698555133,1
9.830086913848367,0.12978075917672402,1.953125,4252.289559535005,0.36824276631402125,-0.004263725904159296,0.997921916797965,1
9.82988094913507,0.12958759771468312,1.953125,4245.913521064167,0.49879371450758,-0.004596635281267428,0.9978262690011844,1
9.829502889057398,0.12929272878306325,1.953125,4236.334520844005,-0.7867149191139712,-0.004690885062647561,0.9978316394798558,1
9.829277664426952,0.12908522088154353,1.953125,4229.486425820935,0.6038456096769854,-0.00484324839943274,0.9974604895982583,1
9.828429219811794,0.1283537705754998,1.953125,4205.68355006947,0.16594915980870914,-0.005093335976529635,0.9974617730839821,1
9.827460800540086,0.12766803228007306,1.953125,4183.02080995306,0.29247518409465556,-0.005288986599950847,0.9974403853399255,1
9.826630972027788,0.12704090760846812,1.953125,4162.639880800057,-0.3914611896264735,-0.005153040265923033,0.9972908335283981,1
9.825631581985546,0.12643697614366345,1.953125,4142.6415402752755,-0.47412223237915896,-0.004558936600765326,0.9974258764535958,1
9.824027683464776,0.12545018525077764,1.953125,4110.609566265745,0.5005644800694427,-0.004575605846949464,0.9975064150036765,1
9.822770175490417,0.12486662414190859,1.953125,4091.263998549561,0.007261631120248542,-0.004810675360085037,0.9978008012145183,1
9.821809230456276,0.12455429261965484,1.953125,4081.209600698525,0.24656376685015857,-0.004957086547859862,0.9977752172461523,1
9.820765392403901,0.12432564135213334,1.953125,4073.5187049975884,-0.10832038114070504,-0.0045679830865794305,0.9979505652051961,1
9.819517455913601,0.124212898622484,1.953125,4070.053258633788,0.6910535615425033,-0.004328800750408175,0.9978188965623915,1
9.817933176667223,0.12410009921692358,1.953125,4066.0489846032924,-0.3133700035032234,-0.004326407566586248,0.9976938676002961,1
9.816361577374517,0.12425957306852291,1.953125,4071.580874258875,-0.45173680882847594,-0.004111026029261951,0.9971346589027698,1
9.814956461673388,0.12464817115179669,1.953125,4084.0483130499238,-0.09766071478588856,-0.004445975198699161,0.9969957147589851,1
9.813525301712641,0.12515767814891282,1.953125,4101.013693202592,-0.8454444092688694,-0.004310034362760699,0.9971707143626197,1
9.811919554057654,0.12591022072136898,1.953125,4125.361047352417,-0.3490844818225014,-0.004150789021615712,0.9973674092113425,1
9.811117014781335,0.12632241172511546,1.953125,4139.044760057863,-0.3783292845813169,-0.003793156916791872,0.9972451299519187,1
9.810323533973108,0.12682386675779972,1.953125,4155.30163447385,0.976132426498225,-0.003753555829720407,0.9970443712357643,1
9.809432383388947,0.12753796968439782,1.953125,4178.894827876031,0.30048391124485835,-0.003940634304895616,0.9972459195754829,1
9.808755643901787,0.12802814141328595,1.953125,4194.814609664443,0.008153888860154742,-0.0037124818395393,0.9964744466152131,1
9.80811084144368,0.12854989238174946,1.953125,4212.0474764747905,0.043358936110356204,-0.003548661073101073,0.9965027782690095,1
9.807582447175875,0.12896900218147747,1.953125,4225.671327023117,-0.1515258401329144,-0.0035010552059211177,0.9965014788385238,1
9.807436040832812,0.12909695202442578,1.953125,4229.896170974107,0.9767622583749471,-0.0034505532982167953,0.996442718326261,1
9.807577707336407,0.12896513276755073,1.953125,4225.606521864812,0.32881597785065725,-0.0038219025784171855,0.9967293174401379,1
9.80794630526584,0.1286502325139227,1.953125,4215.2075824911,-0.3531794829492962,-0.003661489210679691,0.9969155786844037,1
9.80854781173543,0.1280875267798766,1.953125,4196.895270246102,0.217054859794492,-0.0035031600657166938,0.9968572163594989,1
9.809483719358886,0.12731036423312259,1.953125,4171.222236309002,-0.9327277895754378,-0.0033199612343938183,0.996808830683121,1
9.810009515857946,0.12680855302637517,1.953125,4154.9022300567785,-0.035468247491129055,-0.003051920999281785,0.9962309267852457,1
9.810991148239498,0.12611098923444047,1.953125,4131.799522136759,0.10852442239532441,-0.002891602852817658,0.9959728403472383,1
9.811597058156968,0.12567346788811748,1.953125,4117.621469484306,-1.05418127511075,-0.0023520476900788004,0.9956510275155123,1
9.812514922134584,0.12505696854586767,1.953125,4097.170310038567,-0.7647659244030365,-0.00239826769465481,0.995654047094096,1
9.813925250885598,0.12435287687439318,1.953125,4074.459561794101,0.27916525929807295,-0.0024541338388512717,0.9958588557699103,1
9.815371832497751,0.1237955520331614,1.953125,4055.825217569647,-0.06725416464541922,-0.0026556789526595635,0.9958248993821875,1
9.816808793687771,0.12341265181293691,1.953125,4043.6482465091085,0.39535664005961735,-0.002783781470490141,0.9959310968765341,1
9.817780025587846,0.12316652891359488,1.953125,4035.348098269715,0.7179210892281844,-0.0020665876476291273,0.9959198376644351,1
9.81954075452777,0.12297685154870425,1.953125,4029.513577215169,0.3044154831392613,-0.002478841870578718,0.9961542298536926,1
9.821176983856214,0.12303392229856468,1.953125,4031.0364478093343,-0.2575306382362517,-0.002539129710166059,0.9962092610759579,1
9.82270606755627,0.12311150133812027,1.953125,4033.9084127062283,0.10689330554669141,-0.0023388081573746515,0.9958627169393912,1
9.82400301256131,0.12342671336127685,1.953125,4043.967367960813,-0.6094204392805599,-0.0020303472596619743,0.9959814274535267,1
9.825547278354927,0.12387895517635786,1.953125,4059.0952959279516,0.4137207871681312,-0.0015776326430975984,0.9960771818782137,1
9.826873522230137,0.12435002279574305,1.953125,4074.275452887344,-0.7966871726396979,-0.001312561529239954,0.9957626279504015,1
9.828062390425318,0.12490907437052838,1.953125,4092.8290983639217,-0.7887834659595683,-0.0017011872076801002,0.9958325096449262,1
9.828746795450796,0.12533218863104295,1.953125,4106.569940799464,-0.04923501008670428,-0.001471581480201251,0.996240799331115,1
9.829445342781726,0.12577977744711402,1.953125,4121.3625305101705,-0.1520892721200653,-0.001513690438039776,0.9957303202036011,1
9.830103480142052,0.1262945588814612,1.953125,4138.113049525773,-0.6181565318365756,-0.001569691456416319,0.9958923414997993,1
9.831008623373842,0.12698654574316554,1.953125,4160.942814132054,-0.5085171143728076,-0.0012179482605619942,0.9959751652514075,1
9.831291994562916,0.12722853983475385,1.953125,4168.829806159389,0.5887933784373066,-0.0011504559987859592,0.996075560997185,1
9.831279288139402,0.12721769369432082,1.953125,4168.472363205431,0.6484306988131721,-0.0011278612705260436,0.9960035655585756,1
9.831005902810599,0.12696413257836633,1.953125,4160.205156353033,0.18133523701059553,-0.0013809848330106956,0.9957257511018465,1
9.831060602020372,0.12701049196239406,1.953125,4161.7319727146705,-0.036721084208693355,-0.0012165714618033235,0.9951897579394526,1
9.830931864489777,0.12689925297824758,1.953125,4158.104270620974,0.5150177663684493,-0.0010640453916468879,0.9954063978877996,1
9.830632856941813,0.12665633501506393,1.953125,4150.1023066027055,-0.06237885604787152,-0.00036210947380019157,0.9952647067351539,1
9.830252445099237,0.12632949365537732,1.953125,4139.444824503239,-0.061286154683330096,-0.00042280886800372103,0.9953722450492914,1
9.829794293995992,0.12600565654010115,1.953125,4128.76898767293,-0.20626590847799284,0.00022896200126056818,0.9955546314883819,1
9.829003135840857,0.12549074242777164,1.953125,4111.998758323022,-0.46324218825854285,0.000623987493078991,0.9954297137697673,1
9.827946158272663,0.12485676101348028,1.953125,4091.078341619209,1.2851716239420057,0.000834744848236482,0.9950028000808765,1
9.826850927378144,0.12430130967913786,1.953125,4073.0273411966677,-0.42746835039239767,0.0006945972697630205,0.9951274883841834,1
9.825446177540009,0.12378375996278697,1.953125,4055.8615966880016,-0.32960189596027095,0.0010242230388365675,0.9946341533201529,1
9.823840122147285,0.12330345366334342,1.953125,4040.348618425403,-0.10906170932139503,0.0008480856080826654,0.994400386025501,1
9.822705344271556,0.1231597447291224,1.953125,4035.497618193762,-0.30102118519304594,0.0013831123874687953,0.9941752360473043,1
9.821238788986895,0.1229228831876551,1.953125,4027.903642171033,0.36609725143474253,0.0015925186266704777,0.9940929779876073,1
9.820019287835336,0.12300566221340549,1.953125,4030.486732101356,0.7135466171700197,0.0018668222821163801,0.9943998093619986,1
9.818534452340748,0.12318336071056055,1.953125,4036.4542169956776,0.32180585625004215,0.0020753156009702543,0.9942996299615723,1
9.817341263074619,0.12348627941634575,1.953125,4046.2754132362675,-0.12157045892308815,0.00187132253922481,0.9937237733789009,1
9.815805547078929,0.12391233670676084,1.953125,4060.354163047747,-0.23489106401757454,0.0020213068374565282,0.9939417206937439,1
9.814353549924643,0.12453848702561052,1.953125,4080.764552045969,0.5439868072268533,0.00165405674912862,0.9936889558642596,1
9.813262950788895,0.12512405258679693,1.953125,4100.045876369978,-0.2700091858617573,0.0018788465671366553,0.9939356701452743,1
9.812197371228368,0.1257309805901527,1.953125,4119.843200046352,0.5914644240559331,0.0018293242073656542,0.9939140228290468,1
9.811560450540796,0.12621615974969283,1.953125,4135.80458688955,0.920553071314013,0.002027367033157092,0.9939067565172077,1
9.810804314676382,0.12680382001360785,1.953125,4154.983249727218,1.1906054768563383,0.0018983366435382032,0.9941518045919572,1
9.81046591688407,0.12709681712407533,1.953125,4164.623624397132,-0.5311272128674318,0.0019240835164507613,0.9941879050152745,1
9.809915168112333,0.12760024273266177,1.953125,4181.0518443990795,-0.4718885415083302,0.001786835377942905,0.9945160463740792,1
9.809612953693145,0.12786569485590293,1.953125,4189.789971340996,0.3437050992603569,0.002076558012714668,0.9943506907347498,1
9.80937411793422,0.12807144709953514,1.953125,4196.501110004332,0.7415305146787432,0.002642240562567544,0.9945195240050644,1
9.809421837202414,0.1280272598836605,1.953125,4195.046551272567,0.04582222098542843,0.0028418394379160082,0.9944241687122004,1
9.809334848081905,0.12810659118526524,1.953125,4197.633605601757,0.467105808249471,0.0028319019789992917,0.9941957259219298,1
9.809749696525424,0.1277465713495117,1.953125,4185.770166780732,1.073928755600112,0.0027783038925861146,0.9944163011114792,1
9.810091020949647,0.1274601169793005,1.953125,4176.439009166546,-0.21392570394164068,0.0031840341511858478,0.9940882869153227,1
9.810796859925455,0.12697860055759774,1.953125,4160.537727299622,0.4260421680737636,0.0035130746901656327,0.993905384200025,1
9.811722589443894,0.12639995868691595,1.953125,4141.7313752686105,0.2898465964220425,0.0036782163094166292,0.993649575034869,1
9.812666213925128,0.12587022390875197,1.953125,4124.214899719692,-0.3805065211430095,0.003322548979803416,0.9936140636222839,1
9.813687962741877,0.12532028152811583,1.953125,4106.362990032818,-0.7655470884601527,0.003666320212441392,0.9933129726696108,1
9.814864255578604,0.12476917443854676,1.953125,4088.104251983753,-1.0759104812241276,0.004141655259334294,0.9932430860732583,1
9.816025046387557,0.1243308202884621,1.953125,4073.938277233236,0.15514792460817262,0.004519894308775214,0.9935840702964663,1
9.817453022620127,0.12406085048851404,1.953125,4064.8358127191086,0.0621543374012011,0.005024371776226482,0.9933769694220487,1
9.818741440708145,0.12399430521536786,1.953125,4062.8922148662837,-0.4665676075783267,0.0050960127261115195,0.9938698863283086,1
9.820374360314588,0.12395549210233163,1.953125,4061.301637174856,-0.1746206751098119,0.004874269151513795,0.9940645197086598,1
9.821699755174643,0.12408489776156846,1.953125,4065.8140778590014,0.704911028555216,0.005131722938635516,0.993830992143896,1
9.823160814239749,0.12431039871779695,1.953125,4072.896873049025,-0.6913115288492312,0.005734130561342869,0.9935915013103503,1
9.825026294044786,0.12477310837878364,1.953125,4088.425458925759,0.8063257830654038,0.0058882759116984885,0.9937125498566296,1
9.826251172065078,0.12540866772341433,1.953125,4109.036524243974,0.5802227189597033,0.005581762700913673,0.9939420302905579,1
9.827234659970976,0.12607417463450077,1.953125,4131.024217785177,-0.6748381574992285,0.005452816282563352,0.9941460045186135,1
9.827978386310402,0.12660558616521989,1.953125,4148.306961010198,0.34232973453496623,0.005594839730842508,0.9944555665414665,1
9.829038527252012,0.12735008874021736,1.953125,4172.877921126483,0.7557448699202117,0.00542253445472978,0.9947109552790346,1
9.830059880653682,0.12811081905587338,1.953125,4197.63813690231,0.6738899541269348,0.005855537816966691,0.9945402649302232,1
9.830284376420975,0.12828275804699918,1.953125,4203.31488951114,0.2315510764516754,0.006162277943415956,0.9942138702330999,1
9.83028772059266,0.1282857565576848,1.953125,4203.412533527748,0.2607743356663074,0.006302681957019191,0.9947091598065164,1
9.830532900246979,0.1285069054313736,1.953125,4210.702005989993,0.11908097602402752,0.005912992917999129,0.9944776481133722,1
9.830403083690564,0.12839022163893565,1.953125,4206.8996128849085,-0.22895280375693497,0.005260781709726086,0.9946626075602087,1
9.830473562964878,0.12846194866409558,1.953125,4209.260957725524,-0.6568698320807016,0.0055879677273020815,0.9944183300203795,1
9.830029448609052,0.12808620600675596,1.953125,4197.010408575211,0.33018215356059955,0.00551402025248611,0.9943338257221273,1
9.829423975642335,0.12760514754721397,1.953125,4181.159648756711,-0.795036362963098,0.005321854062468824,0.9939594683156866,1
9.828942274246087,0.12717927703816653,1.953125,4167.276239966456,0.17871500019949357,0.005412293239292315,0.9941934318931185,1
9.827976603861348,0.12632034448841026,1.953125,4138.972055143459,-0.7844793599724653,0.004872233571705934,0.994071112172182,1
9.826614485168314,0.1253443060198976,1.953125,4107.19536066253,0.8412172989010287,0.004442999644674487,0.9942676553963038,1
9.825712846688146,0.12477764187227035,1.953125,4088.5040666919012,1.0425067359950237,0.004387909434093427,0.9941619989812549,1
9.824593962980444,0.12424581915415144,1.953125,4071.2217765003315,-0.6273002821435512,0.004252280558226735,0.994093158943075,1
9.823183862065935,0.12354733609927261,1.953125,4048.138347461609,1.0630833560207975,0.004339903660099797,0.9940486328279768,1
9.822209880508334,0.1232365851365847,1.953125,4038.1046392187354,-0.2322447851038305,0.004124307410361537,0.99408763717339,1
9.820542747747451,0.12283677413531605,1.953125,4024.7107633867154,-0.3858817772998009,0.004297447876763885,0.9941288718645284,1
9.818813983605752,0.12251370462065668,1.953125,4014.4246260920827,0.5068739884736715,0.003871993122698116,0.9944356485716646,1
9.817537646148715,0.12258903477920742,1.953125,4016.6903271342185,0.03200120806771641,0.0036963278830269334,0.9943910838464748,1
9.815843503722483,0.12273368732060758,1.953125,4021.676184274857,-0.725213537641442,0.0033814775616089077,0.9948869926255198,1
9.814350015675497,0.123136676754275,1.953125,4034.6744014854526,-0.20526031745005943,0.003215134923016255,0.9952199708375544,1
9.812793930877463,0.12360986139689044,1.953125,4050.3921381367113,0.43137476591800805,0.0032702662297034333,0.9955362291276117,1
9.811360575405592,0.12415702949130386,1.953125,4068.131838217708,0.2936838320274546,0.003324425316875367,0.9955449496737905,1
9.810087452343412,0.12478495948984634,1.953125,4088.8832079192284,0.8801798190943373,0.002978265285892977,0.9953729832150328,1
9.80868877399722,0.1255672662405642,1.953125,4114.319427641915,-0.192169373700987,0.002987867073900458,0.9957049307554207,1
9.807925147950645,0.12612821165213126,1.953125,4132.824700765075,-0.7414740817706237,0.0029264563404386404,0.9957393552908848,1
9.8070939991455,0.12676967414947893,1.953125,4153.707107543429,0.3593802595351008,0.00288352218501988,0.9960976823436622,1
9.806906697831357,0.1269314956333806,1.953125,4159.044506991505,-0.08736170351524682,0.0032023698507951397,0.9963791160470816,1
9.80667008887936,0.1271381632995611,1.953125,4165.772207811822,0.2800202746766445,0.003398797288000579,0.9965053805136606,1
9.80620500340468,0.12757264342604535,1.953125,4180.093015607239,-0.10613552796955143,0.003444176256572978,0.9964852085207129,1
9.80634831994145,0.12744133088190573,1.953125,4175.813120638033,-0.3949833407677943,0.003725527904305953,0.9961352099414159,1
9.806537697584323,0.127295459243284,1.953125,4171.002581036906,0.865958247462307,0.0034503791294364285,0.9961000562288544,1
9.806534905173569,0.1272977801656617,1.953125,4171.078163972756,-0.20812839364346777,0.0033688861849545597,0.9963219600281726,1
9.806723663033026,0.12713697570104798,1.953125,4165.776032339701,0.04468194029323058,0.0037368705508687046,0.9970692001467825,1
9.807362933694089,0.126610827709495,1.953125,4148.637170285936,-0.31066930673478055,0.003317371337568455,0.9969363985224724,1
9.808215696468345,0.12606116299031236,1.953125,4130.483786545804,-0.0645688458183334,0.003907881001248556,0.9971172877082688,1
9.809321034653868,0.12530948474372214,1.953125,4106.027665200774,1.1551777531700889,0.0036560856527579092,0.9971404564563902,1
9.810714315315598,0.12448871458307409,1.953125,4078.899096810519,0.5484099050627265,0.0036193388301962,0.9973404647337667,1
9.811911065184194,0.12381149175332189,1.953125,4056.916191134063,-0.15225281870031418,0.0034075190797871325,0.996905862644208,1
9.81282878491601,0.12347409727605449,1.953125,4045.709081827745,-0.7236582949711495,0.0035115501448966403,0.9966429745886237,1
9.813873011945196,0.12309641376955077,1.953125,4033.501052923074,-0.7805122157515143,0.0030749912740400376,0.9968030890609708,1
9.81585388073854,0.12269143043344025,1.953125,4019.851252851531,-0.12984030376173905,0.0032165781275189705,0.9969736680006013,1
9.817035080838977,0.12253473561214993,1.953125,4014.973810351016,-0.039763917678404447,0.0025167396767447987,0.9969590823246268,1
9.818410948055504,0.12252203057200581,1.953125,4014.249204991352,-0.02905548127455404,0.0023781662863535044,0.9974429438153697,1
9.820051383797251,0.12260484616580844,1.953125,4017.316252517523,0.1644927663716468,0.00265390269817137,0.9977433214076172,1
9.821209484614988,0.12287226411917329,1.953125,4025.847855674681,-0.1720447452268369,0.0023848782898334584,0.9977554713803163,1
9.822528215369195,0.12326740245043594,1.953125,4039.052016228815,0.20849382188680465,0.0019265423410924558,0.9978905112994656,1
9.824061269860593,0.12392449355405573,1.953125,4060.274893884603,0.33063343445852905,0.0018181947152421784,0.998031351661732,1
9.825188505423407,0.12451995403554258,1.953125,4080.028903943394,0.003781200298059654,0.0018921911909244604,0.9984760713303471,1
9.826198425293114,0.12517714547499545,1.953125,4101.350856166421,-0.39672194557715557,0.0016215305502979157,0.997782245552314,1
9.82711511526448,0.12578230060704063,1.953125,4121.376623453001,-0.22629653558639498,0.0015692984130137098,0.9983247230727159,1
9.82811803039039,0.1266192445913875,1.953125,4148.584286181795,-0.23735211358992578,0.001486210264743794,0.9980267052880123,1
9.828928639916313,0.12727026672770317,1.953125,4170.097735379172,0.3732977036003528,0.0013362810280481302,0.9974422516411312,1
9.82959644340137,0.1278657517979594,1.953125,4189.464803261605,-0.18126551453072656,0.0013834036667061318,0.9974656552781358,1
9.829939433126954,0.12816562606926915,1.953125,4199.369611424139,-0.46879872044883086,0.0014940927351223391,0.9970269311847476,1
9.830309494964288,0.12847389417501223,1.953125,4209.385886188596,-0.559322207946631,0.0014763298757999685,0.9972796143461452,1
9.830183187863833,0.12835784865290562,1.953125,4205.552221875675,0.1166723487379689,0.0015384725828476143,0.9969474076987503,1
9.829936953089039,0.12813966538372418,1.953125,4198.462424148882,-0.49899994933851605,0.001491829769452993,0.9966653744911483,1
9.829256525488162,0.12752769697621683,1.953125,4178.234980687841,-0.13693437960682786,0.0011842031165276124,0.9969842896861871,1
9.82888025524372,0.12722337644957932,1.953125,4168.363232086272,0.47125168100198306,0.0011618041346839923,0.996941508813358,1
9.82816631736302,0.1266704143946372,1.953125,4150.045701641782,-0.051410910273261834,0.0012269065494723828,0.9972791733532619,1
9.826963588765004,0.1258471807845645,1.953125,4123.384395405553,0.7690396397180544,0.0016127357392375402,0.9976551759434603,1
9.825752824405239,0.12518225243317913,1.953125,4101.279190997261,-0.281200001162991,0.001795459270018923,0.9976098192903666,1
9.824488763923325,0.12448888347054553,1.953125,4078.887447956901,0.6308105726348003,0.0017513816546601518,0.997578420796257,1
9.82330526661409,0.12401838223961087,1.953125,4063.1655578350646,0.6568588749614719,0.0017716799259048799,0.9973709736321608,1
9.82191793781436,0.12342234355171487,1.953125,4043.9822461715617,0.261513683070613,0.0018732464891179378,0.9978264701133037,1
9.820490537001884,0.12319891293302715,1.953125,4036.301270697278,-0.08465655472415771,0.0016042609854479487,0.9977816519182776,1
9.818898879339748,0.12298441022471346,1.953125,4029.664860777782,-0.5514702170657984,0.001668359772402318,0.9981369269853533,1
9.81760534952528,0.12286707503303101,1.953125,4025.513744804997,-0.06304181565307469,0.001661393299827246,0.9981456347236489,1
9.816082313408238,0.12292026042677745,1.953125,4027.6056877756623,-0.21000573456452307,0.0018045696789470516,0.9982360547324205,1
9.814484035593853,0.12335904226180294,1.953125,4041.613336819291,0.43051631482618785,0.002120498620104789,0.9981111492727962,1
9.813253583965693,0.1238123633728487,1.953125,4056.767714699934,0.11195224421074575,0.002378577481945438,0.9986170983999102,1
9.812262164117294,0.12419554000776355,1.953125,4069.0897300025676,-1.1214534388479176,0.002543922226563223,0.998309216341883,1
9.811202562451655,0.12476365687622099,1.953125,4087.95341976733,0.3569740262973937,0.0023932119861684504,0.9985823963645634,1
9.810204174150979,0.1254050160943034,1.953125,4108.738150998726,-0.6421322403536275,0.0024345779503152096,0.9990956227899483,1
9.809416537117128,0.12599158932627483,1.953125,4128.146918339582,-0.2902428044132345,0.002712277004429968,0.9986906263926606,1
9.808801909248654,0.12644935145386188,1.953125,4143.003697677551,0.11121859511937753,0.0021191177862070402,0.9988911209923541,1
9.808330186051574,0.1268177691960714,1.953125,4155.188101352756,0.2724054534592142,0.0021063902443181058,0.9988123559120541,1
9.807847223872422,0.12726106867117426,1.953125,4169.599198977169,0.7602133580561107,0.002218850336277586,0.99849809171799,1
9.807216683610669,0.12784082662256577,1.953125,4188.743719839768,-0.2923991740596345,0.0021782178846678334,0.9986110088598494,1
9.806727485636868,0.1282558060388655,1.953125,4202.229973133086,-1.1866825465646496,0.0023145298968285264,0.9986567531317787,1
9.807009589042904,0.12798243149352484,1.953125,4193.200439475431,-0.07110517952848265,0.0026555476858136115,0.9985679123158298,1
9.807595430427389,0.12746623644698835,1.953125,4176.4286132455145,-0.3263750746809819,0.0027676751816050394,0.9985713901897905,1
9.808048009406965,0.12708390341588996,1.953125,4163.791942767493,-0.04747866066706289,0.0029244191983992217,0.998383746297686,1
9.80899726141367,0.12633481200465482,1.953125,4139.457589232507,0.27366108224669006,0.0027984918712892137,0.9982174903258684,1
9.81009535015946,0.1254429678398633,1.953125,4109.983189860572,0.20874184155400144,0.002661750121760336,0.9980876986248779,1
9.811371053084113,0.12453367195085091,1.953125,4080.4709171498034,-0.44960842715227045,0.0028421195214768176,0.9977608978265381,1
9.812316134564702,0.12394778615104064,1.953125,4061.0727983172874,0.5453005600660011,0.003127422795964823,0.9979489825678999,1
9.813523198946148,0.12320059536026547,1.953125,4036.83369068058,-0.4823294176288376,0.0033562307142699917,0.9980731362859806,1
9.814832519838127,0.12256632006246801,1.953125,4015.7797886837106,0.6901049797913098,0.00354322993723203,0.9982974934651209,1
9.816079931836006,0.12213672317278738,1.953125,4001.9624923768756,-0.3393607823066607,0.003898839350590272,0.9977742170562794,1
9.817429232860313,0.12179450779869645,1.953125,3990.4633243073094,-0.07799796091785538,0.003336384448384082,0.9977378697088041,1
9.819119349601184,0.12156558521267663,1.953125,3983.3006708365124,0.5041125397522895,0.0035339324058849984,0.9975011928994039,1
9.820752516452979,0.12170669938211624,1.953125,3987.6004779867803,-0.05298055246870111,0.0036600499387416797,0.9975150316450664,1
9.822419746889507,0.1218406572158631,1.953125,3992.3191317028627,-0.132076035754532,0.004378177493798954,0.9973827789368414,1
9.823774906062756,0.12219064417979426,1.953125,4003.533844046774,-0.11755676968338473,0.004061409497308903,0.9970890148870529,1
9.824964517997753,0.1225529466107887,1.953125,4015.6348964749577,-1.0522639934097242,0.004386264385409837,0.9967788307563433,1
9.825840868999148,0.12292972953747394,1.953125,4027.821524660921,0.13606533235482252,0.004695896559101608,0.9969775883162811,1
9.827281592804948,0.12356118428592702,1.953125,4048.749093104087,0.45414976669295964,0.00444690998725607,0.9969061820334991,1
9.828579734683682,0.12443434683449738,1.953125,4077.1542510476147,-0.9752379812877431,0.004502926538178906,0.9968618736724277,1
9.829386953168934,0.12499640621892492,1.953125,4095.7132877861354,-1.2153208903716102,0.004820083401647053,0.9968544052658821,1
9.830224725244308,0.12570441355737647,1.953125,4118.765603775007,-1.3015461455191446,0.005006834646809721,0.9963956179301381,1
9.830639878454585,0.12606485110526103,1.953125,4130.655346819661,-0.3422374999402867,0.005257745401216738,0.9968822719873905,1
9.831110774903062,0.12653633265635944,1.953125,4146.0144712328165,-0.19680573880274702,0.005755535781570676,0.9969511040289823,1
9.83131984098446,0.12672488144755828,1.953125,4152.234759521743,-0.39820792872584815,0.006074853126470144,0.996777735322329,1
9.8316333913209,0.12700965335443457,1.953125,4161.502219385421,0.15379587220256022,0.006080241904453487,0.9968237319668406,1
9.832134824543951,0.12746563173093964,1.953125,4176.542894861291,0.42480254736801726,0.0058566618603857045,0.9966309402449325,1
9.831875458323534,0.1272647029035135,1.953125,4170.003691857729,0.5319773223976275,0.0062943075234633055,0.9969408616211108,1
9.831578346619779,0.12696908205517615,1.953125,4160.265063099994,-0.4231396635332203,0.006166995455643523,0.9964611370807607,1
9.831022564860307,0.12655469651346085,1.953125,4146.7785240188,-0.2352369771603359,0.0059564134529787385,0.9964602798409805,1
9.830467737459392,0.12602706559273383,1.953125,4129.397243066518,0.20652470169443404,0.00593487125834432,0.9962389837117568,1
9.829681222362165,0.12552247525807317,1.953125,4112.987090688099,-0.4173022382322718,0.005952836973195959,0.9959146350950331,1
9.828084567433331,0.124471307580017,1.953125,4078.2477824018647,-0.4461712177035224,0.00591067207958312,0.9959175991438962,1
9.826736729160922,0.12374025467503116,1.953125,4054.5523593633434,0.9813515809061452,0.005766711077784482,0.9957992704438093,1
9.825162309648906,0.12319406448464493,1.953125,4036.339730651996,-0.6936789406160339,0.005494076288208334,0.9961934706885376,1
9.823933282758414,0.12283252274727,1.953125,4024.75259043376,-0.14742218321892628,0.0054198535596438405,0.9958735790369054,1
9.822508880087918,0.12262022788067356,1.953125,4017.485824383439,0.47424762483569793,0.005307964388288795,0.9960533476297599,1
9.821029162920789,0.12246816475757961,1.953125,4012.822675326993,-0.7527495107666861,0.0056939604498149245,0.9956712574722361,1
9.81912461992339,0.12238964718853663,1.953125,4009.81187086053,0.4545168165107801,0.0055207535773937185,0.9959508062985135,1
9.817780693853448,0.12253272378096397,1.953125,4014.8339224810416,0.7284827521895446,0.005135094083786502,0.9959141116727686,1
9.816232390964565,0.12286198560801496,1.953125,4025.228337217998,0.8777303492473342,0.005096084833119822,0.9954058109682073,1
9.815155192627737,0.12316934526349337,1.953125,4035.591226480187,-0.2721022677275566,0.005068313695198693,0.9949653142317497,1
9.813844293909941,0.12384225178727025,1.953125,4057.276456435715,0.43337025631262804,0.005354017261280876,0.9952535037972545,1
9.812742488990049,0.12449106643820977,1.953125,4078.8507844506385,-0.47715418159471784,0.005665958871089645,0.9950534093585803,1
9.811765551754181,0.12495564495671245,1.953125,4093.799703316088,-0.42495566986932926,0.005810226279281907,0.9951364345291157,1
9.810476992424833,0.12584406720456423,1.953125,4123.260280336657,0.9108998302775339,0.0059660436719983405,0.9958069371587752,1
9.809864940088504,0.12633399540209986,1.953125,4139.16215948628,0.3254969070318718,0.006237383107940291,0.9958729827663444,1
9.80895969449307,0.12708971928520987,1.953125,4164.141965879938,-0.5989101098615114,0.006171175289169377,0.9958689091415523,1
9.808365943596769,0.12754951368294962,1.953125,4179.072733203702,-0.4560623852109226,0.006353788138578578,0.9955009021606892,1
9.808024478586846,0.12784108558423807,1.953125,4188.707868355858,-0.04134457479328072,0.006530743111413901,0.9953628560533051,1
9.808049740749421,0.12781670024344396,1.953125,4187.914491579701,-0.3439138025059947,0.006763597616006098,0.9957031817151597,1
9.80825852121656,0.12764266769633736,1.953125,4182.163577795405,-0.3840560426142474,0.006418675089718688,0.9962074851250085,1
9.808688813976381,0.12728490827697495,1.953125,4170.536764675294,-0.36266723296163644,0.006225430982343544,0.9958989775641316,1
9.809372719548813,0.12667802005214507,1.953125,4150.491592365083,0.00927239919352966,0.0063459448574149585,0.995899647816063,1
9.80997177538238,0.1262117645444127,1.953125,4135.353972180956,0.14512405781715643,0.005853391872235181,0.9960137895243687,1
9.810842139217524,0.1254818615931975,1.953125,4111.224439296546,-0.5441609471320893,0.005512915979235211,0.9956797400147629,1
9.811913589202256,0.12461728886793476,1.953125,4083.148129906123,-0.8884074907242999,0.005559563415195618,0.9955479358094863,1
9.812986621969412,0.12397436293923815,1.953125,4061.826292519429,-0.2263433565191614,0.005459226310122786,0.9960213519254583,1
9.813809627149261,0.12350542307923236,1.953125,4046.661967297887,-0.5987924725365398,0.005223485967167143,0.9964073844854784,1
9.814881233678996,0.12305295249099979,1.953125,4031.5637996436294,0.46699981466008467,0.005214655666254336,0.9966675026562487,1
9.816092379604115,0.12255304623491177,1.953125,4015.4843129062056,0.5189280237803663,0.0052399806684982056,0.9968771318037908,1
9.816960161096521,0.12239523587287397,1.953125,4010.106965017993,0.09337892175850963,0.00522793889981076,0.9966135682272954,1
9.818336185151677,0.12223516723891252,1.953125,4005.1659153305786,0.5021792990713342,0.004930868811561802,0.9962497828299985,1
9.81987864813266,0.12226819953919131,1.953125,4005.899045701338,0.05275534229440382,0.005103154754441584,0.996485689609184,1
9.821007522877682,0.12238167112920988,1.953125,4009.888201794252,0.9916258886732976,0.005292600856273509,0.9964403508687782,1
9.82252002735271,0.12261735467929627,1.953125,4017.2290805443986,0.8387977292841242,0.005016146890791461,0.9962647941496022,1
9.823778768731751,0.12306435883618956,1.953125,4032.2048887093597,-0.08911786173727403,0.004877946417985775,0.9964242232371777,1
9.825238335024824,0.12367080232147473,1.953125,4051.686457530651,-0.16133140959694478,0.0049304445032971175,0.9960609211785391,1
9.826640311686553,0.12446814429641956,1.953125,4078.191373582912,0.12977804481973484,0.0048903367552230155,0.9956272193402742,1
9.827446304187943,0.12503060853920067,1.953125,4096.420852918282,0.4599580007525219,0.004520998296651637,0.9957578215815797,1
9.828179145634842,0.12552810895428299,1.953125,4112.90777789618,-0.010388198140086994,0.004656308569662435,0.995884153740563,1
9.828958873589647,0.12610658936606733,1.953125,4131.665569358903,-0.11835868625591199,0.004721027976632759,0.9956290511538071,1
9.829895301558539,0.12687677044023268,1.953125,4157.135671515694,-0.8796633875766323,0.004677556315124685,0.9956283409309838,1
9.833837573698583,0.12870383980586034,1.953125,4216.712647786843,0.21238546671035388,0.003344082704619217,-1.0007737240253147,1
9.833005595435678,0.1280300188654541,1.953125,4194.853933839743,0.41829114383169025,0.003912950686443368,-1.0010439434192395,1
9.83210363194642,0.1274306918670368,1.953125,4174.973473106108,-0.6165086763976433,0.00405182129462062,-1.0010853541372555,1
9.831204299843723,0.12679452144798753,1.953125,4154.36852683442,0.1003780639609128,0.004198074403904783,-1.0012776152556373,1
9.830322167140759,0.12632477082318444,1.953125,4138.739760184805,0.8953318422488034,0.004351259292584647,-1.0011349673736618,1
9.828880147856202,0.12572521261779768,1.953125,4119.452733810575,0.6861962021685031,0.004364092668799884,-1.0008265735285906,1
9.828162681989792,0.12552674360210525,1.953125,4112.7875698239,-0.161549217908032,0.004630756892629125,-1.0011071228704633,1
9.826699172125297,0.12523871143695295,1.953125,4103.643458981282,0.5723568855937629,0.004649294949163861,-1.0008678653365992,1
9.82521924070414,0.12512438277212123,1.953125,4099.598913490845,0.5110771580718089,0.00495870601681766,-1.0010432123692157,1
9.823727713042812,0.12521099141862385,1.953125,4102.7368994420885,-0.7436024108465062,0.004798884966036421,-1.0006796470552646,1
9.822353156374584,0.125304340111703,1.953125,4105.52455074054,1.1477916862143804,0.0047802488071044804,-1.0005369241094824,1
9.821036442580604,0.12562136999060297,1.953125,4116.175267839738,-0.3089367849000458,0.004632730638561576,-1.0003234195450228,1
9.819410365962588,0.1261121800276111,1.953125,4131.917741894233,-0.2196798967658348,0.005135040617036766,-1.0011672415364838,1
9.817798537473312,0.12682719834378745,1.953125,4155.68562126796,-0.4321612260682741,0.005054634282231376,-1.0009932252845646,1
9.816338720110219,0.1275665263222881,1.953125,4179.612924480642,-0.2938115484782126,0.0050276778000175855,-1.0009406273570833,1
9.815073288466234,0.12825329201739827,1.953125,4202.384105521511,0.1947993530872433,0.0050113354907315305,-1.0017459173821601,1
9.813741584995693,0.12923906080900452,1.953125,4234.401646870628,0.3884353614363742,0.00517825816172187,-1.0012861334173613,1
9.812983644180768,0.12984611136912697,1.953125,4254.469442917485,-0.08302522955030629,0.004798252586529547,-1.001369316007943,1
9.812060700444112,0.130621326349777,1.953125,4279.652426899362,-0.3116497418510941,0.004709038574024368,-1.0013609235626992,1
9.811310986013256,0.13127325608808,1.953125,4301.1972232523985,-0.07788667620479828,0.004693087509179332,-1.0014797193696112,1
9.811007927472152,0.1315332381783468,1.953125,4309.647035128489,-0.980321875813388,0.004782191572409974,-1.0012011909906764,1
9.810855750168175,0.13167375519922636,1.953125,4314.2870380186505,-0.005390889575210167,0.00430051618422804,-1.0008404151204453,1
9.810916211585953,0.13161828818339227,1.953125,4312.483194384021,-0.06952007471287895,0.004631080236481323,-1.0008317351953244,1
9.811015041597036,0.13152614394541878,1.953125,4309.441294520829,0.08736101453541778,0.004391307156881928,-1.001051755617982,1
9.811502032189999,0.13110286782959163,1.953125,4295.676144755537,0.6893790810499922,0.004607276480410112,-1.0009142926889503,1
9.81204149863145,0.13068293976722775,1.953125,4281.79896371468,0.7151186214117237,0.004685430330820409,-1.0010149708280305,1
9.81285456008704,0.13009062232508217,1.953125,4262.558921377318,-0.48711388691784424,0.004440753600508775,-1.0011278268466186,1
9.813914693137328,0.12937681263565218,1.953125,4238.939846838932,-0.49542369843644946,0.004664612458742621,-1.000987417506384,1
9.814985700185023,0.128745068348201,1.953125,4218.469775517224,-0.1171924404152378,0.004421952417049444,-1.0010253824911823,1
9.816449995566916,0.12795435833330868,1.953125,4192.225194510527,-0.8116075999011324,0.004283968273221045,-1.0007225391676386,1
9.817969573728634,0.12717494816167224,1.953125,4167.029956776421,-0.7698491229796977,0.004491580264360503,-1.000519355304587,1
9.81884760613265,0.12700394399870454,1.953125,4161.245908423775,-0.30068974490253214,0.004580575746882557,-1.0003974242591094,1
9.820144838242294,0.1266669035434156,1.953125,4150.4507478429805,0.3458022232213504,0.004643715740057241,-1.0008194580995848,1
9.821440011908917,0.12655396137627664,1.953125,4146.501360295103,-0.17442893718543928,0.004795452036119171,-1.00023910183031,1
9.822907325535997,0.12650009811726398,1.953125,4145.009618638354,0.31212623939063633,0.004256009403379118,-0.9998625541270214,1
9.824576558009474,0.12668937161903107,1.953125,4150.889836473765,0.14625253650713907,0.004190195052698697,-0.9998096286483255,1
9.825811760394647,0.1268288272244131,1.953125,4155.715282690615,-0.5564023146725958,0.004125286266449236,-1.0000736969939317,1
9.826989428387435,0.1272833743165985,1.953125,4170.368250364303,1.274398051808627,0.004059298869896386,-0.9995715135951325,1
9.828000225441253,0.12772159506720962,1.953125,4184.940788200422,-0.35413674014853314,0.0040522136174502505,-0.9991828784331233,1
9.828929454277116,0.12815409290262827,1.953125,4198.919622672276,-0.8001641113175234,0.003992642101493265,-0.9989514561180627,1
9.829907387556093,0.12874222262029417,1.953125,4218.393280343903,-0.5330845495991525,0.004063509781100985,-0.9985777681502248,1
9.830960857460035,0.1294137822112869,1.953125,4240.178925373027,0.3267917318092562,0.004066246253698687,-0.9984843966242598,1
9.831914867844612,0.1300427049610813,1.953125,4260.98982253929,-0.2695612954024303,0.0038456249041906453,-0.9987853879045258,1
9.832753428526745,0.1307320874871931,1.953125,4283.404813176575,0.07207234976158361,0.0038754399511132125,-0.9985846701336041,1
9.83324660544374,0.13113604085144756,1.953125,4296.749881305823,0.5758363414982645,0.004061805563449572,-0.998898222505669,1
9.833514493610878,0.13138976695701615,1.953125,4305.007115415247,-0.5278315140397657,0.0042869602089551035,-0.998547753206292,1
9.833708043676262,0.13157414581163795,1.953125,4311.090396835891,-0.03448365898172293,0.003998881314539113,-0.998886386433534,1
9.833434571110761,0.13132796180639716,1.953125,4303.07796873016,-0.12061764551617671,0.003929255255878802,-0.99854592930148,1
9.83303277638567,0.13103233739928602,1.953125,4293.30914234396,-0.16129069934565146,0.00401982020138969,-0.9985671263082683,1
9.832306203185968,0.13041548901906572,1.953125,4273.236453222264,0.22812175846289998,0.0038138386234098046,-0.9989086039006255,1
9.831606091338061,0.1298104311274103,1.953125,4253.275430631392,0.28691850447648903,0.003269451231737197,-0.9986169090627122,1
9.830847384081677,0.129177779376274,1.953125,4232.68898257321,-0.5236038803644382,0.00316341140455457,-0.9979840012641691,1
9.829843170386077,0.12836820431598533,1.953125,4205.961775485247,0.2582917641581541,0.002948112059154053,-0.9980382489220245,1
9.828654167205482,0.12765996194493676,1.953125,4182.982569638699,0.3713854466174477,0.002747206553938581,-0.9983936586842104,1
9.827537193626634,0.12702066627010794,1.953125,4161.822126440726,-0.11629366993050401,0.0025712124477135045,-0.9980636300611767,1
9.826375683435977,0.12642400128261436,1.953125,4142.489368662372,-0.3333647815513056,0.0024046130411266454,-0.997173108520239,1
9.824952020301525,0.12597097322432266,1.953125,4127.364180856292,0.25838515377108706,0.0021637553263894036,-0.9968627548700416,1
9.823577700771288,0.12544461247815092,1.953125,4110.389261123365,0.01701851518858651,0.0023127481508856493,-0.9967247122455503,1
9.822171552288424,0.12529049893520383,1.953125,4105.058613184701,-0.024338807533543633,0.002163998718661697,-0.9967797961243127,1
9.820683913871406,0.12518165761775912,1.953125,4101.785048576208,0.6121584437278216,0.001743909592375094,-0.9971113155499556,1
9.819443930550298,0.1253643059538236,1.953125,4107.535952798447,-0.10585749151869095,0.001692482287994793,-0.9974733490339531,1
9.817887899742086,0.12568307003257204,1.953125,4118.258887653385,0.15365032970294124,0.0016112474236786548,-0.9973371444042123,1
9.816634404308225,0.1260728519183581,1.953125,4130.820000868636,-0.009244486148721384,0.0016068143320508532,-0.9972849916964769,1
9.815487053295543,0.12660305916731526,1.953125,4148.391193069047,0.13201148532122411,0.0011793822725953138,-0.9971913750456285,1
9.814358796074833,0.1272827819774776,1.953125,4170.470979367353,0.4125998026065645,0.0011957984887130356,-0.9975624758943452,1
9.813039289507621,0.1281989724672398,1.953125,4200.7105889318345,0.887297876226512,0.0011237819010606448,-0.9979589560052784,1
9.812174653232278,0.12879257878904224,1.953125,4220.031997959983,0.08194057974105817,0.0008914507324047167,-0.9979125219765319,1
9.811395383960134,0.12937953067858357,1.953125,4239.384476694691,0.19421443938093338,0.0007635737749530566,-0.9981029995402807,1
9.810825071561604,0.1298520934116208,1.953125,4254.7860514544955,-0.06451502388881636,0.0002266603439603326,-0.9978586264199121,1
9.810306525516754,0.13027225380029317,1.953125,4268.630541011297,-0.2084117237185031,0.0005482443794040665,-0.9978601491461652,1
9.810567796584891,0.13003817101811593,1.953125,4260.99207254106,0.1837561514269813,-5.652789816589312e-05,-0.9980309291288083,1
9.810307677290185,0.13025202941791042,1.953125,4268.027155730758,-0.29942268294325913,-9.034179417938054e-05,-0.998081632501041,1
9.809795907227121,0.13074736850780178,1.953125,4284.200355738335,0.3240694017016115,0.00017078066281330922,-0.9978727590604196,1
9.810094390089048,0.13049688943298837,1.953125,4275.950863302595,-0.3202609085710719,0.0001022217624375552,-0.9978755026263352,1
9.81071809704355,0.12998059831668693,1.953125,4259.113721774307,0.17519557948738415,7.175179042364331e-05,-0.9979622062831841,1
9.811049234750783,0.12972943635096745,1.953125,4250.843983481416,-1.0808374571230768,-7.201830364109434e-05,-0.9979407754153875,1
9.812084928840292,0.12906812762081896,1.953125,4229.2743613711755,0.9307443559094585,-0.00047683026077506563,-0.9977199736115078,1
9.81287477201236,0.12846156395175734,1.953125,4209.328475300341,0.499809869446229,-0.0006730383371748475,-0.9978741152062256,1
9.814267699520206,0.12750937250985392,1.953125,4178.223001436593,0.7117243222722512,-0.000986451945574454,-0.997810410419862,1
9.815429897854637,0.12685052211655606,1.953125,4156.562534328832,-1.3316536908217433,-0.0007636728056783934,-0.9973419763871472,1
9.816608362916464,0.12633398883540167,1.953125,4139.70839839273,-0.5013772714604178,-0.0005631334383278349,-0.9971072532070075,1
9.817929642590363,0.1258889764342701,1.953125,4125.039741940912,0.25837721764158533,-0.0005143012730557306,-0.9972038809686956,1
9.819329370689443,0.1255812142042303,1.953125,4115.043016322163,0.16822839619756755,-0.000625447655688604,-0.9967578018203626,1
9.820371799838997,0.12533142965991945,1.953125,4106.804724050678,0.1189023682915528,-0.0009130982387456871,-0.9966810625871513,1
9.821547364515029,0.1252976204628757,1.953125,4105.7519020830905,0.33094388786654844,-0.0015748363818753447,-0.9968312387704032,1
9.823094705526294,0.1255643301897302,1.953125,4114.400152443325,0.832809010935307,-0.0018960569631358763,-0.9969382565966356,1
9.82450682507184,0.12583146971543563,1.953125,4123.243353262967,0.1985356110005038,-0.001527326838838659,-0.9967905445651882,1
9.825737495881214,0.12625905537418566,1.953125,4137.1837340649845,0.6741774736413694,-0.0012027939939837707,-0.9969982580648091,1
9.826957413182512,0.1267697032012045,1.953125,4153.987199814334,-0.24157315494327727,-0.0012592487997101576,-0.9968300930119929,1
9.827991154511917,0.12726536310190198,1.953125,4170.175500216698,0.24862874207246932,-0.0011967716771757357,-0.9965714158236842,1
9.829129077473205,0.12801577580215248,1.953125,4194.82001223418,0.00542402245264384,-0.001130098525672367,-0.9970349569992192,1
9.830427799590378,0.12903471537975822,1.953125,4228.1390221927,0.1518322070890766,-0.001114079740447066,-0.9969717638123281,1
9.830907072294815,0.12940313568392064,1.953125,4240.249973568728,-0.6799129933121245,-0.0007842758553269946,-0.9969865647370224,1
9.831745539986676,0.130060469683777,1.953125,4261.712175118787,0.2772296171739678,-2.3581356212140842e-05,-0.9975432055403737,1
9.832333705442275,0.1305319791687701,1.953125,4277.221659437773,0.18540023119203397,-0.0003358690521182072,-0.9979808171305148,1
9.832633409821387,0.13078434503601982,1.953125,4285.463921805385,0.07642854629011708,-0.000256773429881744,-0.9977486129333822,1
9.83246633991439,0.13063722008566772,1.953125,4280.625178673427,-0.5538010808583446,-0.0010107969032465266,-0.9973522429066245,1
9.832143996717967,0.13034021060392786,1.953125,4270.925383910524,0.3806479328717008,-0.0013836612274509398,-0.9971391222704853,1
9.831750374466331,0.12997515080558797,1.953125,4258.922361724535,0.46917792462894187,-0.0015189366446419432,-0.997111865590252,1
9.831440799865245,0.12970397010139317,1.953125,4250.0692081826055,0.23056649710148727,-0.0019675172584862834,-0.9970939679761034,1
9.83118007268383,0.12948863024471083,1.953125,4242.985663900199,0.16031946809380315,-0.0021429628744653274,-0.9970867645302541,1
9.830209065786542,0.12870073871767704,1.953125,4217.24706084239,0.1998066021418102,-0.0014435314303057403,-0.9969589475867445,1
9.829410260989222,0.12808168856407953,1.953125,4196.901521203438,-0.0920683883256667,-0.001400232463457056,-0.9968589693393656,1
9.828380592265907,0.12747077089893463,1.953125,4176.953172389236,-0.25487515507848,-0.0014041585066396666,-0.9970479504601261,1
9.827362140787756,0.12687536545783795,1.953125,4157.373864781558,-0.30588857613838627,-0.0011181038888346995,-0.9969048008931685,1
9.826414120142159,0.12639934794637056,1.953125,4141.842197016835,-0.7993235532861339,-0.001354261831825505,-0.9969649915026717,1
9.824928520128621,0.12585165402511905,1.953125,4123.765024705254,-0.3063655601375406,-0.0011255239217173943,-0.9973109844458076,1
9.823779947889,0.125643752604919,1.953125,4117.065964529756,-0.5340594895157361,-0.0010674769220589732,-0.9977107030846767,1
9.822444223350061,0.12549434072977073,1.953125,4112.029904657861,-1.0251318369676785,-0.0011228691853009424,-0.9979448687703,1
9.821096103307971,0.1253859424011152,1.953125,4108.618792616307,-0.2600967751920204,-0.0007545649351373567,-0.9982620695928607,1
9.820223969792096,0.12555122164880936,1.953125,4113.957124046256,-0.4755689897416839,-0.0010362080489306619,-0.9984571721618851,1
9.818528713183444,0.1258419460025034,1.953125,4123.588575578527,-0.40395687434041366,-0.0010895596823420315,-0.9982184252706086,1
9.817038797474469,0.1263712816592739,1.953125,4140.85159334371,0.10330090993496317,-0.0010120431783419476,-0.9980622492661364,1
9.815894931754919,0.12675553755031213,1.953125,4153.519009919499,0.14844171737301318,-0.0005134732846934014,-0.9977338555319318,1
9.814650236275996,0.1274384012901091,1.953125,4175.80814714211,-0.06566824382874377,-0.00049269756839748,-0.997640901548465,1
9.8136044446929,0.12821073099220928,1.953125,4201.195711352476,-0.3471727001209122,-0.00034862886110352304,-0.9978439453006299,1
9.812455798093751,0.12913560080743008,1.953125,4231.410254796292,-0.25024238525656983,-0.0002774232268881593,-0.9979800436899648,1
9.81170539954947,0.12964888458058155,1.953125,4248.29916521999,0.5511315899566398,-0.00032363986760132484,-0.9982453421609654,1
9.811166337496415,0.13009358009452476,1.953125,4262.824662544648,0.860262734759696,-0.00041372660486930737,-0.9979538300650203,1
9.810745496677878,0.13042662150891848,1.953125,4273.775528387733,0.04661599433529773,-0.0005350285703570401,-0.9977696180820806,1
9.809979239546287,0.13112214145638174,1.953125,4296.488891844511,0.9855327499814545,-0.0005673817462415662,-0.9977757410465102,1
9.809695040698882,0.13139464984979074,1.953125,4305.451655848602,-0.2227375672397708,-0.0002884240573298005,-0.9978718785676027,1
9.809908429360295,0.13120617741540627,1.953125,4299.2972465433,-0.181020939242444,-0.00031028572018436276,-0.99806496855388,1
9.810056362850975,0.1310714310968483,1.953125,4294.867322315516,-0.1681724418910259,-0.00017456402631350464,-0.9979434192611714,1
9.810589521748874,0.13058309452813568,1.953125,4278.911243109145,-0.5258358548890101,-7.398060626962393e-05,-0.9977887977768499,1
9.811473341909135,0.12985847900097847,1.953125,4255.081073394851,-0.5615962006571257,0.00013279005595597752,-0.9979062901467018,1
9.812145502489114,0.1292972039395691,1.953125,4236.759254309051,-0.0014784768003058464,0.00042106750810084564,-0.9977653360110867,1
9.813101523537824,0.1286955307613193,1.953125,4216.935113484576,0.614211405540118,0.0003276999672432372,-0.9976163008669598,1
9.814385731903375,0.12792470262688987,1.953125,4191.8085720921545,0.45652556288647855,0.000558756873379289,-0.9974619946836939,1
9.815475613203947,0.12734185955072502,1.953125,4172.604922788362,0.4787866270174466,0.0008194254657486619,-0.9978822995301131,1
9.8166608417366,0.12670675357284064,1.953125,4151.904304405191,0.5334525394512942,0.0005851371848906434,-0.997907052852639,1
9.817928428256007,0.12631243871753145,1.953125,4138.86175938428,0.274294182977125,0.0006305958595154811,-0.9979964646817293,1
9.819330716643135,0.12610740343415652,1.953125,4132.271535289102,0.1880553189876082,0.00048198183727673723,-0.997940596255966,1
9.82116364924252,0.12606458399135953,1.953125,4130.6747673690315,-0.6824256106726049,0.0006908065838381771,-0.9980363728848528,1
9.8225723734644,0.12613510297312092,1.953125,4133.153955515164,-0.30599625431447447,0.0009900843950521477,-0.9974138986080329,1
9.823778192845719,0.12627093246887744,1.953125,4137.468670109764,-0.09069983880666162,0.0011314410150808163,-0.9970519879033098,1
9.825208329602912,0.12659036385812159,1.953125,4148.086759236665,0.14619343763479264,0.001142372436383698,-0.9970098766347595,1
9.82632828561213,0.12689799271307095,1.953125,4158.060305267437,-0.0854215514251943,0.0006495784710876316,-0.9965262877911962,1
9.827440272364449,0.12739102137277536,1.953125,4174.322234843651,0.13815179919280732,0.0005162914709582441,-0.9970498653240719,1
9.828319071869126,0.12783859306533166,1.953125,4188.910917979822,0.09825913222690967,0.00030639960979039445,-0.9967519609441048,1
9.829363282962547,0.12850705307039217,1.953125,4210.901260098465,0.7480039026704617,0.0003858853125277416,-0.9968687110782909,1
9.830007787391018,0.12893535739543463,1.953125,4224.891146030562,-0.4304937686950628,0.00010255349214652028,-0.9965971671665464,1
9.830927143902432,0.12962220422592843,1.953125,4247.453354110907,-0.4087235726765357,0.00021762569063374306,-0.9964630946232198,1
9.831479071178588,0.1300893419371778,1.953125,4262.733782155342,-0.05747761596527804,9.014757794111728e-05,-0.9966711375328245,1
9.831969942732934,0.13050801635705148,1.953125,4276.477669991846,-0.5113144895064275,3.104732785776061e-05,-0.9967092450600439,1
9.832331874852617,0.13082881326074963,1.953125,4286.972812669197,0.05761186028636681,-0.00043896187710474585,-0.9967358470848176,1
9.83225565104771,0.13076277394168676,1.953125,4284.804218444354,0.17362379748010426,-0.00016343640302896425,-0.9969665329732275,1
9.832652653710639,0.13112540109374432,1.953125,4296.656577410579,-0.060162121970885586,-0.00028098641549162407,-0.9967898722902824,1
9.832365434362012,0.1308495400728418,1.953125,4287.5888696061065,0.17324820368594374,0.0004450123175666077,-0.9966067582859184,1
9.832006894596256,0.13050789278367972,1.953125,4276.428252936951,-0.0770140769078959,0.0004757055344286089,-0.9967445990030627,1
9.831660658788168,0.1301939307937908,1.953125,4266.1071876477845,-1.0953190564699373,0.00045248068118273414,-0.9965041029789267,1
9.830672551873135,0.12936227065972744,1.953125,4238.929196119364,0.0427317353678518,0.00043195480987160524,-0.9963361578712505,1
9.829932852424589,0.12884021069579055,1.953125,4221.773073621595,0.3703609272912824,0.00043037586289516037,-0.9966646793387701,1
9.828937269653581,0.12819367805720988,1.953125,4200.645446977525,0.3317020925896941,0.00026618879751197523,-0.9965408720306289,1
9.827468107648002,0.12737475163428638,1.953125,4173.702544288303,0.18606679107203186,9.387551735105869e-06,-0.9963011562983928,1
9.82620431386159,0.12679738930294582,1.953125,4154.885219937952,-0.045018392343384526,-0.000589066440932265,-0.9962109024383708,1
9.82486755498777,0.12634662140186123,1.953125,4140.003705996521,-0.6071170850203392,-0.0006087364684308004,-0.9962336210125956,1
9.823534823379802,0.12619900290855374,1.953125,4135.277136779385,-0.5448079230421475,-0.0008230240711248192,-0.9963537980576253,1
9.822628129416278,0.12606739615008428,1.953125,4130.902064481549,0.33348932634908124,-0.0007634874300956409,-0.9960820849763621,1
9.82101306775652,0.1260273173102265,1.953125,4129.662747732728,-0.7177662430197719,-0.0004768041045107559,-0.9965008564747733,1
9.819894521131504,0.12623557619951575,1.953125,4136.45393244567,0.24535558859982606,-0.0005504948087022513,-0.9970644293415364,1
9.818450992984046,0.12645445356696342,1.953125,4143.653376628848,0.115743031114107,-0.0007908524980207129,-0.9963393252610252,1
9.816824828689702,0.12716644721135584,1.953125,4166.943531488825,0.48610692907944514,-0.0010805141326415012,-0.996421239938275,1
9.815578513398052,0.12768674016477363,1.953125,4184.039007396807,-0.781479144434949,-0.0008927708969490807,-0.9965020118952329,1
9.814254144560694,0.1283856512523033,1.953125,4206.888109015218,-0.15132475076582827,-0.0011628370777978484,-0.9966747040962959,1
9.813231898121657,0.12902927405484188,1.953125,4228.029229206868,-0.6534065889415311,-0.0013614616280753884,-0.996899856793995,1
9.812550546922306,0.12953890659730968,1.953125,4244.702561185361,-0.3797114932713157,-0.001283906442651254,-0.997024933791912,1
9.811969652825447,0.1299526763913682,1.953125,4258.285310466066,-0.23880518278989862,-0.000902802304901465,-0.9969196698759795,1
9.811327210870218,0.13040725833273206,1.953125,4273.152836191517,0.20029313616153863,-0.0004628295098899997,-0.9968215170076817,1
9.810829165734283,0.13080452545588125,1.953125,4286.194715413758,0.38976944353513926,-0.0005649657093872029,-0.9970506576913136,1
9.810702260928299,0.13092551736213223,1.953125,4290.154747575234,0.7069595160331422,-0.0006647616625005452,-0.9970039745420829,1
9.810462191859681,0.1311384035255017,1.953125,4297.138471027608,0.7972951012537427,-0.0006444918688493565,-0.997353364276683,1
9.810481957000995,0.13111963350516104,1.953125,4296.523894632517,0.48807050544928643,-0.00023928535464353242,-0.9979288402361713,1
9.81058121558577,0.13102750009849726,1.953125,4293.502199948538,0.9925918940728783,-0.0007611088021802637,-0.9981806679319499,1
9.811090332761747,0.13057587251423683,1.953125,4278.710110375797,0.6699030082381796,-0.0011791273609378047,-0.9981134775836763,1
9.81166762939322,0.1300330285248475,1.953125,4260.913149273542,0.35174507568081026,-0.0009375789533960927,-0.9981204914599424,1
9.81267459871618,0.12919980139071113,1.953125,4233.611569379314,-0.198681975313472,-0.0012143801126831104,-0.9983736238304955,1
9.813618513563501,0.12857984406547981,1.953125,4213.297251813678,0.1943551308637931,-0.0008864851890862615,-0.9987667040978061,1
9.814955206553128,0.12785165278214142,1.953125,4189.418047010524,-0.366989933475755,-0.0006219952298975907,-0.9987906445238864,1
9.81609104805608,0.12724094735239352,1.953125,4169.429080300723,0.7997537060182367,-0.0008655670980682549,-0.9989057927806548,1
9.817358094217607,0.12664112563968732,1.953125,4149.743432251028,-0.16636000023208908,-0.0008686033319355601,-0.9994248289038403,1
9.818926048441531,0.126081299215331,1.953125,4131.421558414961,-0.7069001235128477,-0.0009786132929603044,-0.9995632011124116,1
9.820478662877235,0.12573671241274542,1.953125,4120.1086203636705,-0.20238348705970566,-0.000938922224675334,-0.999720075653625,1
9.821798578001937,0.1256602243560663,1.953125,4117.630616916686,0.2995453604623132,-0.0011494090771492528,-0.9998263396348613,1
9.82318866352356,0.1258125620842272,1.953125,4122.5893585664535,-0.5084748092849622,-0.0008725883796613424,-0.9997639102518532,1
9.824586980629613,0.12610041604327835,1.953125,4132.054636727061,0.005207643066872454,-0.0007729461895608008,-0.9999506830009774,1
9.826110658355352,0.1264773731647789,1.953125,4144.364681371102,0.33133750281194807,-0.000602820581538846,-1.0003342525072298,1
9.827447496093967,0.1268390900077404,1.953125,4156.262529006709,-0.15393445729932864,-0.0010152674010712956,-1.0005630957307747,1
9.829252147714495,0.12772589373094995,1.953125,4185.232753324566,-0.4670548909489298,-0.0014637326710627186,-1.0006765527485817,1
9.83047924332238,0.1284273066218107,1.953125,4208.3000916979645,0.0939173977203609,-0.0010025551607413053,-1.0004949241702121,1
9.831517336891755,0.12908351040591923,1.953125,4229.738417541836,0.21953523477350245,-0.0014619482268473892,-1.0005519501628406,1
9.832672093840557,0.1299539362116286,1.953125,4258.327486085625,0.2922325173676654,-0.0015434179311779512,-1.0000650050641264,1
9.832707039807314,0.12998069488696534,1.953125,4259.203570409234,0.29973751197151915,-0.0011733573243279958,-1.000456562723883,1
9.83304473253068,0.1302217443308023,1.953125,4267.106117532885,-0.12422636966099769,-0.0015076817545302077,-1.0006765754637843,1
9.833462156225714,0.13062248037157023,1.953125,4280.231600202223,0.33085660271535744,-0.0010427199666872711,-1.0006332053040499,1
9.83353298794773,0.13068899061855668,1.953125,4282.412802703943,-0.5356773665140887,-0.001401593732352529,-1.0007356047450078,1
9.833575497639908,0.13072653420977554,1.953125,4283.641993445232,0.10918256300889577,-0.0013338941822244234,-1.0007732454405995,1
9.833789494264373,0.13092449113464477,1.953125,4290.132667079895,-0.20060394143971885,-0.0017394808267372562,-1.000686075737041,1
9.833275476192439,0.13047942844926488,1.953125,4275.546249500627,-0.8540128607928636,-0.0018611502389520927,-1.0010360431862073,1
9.832652442182843,0.12998325294622498,1.953125,4259.288500664736,-0.16324269852096526,-0.0015555441975846304,-1.0008851462725679,1
9.8323554176114,0.12972693902758706,1.953125,4250.892335806481,-0.14466492588690016,-0.0009260072260850695,-1.0006237071695396,1
9.831457657752386,0.12910205445574352,1.953125,4230.390195520672,0.34394831557316746,-0.0012343181224944441,-1.0006398665689682,1
9.830653711703198,0.12849363536629801,1.953125,4210.479203981701,0.05502821212818768,-0.0011193725097729417,-1.0011198762695799,1
9.82957419665274,0.12776676812121793,1.953125,4186.616980933588,0.013746151637557583,-0.0014904424352831962,-1.0012885211703428,1
9.828347694117339,0.1271559382976645,1.953125,4166.64566236575,0.17292077253296156,-0.001358001095729326,-1.0011145631164968,1
9.827407027809821,0.12667857268905508,1.953125,4150.978140038827,1.064139546277147,-0.001271620143635009,-1.000926545746145,1
9.82590445355561,0.1261459280985262,1.953125,4133.537038729491,0.7752110912030427,-0.0010844588059308556,-1.000813419689019,1
9.824337705284393,0.1257340189964376,1.953125,4120.023172001568,0.021563891419646097,-0.0011577613560163648,-1.0008757397183268,1
9.822908361313354,0.1255278363672706,1.953125,4113.28840359759,1.3394445185476798,-0.0011508676485772879,-1.0011020659675731,1
9.82149218280981,0.12548722245887975,1.953125,4111.936951339888,0.1748094001535113,-0.0009316817546418971,-1.0011331577743225,1
9.819914378676172,0.12553166292354193,1.953125,4113.407788737875,0.3341500479764363,-0.0010817269282895044,-1.0010916336637707,1
9.818755424540836,0.1257041072799738,1.953125,4119.063618685176,0.2501125624888421,-0.001222355297759966,-1.0010705993018292,1
9.817425285036222,0.12614657524012118,1.953125,4133.549010112269,0.3507106069919246,-0.0009818574154805667,-1.0008859172653368,1
9.81589505861449,0.12668156383308385,1.953125,4151.084897672339,0.40819904041078797,-0.0011202152556333616,-1.000985356466568,1
9.81473154958631,0.12735498424285682,1.953125,4173.16142736604,-0.0919078004383967,-0.0008689951795870282,-1.0013402179649444,1
9.813746504622756,0.12796962968103717,1.953125,4193.299516758904,0.1301516292466355,-0.0005374651748413018,-1.0014923091554317,1
9.812888120208328,0.12850918023501673,1.953125,4210.985348384871,0.10745040327795626,-0.0005548682226231518,-1.0015317599048543,1
9.81199748032028,0.12918632804194738,1.953125,4233.16712787513,-0.34391607007637504,-0.0005437024301768905,-1.000814387860009,1
9.811267749138167,0.12976071911727255,1.953125,4251.998357463239,-0.49144510495170834,-0.0004574045711001478,-1.0004071898340687,1
9.81098553178821,0.1300051289340655,1.953125,4260.007610733733,0.027516467807193596,-0.0005431713397554606,-1.0002940601033015,1
9.810994746327454,0.12999700651057836,1.953125,4259.741381283239,-0.7385387475987955,-0.0003892571423877928,-1.0002900473285778,1
9.810747466164017,0.13023282103378683,1.953125,4267.46449066379,0.6938947467060643,-0.0001358365802862506,-1.0003060129589605,1
9.810800128742185,0.1301820706183582,1.953125,4265.800118613484,-0.019362868511962006,0.00018297838018015443,-1.0002554366342225,1
9.811018057295847,0.12997237441175133,1.953125,4258.9333339475315,0.00394151295768097,-0.00020011933231530577,-1.000242686519276,1
9.811551037947893,0.12946860627314566,1.953125,4242.40925241442,0.3210530734637966,-1.8402563084396917e-05,-1.0005062632441208,1
9.812493360725094,0.12854952379058157,1.953125,4212.309479822547,1.411660112533961,-0.0001634966173128701,-1.0001679111611037,1
9.812905958861181,0.12826450233308093,1.953125,4202.969736737358,-0.16553347713852418,-0.0004403112289934245,-1.0001321928746327,1
9.813965119531112,0.1275683766174177,1.953125,4180.137059954713,0.18164184223375437,0.00013371051498764264,-0.9997563893905248,1
9.814756112803007,0.12714245404287491,1.953125,4166.203831490948,0.1587847121906331,-0.0002480881616736326,-0.9999830086284697,1
9.81599961501279,0.12642243369304926,1.953125,4142.554975786033,-0.16389643316506408,-0.00033860531707498347,-1.000170957102121,1
9.817160077193948,0.1259720117671535,1.953125,4127.8502485441395,0.06514817283338441,-0.0002953536065252988,-1.0003332136296261,1
9.818385075516364,0.12541461132380674,1.953125,4109.525019948605,-0.006689712796893825,-0.0003385232547723413,-1.0008447322486986,1
9.819811474053038,0.12504507584422825,1.953125,4097.476917641273,0.06873678608584062,-0.0005136312054134013,-1.000789465488036,1
9.821313437822603,0.12485661474696214,1.953125,4091.2336461958516,0.5985171521667022,-0.00022980500616763674,-1.0010277185435446,1
9.822696273716621,0.12490785953652696,1.953125,4092.980635872584,-0.11422922340595203,5.7111984835759875e-05,-1.0010189883551586,1
9.824245328237078,0.12504619344111492,1.953125,4097.429173989579,-0.48248701458821114,-1.4649086317645565e-05,-1.0008836361895805,1
9.825770277786233,0.1252799489654965,1.953125,4105.173153637971,-0.08721051791144419,0.00019018428443919925,-1.0008102932484029,1
9.827320739911872,0.1256595945912652,1.953125,4117.5263967065675,-0.5195145753459656,0.0003119027864820878,-1.0007572253310413,1
9.828788561026704,0.1262062045010974,1.953125,4135.524033492647,-0.270668139460516,-5.902079257332895e-05,-1.000822479737638,1
9.829513158561383,0.12653816549961405,1.953125,4146.376764377344,0.07808483037782328,0.00025619270682951156,-1.0008585232617426,1
9.830616551072499,0.12732892960933828,1.953125,4172.312846100702,-0.07394628520099407,0.00042259475310615414,-1.0005487448049524,1
9.831244252305893,0.12775343778092507,1.953125,4186.21907697509,0.18963536660157843,0.00040740151509103834,-1.00036528847408,1
9.83199102397967,0.12832421245641693,1.953125,4204.92412955928,0.38087037452108535,0.0007187122727636229,-0.9996618324414783,1
9.832694446038122,0.12898416202918664,1.953125,4226.5485590984335,-0.15718650871349382,0.0007382992966278382,-0.9994583272472974,1
9.832854446810938,0.1291220802415961,1.953125,4231.070893716496,0.13038483672668613,0.0006084803890849982,-0.9995535551160236,1
9.8334253415947,0.12955488483769315,1.953125,4245.234534564834,0.3583643838016239,0.0005229926728007727,-0.9995302918814937,1
9.833531164511427,0.12964313236227065,1.953125,4248.1312713851685,-0.23587582130373144,0.00023210345646070284,-0.9993146359699568,1
9.83353790384724,0.1296493365772955,1.953125,4248.334271888403,0.056561794745600004,-0.00010924767039185045,-0.9992788693553708,1
9.833389716820687,0.1295175183250176,1.953125,4244.007519862964,0.4443425685324958,-0.0002565665595060043,-0.9989633638838885,1
9.832883460090693,0.1290846794828586,1.953125,4229.843363646443,0.32731016505689087,-0.000525324414940011,-0.9989497987188453,1
9.832034367032168,0.12838499304167625,1.953125,4206.87445340731,0.3633751959447788,-0.0004090971958839778,-0.9996731541358228,1
9.831312741569556,0.1278388620957298,1.953125,4189.017190816364,-0.021764887709044462,-0.0003617675393517575,-0.9997127737947401,1
9.830617704037111,0.12740222864043518,1.953125,4174.673248264022,-0.2968850446571499,-1.2674125755135425e-05,-0.9997258939625308,1
9.8292945905552,0.12641388668773873,1.953125,4142.329202571361,-0.01341993566287177,0.0008291149267207307,-0.9999100881299724,1
9.828303451643208,0.1258279974651003,1.953125,4123.1101466346745,-0.047917689222231274,0.000981269959135715,-0.9996421299032674,1
9.827158667354384,0.12538004199614075,1.953125,4108.449615392147,0.27443332693655975,0.0007429809545162654,-0.9989952390300062,1
9.825598857260209,0.12502130092540908,1.953125,4096.648549360113,0.8852001019889334,0.0006789705461794441,-0.9989104062359797,1
9.824132991208826,0.12467130301606749,1.953125,4085.2274081912515,0.1193002384340313,0.00039239794016949917,-0.9992218440285887,1
9.82282945604524,0.12451747495662262,1.953125,4080.1513840366,-0.27937124363719096,0.0002370211073162556,-0.9993359394032665,1
9.821341333803892,0.12434585010991256,1.953125,4074.558977258414,0.18565698844759027,0.0005878735826305741,-0.9990808922712308,1
9.819496368013692,0.12461324375023489,1.953125,4083.260433953323,-0.12583894878359084,0.0005554246322573574,-0.9988452163643629,1
9.818369098287603,0.12486194685472578,1.953125,4091.4734120097614,0.1662073466128883,0.0005457744850001875,-0.9987521098921538,1
9.81694365706866,0.1252186337436251,1.953125,4103.067136454089,-0.607104368066454,0.00026683747863801797,-0.998417996599191,1
9.815453080867798,0.12601903104607676,1.953125,4129.389869436305,1.391004678976363,0.00014146229242267914,-0.9983404445915746,1
9.814220368539955,0.12675241988144736,1.953125,4153.353145627996,-0.8445930952002527,0.00016919330266339689,-0.9983383636002194,1
9.813440423387247,0.12723464277328006,1.953125,4169.209479754795,-0.32350491840043105,0.0002799092681057523,-0.9990667800996202,1
9.812743713242712,0.12763752198170716,1.953125,4182.363925498127,0.46443505444403854,0.00032466013280361793,-0.999697039265086,1
9.81175547073645,0.1284399274279549,1.953125,4208.71451536107,-0.7253386269403563,0.0011307834151818214,-1.0001469272826864,1
9.811392936184804,0.1287276431959937,1.953125,4218.128773370075,0.5614095781008169,0.000610624899698586,-0.9993628508841116,1
9.81110773330617,0.12898847227835775,1.953125,4226.687052110825,-0.9266217748081544,0.0006789718124488786,-0.9992383630008013,1
9.811048714871843,0.12904060287985206,1.953125,4228.393339532737,0.20884279147624815,0.0006568000228626804,-0.9994877566160584,1
9.811183474511731,0.12892969774297158,1.953125,4224.753941734063,-1.178738308974668,0.00087170473253559,-0.9990453652018727,1
9.811483908375742,0.1286298380143309,1.953125,4214.938229969569,-0.588681427246532,0.0010692785375550338,-0.9993542620442628,1
9.811771503058624,0.128365866477434,1.953125,4206.278871098901,-0.5829010174202267,0.0013341011537189836,-0.9995722823326414,1
9.81248645012632,0.12772784901866732,1.953125,4185.386018139711,-1.0352584732099785,0.001187177360621107,-0.9992721506518769,1
9.81315816966144,0.1271288025685094,1.953125,4165.744540934752,-0.005739000901182105,0.00099923220434093,-0.9990797598400577,1
9.813786648577443,0.12663910484040242,1.953125,4149.7101718758,-0.02951324397023806,0.0009112462842431917,-0.999697288883874,1
9.814741419143244,0.12594729956602307,1.953125,4127.012588161243,0.11931503888748314,0.0008505334614646535,-0.9996832327443245,1
9.815829202673525,0.12525955585186252,1.953125,4104.50434107258,0.42660967371314956,0.0006250731467462006,-0.9999109424676125,1
9.817205380600793,0.12448084271147264,1.953125,4078.9393707435884,-0.2703067188958812,0.0006069035778496765,-0.9999667831059266,1
9.818306458275725,0.1239571523177634,1.953125,4061.827492816501,0.1284148020822613,0.0008572468464370343,-0.9998858226029204,1
9.8196190023621,0.12353886955694623,1.953125,4048.054402239687,0.24196902054488115,0.0005971109559970772,-1.000018607642392,1
9.821121355089069,0.12331111147271734,1.953125,4040.65834248486,0.04094123078539269,0.0005480146441505014,-1.000007760851349,1
9.822502955758067,0.12322118021390371,1.953125,4037.6552191304477,-0.7695842192345784,0.0001140774558972247,-1.0001519027531809,1
9.823777628950234,0.12321258112117271,1.953125,4037.429812263455,0.6399670822053546,0.00044061477477654563,-1.0003199543680799,1
9.825165687421505,0.12345230082856071,1.953125,4045.2184081380888,0.09321926809570868,0.00010430476865567258,-1.0007614592354326,1
9.826598868615383,0.12377569703629528,1.953125,4055.8820385476183,0.22931725469849576,3.603818659669259e-05,-1.0007148169220175,1
9.827685425421903,0.12409156925939621,1.953125,4066.1944010514935,-0.12907339466255507,-0.00028661864520801076,-1.0008165175460846,1
9.829112684768171,0.12469080277411465,1.953125,4085.864248011803,0.7299035411415389,-0.00041803485974722634,-1.0005605779699391,1
9.830289519459077,0.1253119531305109,1.953125,4106.1995909577245,0.43865067671140423,-0.0002939384091858821,-1.001003661468718,1
9.8313291737521,0.12592306574471157,1.953125,4126.245556525403,-0.6971625445742878,-0.00033519315096710293,-1.0010445240138843,1
9.832153117798883,0.12652919550342737,1.953125,4146.096375820421,0.30995466194265947,2.3034154690645394e-05,-1.0009831362803265,1
9.833491101752635,0.12754122090154776,1.953125,4179.253490850338,-0.6746955424957074,-1.5495066863231016e-06,-1.0008883591387625,1
9.83410255683637,0.12804823653790406,1.953125,4195.88419053763,0.0016505176172358915,-0.0002315814522259963,-1.0011442381341862,1
9.834735118001715,0.12857983555258193,1.953125,4213.285797963994,-0.31680794812806806,-0.00023795338327909748,-1.0016128461743605,1
9.835464071055412,0.1292188813116891,1.953125,4234.244292894942,0.9871527068474583,-0.0006640282469819151,-1.001233585864724,1
9.835493833007346,0.1292440971128195,1.953125,4235.070501293366,0.19480595674879927,-0.0011578434152975535,-1.0013983385776382,1
9.8354548866862,0.12920954738406817,1.953125,4233.938205690489,-0.04098914061493512,-0.0013275646964836837,-1.0014902905154046,1
9.83528036172217,0.12906103890286166,1.953125,4229.071866633412,0.5390631773346589,-0.0015768635521334303,-1.0011259102019217,1
9.834886190641642,0.12869431489444141,1.953125,4217.0522470210135,-0.5545477807342346,-0.0015722807369708978,-1.0009467806674082,1
9.834100104917537,0.128111736411785,1.953125,4197.957818723363,0.19472442831101944,-0.0014780445078422908,-1.0010674638171626,1
9.832945718542922,0.12728068654845512,1.953125,4170.718648454055,-0.8591072168565006,-0.0020037229116038288,-1.0013934202354635,1
9.831869474929778,0.12649604724896313,1.953125,4145.017175975287,-0.2749333761057642,-0.0019278754960291619,-1.0013892639253277,1
9.831178555798179,0.12604181977839882,1.953125,4130.13561868968,-0.8537408989480658,-0.0023527029773656796,-1.001478488705418,1
9.830435017325787,0.12570915451146658,1.953125,4119.230797110523,0.7304052462253215,-0.002404732834289746,-1.001331735831134,1
9.829454416353354,0.12529985551404652,1.953125,4105.816606326961,0.23423784061136152,-0.002269831562273013,-1.0010842424381963,1
9.827970685520949,0.1248374451707655,1.953125,4090.6433342820083,-0.6045586842446937,-0.0021948472180410307,-1.001280127930817,1
9.826638494903795,0.12442922290157248,1.953125,4077.2921862612616,-0.079448205891822,-0.002446064815161099,-1.0015064680894485,1
9.825085005941409,0.1241800848364202,1.953125,4069.087453192488,-1.1782429534941912,-0.0020189315232657383,-1.0012654293203527,1
9.823885421887853,0.12418763118309363,1.953125,4069.3802850338056,-0.24786004317744906,-0.0021917993872409554,-1.0009998457210396,1
9.82239586857668,0.1243142648601099,1.953125,4073.4590995727185,-0.09707788853726622,-0.0021191783746117862,-1.0007842785377343,1
9.820728926564128,0.12464698330288167,1.953125,4084.431067583238,0.16293313099837783,-0.0024244865798417076,-1.0012575974522973,1
9.81954569846225,0.12504703049850852,1.953125,4097.5092716282215,-0.4998235369615334,-0.002768437199020936,-1.001248163191394,1
9.818083939827487,0.12553253692349642,1.953125,4113.442736975697,-0.5158255476380873,-0.0028200014790563466,-1.001388326399359,1
9.816929036275726,0.12615074903281365,1.953125,4133.692653311935,0.03995032643918724,-0.0026668692954597522,-1.0011439848597454,1
9.815866058513564,0.12675636312157876,1.953125,4153.547666210215,0.4356816433052397,-0.002272168564289542,-1.0012487250388342,1
9.815039006623822,0.12730820295934905,1.953125,4171.628772430035,0.48341125490454334,-0.0027731067704608826,-1.0008111183124504,1
9.814337372140987,0.12785187428933387,1.953125,4189.448019809057,0.5608426465138715,-0.0028076320253516388,-1.0006487577679355,1
9.81355557939784,0.128497135051633,1.953125,4210.58516304045,-0.3339374008610321,-0.002794010800146682,-1.0007880348694655,1
9.813273683032826,0.12872905383538755,1.953125,4218.191733393678,-0.1336655696213711,-0.0027943404934694903,-1.000910867918486,1
9.813121316430953,0.12887027369485585,1.953125,4222.816058840549,0.38498839935103507,-0.003011908656705813,-1.0009793980812185,1
9.813207999526828,0.1287828210873279,1.953125,4219.947931102596,-0.4687683855408977,-0.003101190294793206,-1.0009727056913418,1
9.813083652364705,0.1288998064293442,1.953125,4223.776888360554,0.40695983029945637,-0.0029164205396438486,-1.001099143637635,1
9.813663430261181,0.12843166193262914,1.953125,4208.402751155063,-0.11163226136098577,-0.002813011302409357,-1.0012484505029597,1
9.814214310030453,0.1279693441656776,1.953125,4193.286328954064,-0.5328272675821305,-0.0026106478922544715,-1.0015562757309928,1
9.815122499750645,0.12731660756279065,1.953125,4171.832737398959,-1.0328522954732762,-0.0025492810770858425,-1.0018369193971297,1
9.815626128233898,0.12695903213616463,1.953125,4160.1582713459375,0.7344890358193273,-0.002057495241650402,-1.001777313816423,1
9.816487122992074,0.12637392701351285,1.953125,4140.902694978668,-0.23520214616534454,-0.002065179932488869,-1.001957415729631,1
9.818128038586465,0.12523620777264796,1.953125,4103.73787676734,-0.09868839748378377,-0.002182619653345434,-1.0020677880307183,1
9.819126325138955,0.12471254143209146,1.953125,4086.528849355765,0.2067098390070896,-0.0021507729753892334,-1.00152355689336,1
9.820163717236571,0.12427578426275482,1.953125,4072.267330043736,-0.13266676675751418,-0.002236258712473003,-1.0013044445125467,1
9.821484490933308,0.12380628423750839,1.953125,4056.806652596871,-0.12793398511469908,-0.0022494506380198245,-1.0016449880960159,1
9.823049297909634,0.12381537766855695,1.953125,4057.1822745748264,-0.05589788731231238,-0.001902063037144596,-1.0020014625594198,1
9.824832989710126,0.12357983724560594,1.953125,4049.362782739518,0.09358177507116731,-0.0014863975801287586,-1.0022109409887205,1
9.826108178804143,0.12354878519510976,1.953125,4048.4389404140297,0.03289408500131685,-0.0012722675571523701,-1.0025609445025545,1
9.827502651904487,0.12363760548771276,1.953125,4051.2415197050373,0.5694286740739093,-0.0011729982506794288,-1.0024833473757058,1
9.828692044301627,0.12380852694791755,1.953125,4056.9422848238755,0.28678307674636017,-0.0007637212305799724,-1.0022269000366524,1
9.830202229832334,0.12435777346907623,1.953125,4074.797135360248,-0.06800824556072864,-0.0005215541416434712,-1.0023892836945996,1
9.83167604079747,0.12508161196113993,1.953125,4098.657050268937,-0.17599300768900625,-0.00041349251750974166,-1.0024832964846373,1
9.833238971053314,0.1257101293596903,1.953125,4119.098032352524,0.37371088948566467,-0.00028452809337825547,-1.0028924794471272,1
9.834502039451829,0.1264297098561687,1.953125,4142.814333635473,-0.3931888875667937,0.00014457662540085273,-1.002731016504594,1
9.835266522263428,0.12699471378955698,1.953125,4161.257898967541,-0.3740337723090003,0.00015005968870133285,-1.0026911807297485,1
9.835916253793116,0.12744525641730717,1.953125,4176.08362664756,-0.6462945795489455,-0.0002132953532899193,-1.0028670159542947,1
9.836564548002078,0.1279679239770812,1.953125,4193.148218848008,0.9231236260978525,-0.000703289577418141,-1.0028034887747361,1
9.837118568731162,0.1284398012135358,1.953125,4208.665540143141,0.03936863688674445,-0.0008416613621197258,-1.0034483016567628,1
9.837450413346943,0.1287084132171343,1.953125,4217.436981602125,-0.6474027572730847,-0.0006825984045267272,-1.0037777392028546,1
9.837524629539088,0.1287790604324591,1.953125,4219.759383168442,-0.14089229474605722,-0.0008626853353495793,-1.0036121255066057,1
9.837140569300638,0.12839361142562591,1.953125,4207.1616908542765,0.24232274340586932,-0.0007014685830764357,-1.0039201528831359,1
9.836907903089953,0.12820302878409764,1.953125,4200.898022761956,-0.48830853003285785,-0.0010365534552992748,-1.0038809716211645,1
9.836360584932464,0.12773896374889565,1.953125,4185.729782685615,0.20568219478082028,-0.0008183394778386843,-1.0034295624412104,1
9.835878752368092,0.1273435129556229,1.953125,4172.739017729217,0.3408683748530166,-0.0009485558960401692,-1.003214253409285,1
9.835340307352315,0.12692639049574686,1.953125,4159.1062176949545,0.4184344237874029,-0.0008003101710634566,-1.0029555943201156,1
9.83446730999986,0.12639416415974233,1.953125,4141.599148249416,-0.7338887271968512,-0.00012188846797776899,-1.0031862667756342,1
9.833556414340444,0.12584554527774489,1.953125,4123.690862315572,-0.05928693851698578,6.212385182675044e-05,-1.003439737636913,1
9.832235203198818,0.12520272017189762,1.953125,4102.509130590761,-0.40598107270610245,0.00010182277902034053,-1.0035914926743124,1
9.831143099274076,0.12463814427046935,1.953125,4084.1145455914752,0.26007181522315176,0.0002671278437081881,-1.0036514668099694,1
9.829635143453428,0.124072690962237,1.953125,4065.4196362962966,-0.22023810411095232,0.00040893306432937423,-1.0033217858731978,1
9.828296057752459,0.12377341701667885,1.953125,4055.767967971883,0.15801960594035336,0.0003957511691093816,-1.0034011334948099,1
9.826737199523848,0.12349906601935005,1.953125,4046.5864390284423,0.4517703179408272,0.0006700692507628663,-1.0032577460306935,1
9.825630118397532,0.1234417963283905,1.953125,4044.8622834793487,0.18256200476632026,0.000875217333330046,-1.003228912548729,1
9.824208823078353,0.12349019572701009,1.953125,4046.2378725156186,0.5698170227927525,0.0009599586582800823,-1.003435683107819,1
9.822437919203516,0.12382099688215575,1.953125,4057.319384508506,-0.36006848572166444,0.0010181924683489924,-1.0033644461019744,1
9.820969666974396,0.12437831991739977,1.953125,4075.395814631823,0.4098975392431991,0.0013489119704959002,-1.002808670079649,1
9.819791634924249,0.12485737249445433,1.953125,4091.2537917506575,-0.8224796715160968,0.0018094576679728055,-1.0027314450242168,1
9.818573595348719,0.12550786211208462,1.953125,4112.401609664077,0.95160680734989,0.0017873786453267795,-1.0025339087565475,1
9.817145710725868,0.1263966191151184,1.953125,4141.710850886332,0.3108375763683095,0.0020020887889884266,-1.0019146998795565,1
9.815920834369118,0.12727619352286584,1.953125,4170.380950040742,-0.6764281783713765,0.0022712176815951344,-1.0012596392587485,1
9.815126388175242,0.12791266511369578,1.953125,4191.3465094596995,0.07572787618361569,0.0024582253959078435,-1.0016587354037547,1
9.814645417872645,0.12832342820187564,1.953125,4204.744945960177,-0.9379299239541675,0.00241665014993248,-1.0016072953882145,1
9.813986129373388,0.12884639742800139,1.953125,4221.961979413165,0.2866129257454304,0.002540489525190587,-1.0018430224219315,1
9.813828314878972,0.12898920864844923,1.953125,4226.624970619758,-1.1698879741585795,0.0030135565372938922,-1.0021094090187643,1
9.813687721808636,0.1291356346289727,1.953125,4231.437966772459,0.20496425725529357,0.0033052587170586387,-1.00200419370884,1
9.81414725586966,0.12868374272892372,1.953125,4216.670068967538,-0.5000102287473661,0.0029662942912854423,-1.0018244432819239,1
9.81415730360664,0.12867492395022376,1.953125,4216.380375263234,-0.4087020610641048,0.002891918514898452,-1.001732687669681,1
9.814749521366833,0.128190862733886,1.953125,4200.549794823118,0.917068578182807,0.0031654546880874952,-1.0017992497283106,1
9.815092493092543,0.1279098879041435,1.953125,4191.327580060105,0.33358588875853457,0.0037735371173461293,-1.001943602585159,1
9.815966519307576,0.12713162857901872,1.953125,4165.849184976998,-0.10342941696580965,0.003488911110306119,-1.0016173808644249,1
9.816995559148628,0.12632746097134726,1.953125,4139.465200585459,-0.21216230102436384,0.003770327704361752,-1.0016905004791765,1
9.818056419744073,0.1257201435631008,1.953125,4119.597558889947,-0.3165477071731099,0.004282092096497735,-1.001356061539357,1
9.819306155203664,0.1250072295236927,1.953125,4096.190258083056,0.2013636387321943,0.003980790067745968,-1.0012268466870153,1
9.820511979606913,0.12441646821968688,1.953125,4076.8788252541895,0.03149017420340291,0.004101686422569484,-1.0014491099874365,1
9.821661501189467,0.12404926188843714,1.953125,4064.8038728320516,0.28074292319676414,0.004415291543294205,-1.0011113527118631,1
9.823378909994764,0.1236289724316353,1.953125,4051.063119356016,-0.11294152744327828,0.00404311085531581,-1.0014227326527132,1
9.824700788922463,0.12353770770106144,1.953125,4048.0656043401104,0.3434471152831975,0.0041987651959767185,-1.0015537997167903,1
9.825867479106112,0.1235425062783736,1.953125,4048.234913124026,0.03173369663151485,0.0040804391991262545,-1.0012786336681134,1
9.82731955577819,0.12367702505864252,1.953125,4052.6142241302214,-0.7438734791442888,0.003463648334080319,-1.0012662508918522,1
9.828715707107598,0.12381815273495116,1.953125,4057.268753230049,-0.33269911139602,0.0036077401769511195,-1.0015442631215619,1
9.829996364588679,0.12422431628203409,1.953125,4070.555196028626,-0.011601806072576437,0.00393568734088957,-1.0011077395885213,1
9.83097939303345,0.12465754647224596,1.953125,4084.778313198004,-0.08183850904363983,0.004057211171711872,-1.0016633412932539,1
9.831793243380366,0.12517184861704073,1.953125,4101.613099149478,-0.275170873344905,0.003900112794174109,-1.0013730515623718,1
9.832608167033266,0.1256597003996198,1.953125,4117.616887991895,0.45436960707593244,0.004193301663345761,-1.0010794269064096,1
9.833558110206571,0.1262721330186814,1.953125,4137.660056190105,-0.20275351901849112,0.004135251075501152,-1.0006404379901361,1
9.834321337415778,0.12685673871697653,1.953125,4156.841190672353,-0.2877238564372722,0.003984255084330816,-1.0007375822192015,1
9.835298857206043,0.12763244918922637,1.953125,4182.221076274759,-0.6673727492052421,0.004518000307437899,-1.0009484747536843,1
9.835608047551958,0.12787672791892557,1.953125,4190.244580581915,0.5838594382791295,0.004512580355092331,-1.000676848949438,1
9.836141199403224,0.12833244939415803,1.953125,4205.141022982162,-0.16427754712640308,0.004701207919097671,-1.0006366377260911,1
9.836358412775997,0.12853842530462092,1.953125,4211.90761754521,0.5321113495350195,0.00467478934717815,-1.0003941731161867,1
9.836449086345413,0.12861452921304778,1.953125,4214.3945964692175,-0.023106908626990236,0.004562537353262096,-1.0007586808717925,1
9.836069384121826,0.1282827973716868,1.953125,4203.490104884311,0.7043366577515068,0.004810279376424183,-1.000502183180808,1
9.835330008600254,0.12769913762676552,1.953125,4184.422824034458,0.2308717232432779,0.004837872956432111,-0.9999310960290169,1
9.834996737944792,0.12740373031225177,1.953125,4174.721171977691,-0.2419537164751091,0.004926859292870582,-1.0000867689888777,1
9.834201039550349,0.12679071999743666,1.953125,4154.6739104618455,0.4208961455830528,0.005397046156736717,-1.000174844635461,1
9.833507013133435,0.1263284411554177,1.953125,4139.493502349936,0.8165162773863509,0.005017864303767189,-0.9999284789174998,1
9.832154935230946,0.1254250374773436,1.953125,4109.924843453064,0.990177407287168,0.005251586028103985,-1.000097075985027,1
9.830580035402425,0.12465958138971606,1.953125,4084.7911913394855,-1.0643017485720823,0.004454460850454651,-1.0001925792500717,1
9.828900048021506,0.12392725029008778,1.953125,4060.8429833811465,-0.8934223175104611,0.0042511857241386425,-1.0001986155592586,1
9.827338072797756,0.12326229556252637,1.953125,4039.0143987754973,0.4400946642805745,0.004307055370705411,-1.000320293129966,1
9.825811998589522,0.12294605794661187,1.953125,4028.692163559551,0.1369498699059477,0.00463171972395727,-1.0001541089002817,1
9.824144404882803,0.12277904003053605,1.953125,4023.167616816886,0.834625402179275,0.0044835881007821285,-1.0000649391883945,1
9.822614790428778,0.12275600154433314,1.953125,4022.467033181278,1.2233997327457473,0.004095174954966899,-0.9998987156573528,1
9.821381845621382,0.1229063222225171,1.953125,4027.360925037206,0.00045494881002620485,0.003924099722643728,-0.9998966997942993,1
9.820098160605635,0.12314138244528941,1.953125,4035.09436956881,0.21034120373466672,0.004064656314947059,-0.9998872153065532,1
9.818914726248764,0.12349156174019241,1.953125,4046.5443614351702,-0.19955547904222234,0.003945800547332818,-0.9999811497781838,1
9.817870446652474,0.12399922135463,1.953125,4063.2058942850476,0.32173957183840685,0.003665034157194085,-0.9996594151476822,1
9.816626710604284,0.12448887295404559,1.953125,4079.2110568811245,-0.04517358433925741,0.003685179110090882,-0.999811936854717,1
9.815685038153251,0.125071183245881,1.953125,4098.331610412636,-0.5703469625186699,0.0029853187335083667,-0.9992501483495929,1
9.814869706152157,0.12561819529656723,1.953125,4116.225354281399,-0.6646501986300185,0.0025694560182927583,-0.9987087674947044,1
9.813823536980038,0.12643351355047527,1.953125,4142.973241641278,-0.5616057845072646,0.0020062501712657934,-0.9992007088132489,1
9.813166668604207,0.12709958266701027,1.953125,4164.787571282695,0.30509646364225773,0.002471331515157483,-0.9989630968462083,1
9.81274455074933,0.12745335614384828,1.953125,4176.39060840715,0.12334221681400474,0.002718052466886849,-0.999337180536533,1
9.81275903450335,0.12744091846689823,1.953125,4175.983206687101,0.04457510473609242,0.002806409112321079,-0.9992171276017705,1
9.812895607883535,0.12732421419322573,1.953125,4172.157022940277,-0.12946861676391563,0.0027489921848314397,-0.9994964182729946,1
9.812959048574893,0.12726672229385222,1.953125,4170.274217857226,-0.7828412005655991,0.0024947595804853933,-0.9994567072379645,1
9.813135556019558,0.12712244589512478,1.953125,4165.542883682395,-0.039964682113350136,0.002117977479018934,-0.9994062683347871,1
9.813399501642497,0.12690925234074207,1.953125,4158.561711727159,0.5198771415719724,0.0017990534076171628,-0.999545264298615,1
9.813923348790187,0.1264921579021761,1.953125,4144.8804638210295,-0.27757704994049465,0.0014993183581921512,-0.999705119516658,1
9.814825122211499,0.12580477435853737,1.953125,4122.3690358971,-0.08576646526247107,0.001596803741113186,-0.9998519632241539,1
9.815687402697975,0.12516941813250237,1.953125,4101.538601576645,0.35682159399584634,0.0009323052192083955,-0.9996831116693526,1
9.816754746921557,0.12444058135032404,1.953125,4077.662622708744,-0.2406935528985438,0.0005556319706751818,-0.9993431822338055,1
9.818138420908282,0.12366238198765163,1.953125,4052.1397590268493,0.19584604584088083,0.0012158626207096556,-0.9994946876137044,1
9.819189715578398,0.12313329586982462,1.953125,4034.831458779485,-0.3378671816377998,0.0011013402728352864,-0.9992347563112236,1
9.820753334817118,0.12249310112695068,1.953125,4013.7844820391842,0.4951149128222217,0.0009606648818271007,-0.9987593902397319,1
9.822188928434947,0.12217617342396885,1.953125,4003.4688372563687,-0.43416960227599094,0.001007181910636713,-0.9982630306031046,1
9.823767452622919,0.12212769287999443,1.953125,4001.7964777045763,-0.6054923863484873,0.0010273727235204436,-0.9981937755853535,1
9.825009636782283,0.12224597166850773,1.953125,4005.751831857343,-0.07973464885314267,0.000742161734792505,-0.9984189608351476,1
9.82639930198665,0.12236895593920305,1.953125,4009.686019781949,0.39368096504646627,0.0014623089711461902,-0.9981856718973694,1
9.827755795983942,0.12260975898915388,1.953125,4017.6716034270885,-0.24073957099487112,0.0008962289013326101,-0.997773343254896,1
9.82896240506016,0.12301133244365568,1.953125,4030.7518306163365,-0.15063368094464144,0.0006057026685970723,-0.9980049176494724,1
9.830146397745972,0.12355469938717348,1.953125,4048.634815858551,0.5759895966584736,0.0004640816501325152,-0.9981719926725701,1
9.831162282180001,0.12408395894793733,1.953125,4065.9163178364533,-0.0249349397381593,-8.798006062008337e-05,-0.9980954661186897,1
9.831970233863727,0.12461247326651746,1.953125,4083.2889134260686,0.5911818010123776,-3.8506460744244624e-05,-0.997961116843069,1
9.832973217074976,0.12541829254519182,1.953125,4109.6202586814,0.7392289492818236,-0.0003657091625688044,-0.9980546555817095,1
9.83365106296331,0.12595722267196086,1.953125,4127.336979185347,0.01953894275842079,-0.000531393148505021,-0.9979593048384493,1
9.834523554343672,0.12667401645312062,1.953125,4150.745870412749,-0.7568219629029045,-0.0008043588915130932,-0.9979693345907712,1
9.83450039997982,0.12665236393148738,1.953125,4150.0335843223675,-0.6294693003922779,-0.00035977105836849205,-0.997842441187736,1
9.834732191236634,0.12686922271933945,1.953125,4157.10988438002,-0.2804155355406692,-0.0008227947910327753,-0.9981450692067904,1
9.835056493646729,0.12718480307886673,1.953125,4167.491432355299,0.16113464113368536,-0.0007590656196906748,-0.998352422891207,1
9.83482072885286,0.1269529641847676,1.953125,4159.919732286826,-0.3634607263447833,-0.0011251520467658164,-0.9983620627273412,1
9.834991886658289,0.12709229430318367,1.953125,4164.501311474023,-0.20592041042618803,-0.001769377188871996,-0.9980623979366562,1
9.835046668401027,0.12713666749534047,1.953125,4165.950416930642,0.40414452372594195,-0.0013603177361248369,-0.9975072175686037,1
9.83414392614917,0.12638459562659515,1.953125,4141.197202614649,0.08526927766555066,-0.0013327614572392096,-0.9980078277528818,1
9.83350565057835,0.12587839874197546,1.953125,4124.6929704680315,-0.7082227377213712,-0.0015259031026635126,-0.9979428496647861,1
9.832678384430768,0.12531320719650654,1.953125,4106.06029859002,0.41152391889409046,-0.0017261740569992508,-0.9978803857168755,1
9.831376534692879,0.12446717849952166,1.953125,4078.49438480192,-0.7745700220790847,-0.0016703337755726714,-0.9980839130452936,1
9.830529673975537,0.12402458871332929,1.953125,4063.9022588659195,-0.3128369229780219,-0.001052652302384057,-0.9979199729439879,1
9.829600656245388,0.12364846822374943,1.953125,4051.6730530237182,0.3657468999493479,-0.0012545610058794898,-0.9978875025628243,1
9.82796372900343,0.12303414539863874,1.953125,4031.3366622017315,-0.41292468220975326,-0.001559385865579709,-0.9978800440261657,1
9.827059971411517,0.12281394522709253,1.953125,4024.2567329912204,0.044856366937892744,-0.0012655924850080353,-0.9978032662190888,1
9.82561663578936,0.12253838128317608,1.953125,4014.98499175412,-0.8339305080456446,-0.0015283946842004595,-0.9974920324101316,1
9.824096585178406,0.1225104831141052,1.953125,4014.3219312509545,0.1445774397701219,-0.0016713180965457705,-0.997241953784677,1
9.822884951974961,0.1226500592160072,1.953125,4018.7076486981023,-0.9358208197105947,-0.0016786221868034597,-0.9970940348573267,1
9.821224752160502,0.12289361164740326,1.953125,4026.921452586387,0.042163051484142976,-0.001529113207740341,-0.9971776596613297,1
9.819645714270843,0.12355990825736651,1.953125,4048.537175996867,-0.7742046626117371,-0.001689880695409133,-0.9974301446400903,1
9.818675456601426,0.1239234109500282,1.953125,4060.6014228672584,0.32501509877329227,-0.001816794771298308,-0.9972794019701527,1
9.817036458850053,0.12495550667723168,1.953125,4094.1267819932687,-0.8218630740023704,-0.0019040070274308875,-0.9970565008243208,1
9.815882610164222,0.12566831627442313,1.953125,4117.709693976741,-0.6728177905473179,-0.0024118371092128727,-0.9972975456232519,1
9.815087834385357,0.1261651388491413,1.953125,4133.8435559577065,-0.27750234652679256,-0.0023877293891104477,-0.9971400956610065,1
9.814067591010627,0.1268764048496126,1.953125,4157.330226750651,0.43748380996961106,-0.002382881863517699,-0.9971211838895997,1
9.813402652419821,0.12743141400485206,1.953125,4175.407255213834,0.14862728254956892,-0.002767578846496246,-0.9968191871453504,1
9.813036353360824,0.12773479870726348,1.953125,4185.412477013215,0.608464272623678,-0.0024561653509277874,-0.9967296417189939,1
9.812549286133486,0.12822005918456297,1.953125,4201.226581342592,-0.03160957455111202,-0.002377586228491817,-0.9963836196533102,1
9.812490803152198,0.12827197348760372,1.953125,4202.938966099623,0.6362581965380135,-0.001933797072053651,-0.9961959142459704,1
9.81263520202665,0.12815503395673075,1.953125,4199.133925653584,0.7394908356618544,-0.002072123957673795,-0.9962474570701034,1
9.812979145157893,0.12784514920366002,1.953125,4188.913457090818,-0.03137533009188095,-0.0022168627889565095,-0.9963615562580063,1
9.813436733229988,0.12745164806657913,1.953125,4176.10553487166,-0.6420005681320617,-0.001901046231203649,-0.996714148467817,1
9.814025613156222,0.1269848209055347,1.953125,4160.694918019451,-0.052608857952388156,-0.001426677984596192,-0.9967398538562796,1
9.814437546411783,0.12666345195199868,1.953125,4150.246171178416,-0.2300487033026002,-0.0012519291716711566,-0.9972803763360466,1
9.815522718787895,0.12585244767931547,1.953125,4123.431567359805,0.6110632169778304,-0.002189647624728351,-0.997262311959912,1
9.816642677376388,0.125097464469947,1.953125,4098.938297862447,0.487423848577843,-0.002206651601665276,-0.9971205529217623,1
9.818020179957225,0.12431691797702639,1.953125,4073.0471305935002,0.1312951181207609,-0.0018682149420489375,-0.9975937737026065,1
9.819369849896912,0.12367170465063827,1.953125,4052.213882172503,0.005860137217193066,-0.0015769638936605436,-0.9976765216218243,1
9.820689690426297,0.12312761549116445,1.953125,4034.084188356523,0.2263409432998742,-0.0015509475713690066,-0.9976878856616215,1
9.82243703009831,0.1228557642335174,1.953125,4025.55015747672,0.12394916147362285,-0.0013625574715008374,-0.9974122132482838,1
9.82382753970353,0.12278690523456999,1.953125,4023.012427328794,0.37673239420716226,-0.0015658013309789278,-0.9976198397436674,1
9.825314083188413,0.12282282538120069,1.953125,4024.4855709378435,0.25373436072914046,-0.001449990429903748,-0.9974052446704424,1
9.82655509373033,0.12286737222761536,1.953125,4025.7080634305084,0.6851090740189344,-0.0012599382048426985,-0.9974153816773362,1
9.827879224570971,0.1231674746597976,1.953125,4035.7913203876237,-0.2526000200571919,-0.0014886598749025057,-0.9974696747963917,1
9.829512703997057,0.12358385205224583,1.953125,4049.1108269112924,0.238535181665308,-0.0011308504044012858,-0.9975464043886817,1
9.830687741227159,0.1240361177423744,1.953125,4064.181639141181,0.3220171023616179,-0.0007021019299641198,-0.9981923287096438,1
9.831995544936879,0.1247845288694839,1.953125,4088.4205583665166,0.28300329951768316,-0.0005427131312488265,-0.9983626114508483,1
9.833126458036896,0.12553032670656164,1.953125,4113.111882942236,-0.31956020727132756,-0.0006217663958134269,-0.9986500557865355,1
9.833816757051766,0.12597389562739914,1.953125,4127.502274171204,0.3122296491734839,-0.0005197143810087538,-0.9987367641165464,1
9.834868485258308,0.12680922786463936,1.953125,4155.0821049634105,0.9451246859098319,-0.0005955373221248562,-0.9988518472089821,1
9.835335660993929,0.12715692892877592,1.953125,4166.3922780187895,0.6274995843353585,-0.0008161283028756329,-0.9989789450451674,1
9.835892765300986,0.127644761346583,1.953125,4182.4752583118025,-0.4005158213258255,-0.00037449562523754454,-0.9989406376061415,1
9.836388236919273,0.12801958066116895,1.953125,4194.671457854432,0.27965700274702004,-0.00041413473403286523,-0.9988473202356482,1
9.836527329978427,0.12816172773671142,1.953125,4199.355066433576,-0.3158442063747013,-0.00015785970664638683,-0.9989180402955385,1
9.836752143362666,0.12836026386216418,1.953125,4205.818474638629,0.08080053281810251,-0.0001803388373582737,-0.998883804101847,1
9.836655721060694,0.128271493660128,1.953125,4202.890528040511,-0.29292648775905644,-9.371958784432696e-05,-0.9991543989086408,1
9.835941235604343,0.12760884065240904,1.953125,4181.303956692568,0.2409576086756715,1.0370244305345049e-05,-0.999114684640414,1
9.833877257475214,2.0103887990617575,3.515625,65876.2699436298,-0.02957357754833841,-0.0008394996614034643,0.9969201742229041,2
9.83243021664293,2.012876228552993,3.515625,65957.91247054018,0.4878622125809973,-0.0012397150274045473,0.9972077165324619,2
9.830632683150677,2.0143869279881206,3.515625,66007.22742519436,-0.2534497836580461,-0.0012301208278889025,0.9974599401711296,2
9.828809595924893,2.0142580602979283,3.515625,66003.1934741589,-0.09155263331558672,-0.0013919276130801123,0.997430341080073,2
9.827102876620549,2.012749853460567,3.515625,65953.60232524393,1.0272709662773802,-0.00162114569818729,0.9973875973115974,2
9.825432652152461,2.009779517617528,3.515625,65856.43894499139,-0.050554606696096016,-0.0010094317820129527,0.9972202231313114,2
9.823508137140132,2.00490127034873,3.515625,65696.3782507367,0.2791341192169057,-0.0008251637890598028,0.9975314455126991,2
9.822233126447097,2.000910529150903,3.515625,65565.77609692997,0.03635031027321626,-0.0005475543112787428,0.9975947886329114,2
9.821267353467942,1.9975018450485194,3.515625,65453.964040029496,0.7343709250453685,-0.0008256776527067405,0.9974294586951936,2
9.820429775733075,1.9943377579687716,3.515625,65350.38761226203,0.4897434639533458,-0.0009887323028453677,0.9970996201300293,2
9.82005622220727,1.992885556562949,3.515625,65302.76100486023,0.43883576916656847,-0.001608337348165868,0.99696281888713,2
9.82038829265191,1.9941708801776525,3.515625,65344.83447803801,0.5705809767714527,-0.0018128981938181545,0.9965044339904536,2
9.821310804624204,1.997639298525008,3.515625,65458.59202738802,-0.7895871477800634,-0.0019159669376833466,0.9970972393147949,2
9.822598384195656,2.001834594916207,3.515625,65595.90235873873,-0.4331457297860955,-0.002097381784632913,0.9971559864849099,2
9.824020913428962,2.0055034295900125,3.515625,65716.29447263092,-0.07759287229904051,-0.0021323471903634617,0.9970519192156925,2
9.825685349980223,2.008571263513458,3.515625,65816.60711662703,-0.45818465474197484,-0.002278056256873375,0.9967790271799292,2
9.82776295792634,2.010784314603405,3.515625,65889.36354097731,-0.09810305598997122,-0.002208667818049615,0.9966862131111077,2
9.830092283287629,2.0114655096981275,3.515625,65911.3975859466,-0.14739175613431144,-0.001983570144058228,0.9968479876669715,2
9.832157699274603,2.0102130365557684,3.515625,65870.62920615102,-0.22884264659660403,-0.0018741011209257434,0.9968810005212466,2
9.833923534344388,2.0076350211551652,3.515625,65785.93702032622,-0.0746176689681306,-0.001807089076366533,0.9969212758386718,2
9.835483329643287,2.0042916512960542,3.515625,65676.58260779397,-0.5368724203472084,-0.001562855894017639,0.9969062626012656,2
9.836737957016632,2.000579166333223,3.515625,65554.78266597699,0.1645559408631622,-0.001856722594743242,0.9966155086890579,2
9.837777818005929,1.9970618608350197,3.515625,65439.65860606776,-0.4055743034502181,-0.0015676336492164594,0.9968926313519212,2
9.838412221386369,1.9946697880211421,3.515625,65361.20366763899,-0.37666812231206376,-0.0013954751814021305,0.9970846310245998,2
9.839000454897427,1.9922850482825794,3.515625,65283.12769899829,0.20760448723619143,-0.0010138901519020438,0.9977215995335851,2
9.838979672700134,1.9923657258500933,3.515625,65285.77330036502,-0.3323312196747186,-0.0010742086842765023,0.9978111481870182,2
9.83808790196037,1.9956986595528918,3.515625,65394.87736609143,-0.0728196253015388,-0.0008484961246809444,0.9979089390093934,2
9.836942148857652,1.9995027380126968,3.515625,65519.66056739485,0.0334934693746618,-0.0006858478312992114,0.9978728500823958,2
9.835373996836706,2.004028793754614,3.515625,65667.76914508872,-0.1872051966311119,-0.0003178647478087394,0.9980993507258051,2
9.834084521611636,2.006720627302048,3.515625,65756.15238039306,0.4746836378981243,-0.0006577131189785272,0.9984500068391648,2
9.831783627661464,2.009941224949611,3.515625,65861.29241809087,0.3584590203075398,-0.000588557119607094,0.997758647702536,2
9.82990924343495,2.0108882746369394,3.515625,65892.67128676576,-0.4037245941799483,-0.0008433438526463202,0.9977208878707559,2
9.828029820733999,2.0102864659663697,3.515625,65872.6040355112,-0.463252408587626,-0.0008805342271429043,0.9974424803460947,2
9.826138008304067,2.008126319952799,3.515625,65802.1690763733,0.27473610554685973,-0.00016908822131621087,0.9973477323598599,2
9.82427114970019,2.004341594177673,3.515625,65677.8086028209,-0.5910187541424724,-0.00018765990225087271,0.9970246322817887,2
9.822994810595839,2.0009723557952936,3.515625,65567.66431246033,0.13614738204826912,-0.00040624360502782226,0.9965734496708331,2
9.821653030303125,1.9964784454769533,3.515625,65420.13279378027,0.866632092117167,-0.0006404682964977766,0.9967598972574032,2
9.820864256037455,1.9935439391251273,3.515625,65324.15088190891,0.041099761036700024,-0.0008602345276712769,0.9967353474478945,2
9.820529130592204,1.9922291372955867,3.515625,65280.99766365998,-0.3721867833131303,-0.0004312371678564178,0.9967334415957843,2
9.8207753173105,1.993193710261934,3.515625,65312.54883127776,-0.02132198393519502,-0.0002943623394109584,0.9965218613938049,2
9.821096280468902,1.99441576737284,3.515625,65352.66536860338,-0.5403037421310728,-0.00018255976288301967,0.996855436729867,2
9.822049961056994,1.9976563257788038,3.515625,65458.61777481085,0.6716158904467496,0.0004560515398314266,0.9968267705018793,2
9.823389258817212,2.001694487688308,3.515625,65591.25225526199,0.31875062688535155,0.0003088871171056968,0.9966009129716361,2
9.824539153537952,2.004398081136335,3.515625,65679.58287268807,0.008899159054029345,0.00015149317532335473,0.9966145954607173,2
9.826272560598039,2.0070500404585427,3.515625,65766.8421731754,0.1292355544222422,0.00013263664396066495,0.9965276686140374,2
9.828017683052927,2.008479760365765,3.515625,65813.32823534236,-0.05800010224872191,0.00037046877744165054,0.9960992285300011,2
9.830032238736225,2.0083514590850515,3.515625,65809.52531696038,-0.20427590310767604,0.00057852781528457,0.995924808307583,2
9.831834665164447,2.0067129943698787,3.515625,65755.48962772492,0.10509150284390974,0.000327632092810834,0.9960903262457053,2
9.833912436371333,2.0030056740489854,3.515625,65634.38881528376,-0.1411405965021307,0.0006302151344815424,0.9960584687382855,2
9.835753091545518,1.9983300918144828,3.515625,65480.85641938935,0.14996405574371843,0.0011641100225886617,0.9960701132728565,2
9.836883090544656,1.9948279289331512,3.515625,65366.32210267059,0.08057661128259497,0.0012117839650149526,0.9959200975059913,2
9.8373020936731,1.9933190366704858,3.515625,65316.80521742671,-0.5853681114955785,0.0013192689068870348,0.9958304185827397,2
9.837844192714831,1.991218745133767,3.515625,65248.07577540595,0.08083402252790013,0.0016003064597231134,0.9955424694106539,2
9.837950884837573,1.990793328358184,3.515625,65234.11895462367,0.9393861220426819,0.0024337402913202793,0.9950112844485801,2
9.837299298742128,1.9933621242272543,3.515625,65318.17468779844,1.123424552069385,0.0023067802916844782,0.9948951398800132,2
9.83628541265141,1.997023294898606,3.515625,65438.31638966276,-0.3788548045765007,0.0027116163870571754,0.9947108263653244,2
9.835211227893145,2.0004332717657873,3.515625,65549.86967113453,0.4413372804095464,0.002388138071255038,0.9944329245652999,2
9.833738565754738,2.004242634205443,3.515625,65674.92903912597,-0.1699495512378538,0.0032048683113352324,0.9945074635459424,2
9.831733978658264,2.0077288884480162,3.515625,65788.81291282631,-0.24795498227589027,0.003009919946475083,0.9948751336898406,2
9.830127275926207,2.0093245728162095,3.515625,65841.4047456251,0.32293357578843523,0.003564201308742467,0.9947177234796554,2
9.82806566931064,2.009517901510907,3.515625,65847.31836411811,0.03328730223923534,0.0036226843126996927,0.9947394508418694,2
9.826034372645235,2.007966771057391,3.515625,65796.90811995322,0.42318825522791786,0.00370384876674984,0.9948819768208981,2
9.824167670460199,2.005036519765539,3.515625,65700.51632030883,0.2257252020232651,0.0037875750214879348,0.9949682560150167,2
9.82253183409252,2.0012079597701273,3.515625,65575.40159551962,0.06623237099847756,0.004192692195842557,0.994887022070402,2
9.820862793452546,1.9963170736991216,3.515625,65414.788803849384,0.546571161331182,0.004416830744551419,0.9946956766460513,2
9.819689575789466,1.992189738249016,3.515625,65279.80812317394,-0.1757710616705784,0.003964569147790573,0.9943634222349059,2
9.819280058038737,1.9906229431413072,3.515625,65228.38553193646,-0.15529732767754467,0.004070445091935326,0.9945895135461731,2
9.819423582366744,1.9912039364603848,3.515625,65247.39223425728,0.48013420277493424,0.004090060074497609,0.9947161222734424,2
9.819744057203946,1.9924518737613048,3.515625,65288.35264558547,-0.9368902431839766,0.003952115009134107,0.9945508328010333,2
9.820192906121232,1.9941107479679367,3.515625,65342.613505811234,-0.7671346881288628,0.004297879567718792,0.9947867540750789,2
9.821220581056442,1.9974780991330516,3.515625,65453.15776318128,-0.11734665584905694,0.004291567570978436,0.9949353187913489,2
9.82286218097647,2.0020097481165093,3.515625,65601.29371093407,-0.38000674029293197,0.004239223015906897,0.9953289162155204,2
9.824781893843953,2.0059200119309955,3.515625,65729.82536981389,-0.07754646427808136,0.004110715687053001,0.995284858902439,2
9.826974280724693,2.0083886234269976,3.515625,65810.24027352543,0.20408877125373692,0.003782215984797537,0.9952066535473809,2
9.828843199530471,2.0091634594372136,3.515625,65836.0561550624,-0.627768970693675,0.003570134261723246,0.9948195220597175,2
9.830448547664275,2.008430281611472,3.515625,65811.67927968499,-0.3195850617679146,0.0037736371655837206,0.9950288256703858,2
9.832495246735458,2.005794155276408,3.515625,65725.71799900486,0.5681015195017002,0.003724446206626421,0.9951576772473104,2
9.834050296507549,2.0024201154801506,3.515625,65614.86393246282,-1.1456526775497575,0.0038070741214234222,0.9948941264114667,2
9.83556852829179,1.9981023778214366,3.515625,65473.66871728711,0.8785727815751064,0.003353567439538688,0.9950203083846827,2
9.836267757277973,1.9958552849383964,3.515625,65399.92191322623,0.21431156611409583,0.0033182223645064207,0.9950326604145012,2
9.836944776052,1.9932869341912816,3.515625,65315.87313000978,-0.7979756385842242,0.003007051146994238,0.9954027423691465,2
9.836720338622476,1.9941809374952584,3.515625,65345.19797621353,-0.0003094244663467786,0.0031152278406824585,0.9952051720242223,2
9.836103636783548,1.9967150834812517,3.515625,65428.146110943126,0.39568933802001993,0.0029691907855434003,0.9953509107506294,2
9.835123127512688,2.0004409849675038,3.515625,65550.36906498422,0.6621788561581828,0.0030002954449027236,0.9956667033027139,2
9.83406819378284,2.0041230072916942,3.515625,65670.87631972594,0.3466906146459223,0.003222693832351788,0.9955795281914366,2
9.832546487686042,2.0086223447058305,3.515625,65818.49685551864,0.40785520668699365,0.0030735962617368467,0.9956378826196838,2
9.831083813685225,2.011865029797553,3.515625,65924.57696770463,0.3551954708248862,0.003027626295851681,0.9955354696624061,2
9.829197143939153,2.0146163055052377,3.515625,66014.931824854,0.07319502251023853,0.0030954326264212777,0.9953565624219755,2
9.827349870934096,2.0158591254402736,3.515625,66055.4620768181,-0.7982990639272126,0.00310412893207546,0.9955763980594571,2
9.825519652131595,2.0154313820444947,3.515625,66041.63948029632,1.092130825925172,0.0032110938429590584,0.9962656854116934,2
9.82353253812669,2.013250619039126,3.515625,65969.95971820944,0.21067266243941654,0.0031406581313508436,0.996994171918364,2
9.821719915352574,2.0095926435917257,3.515625,65850.30669860117,0.5201380964099371,0.0031924101573519233,0.9970081326746836,2
9.820419587893674,2.006056050273049,3.515625,65734.2896984658,-0.6875260447680679,0.003427208155568627,0.9968109667100865,2
9.818917743671841,2.001114272883396,3.515625,65572.49766279625,-0.2683668366007623,0.003511578446470108,0.9964796146267159,2
9.818108843414953,1.998175757342759,3.515625,65476.15128033982,-0.15817243453057017,0.003169933384071946,0.9962918049336318,2
9.817968415101877,1.997646276243125,3.515625,65458.81423337167,0.6873792911234583,0.0031177848310669637,0.9961772877410467,2
9.818160859339738,1.9984228879772425,3.515625,65484.277948786155,0.2670098216937428,0.002984519460293272,0.9959215718135468,2
9.818536580085246,1.9998702784776232,3.515625,65531.67312807355,0.8947874178569085,0.0025572475360513794,0.9958140747717508,2
9.81912590709761,2.001996491622751,3.515625,65601.392379697,0.4404735045027337,0.0031384111683836558,0.9954467495886742,2
9.820260736635811,2.0054552790776334,3.515625,65714.6181755608,-0.06390759824838217,0.002938923667578892,0.9954264918914344,2
9.821754479135015,2.009105884899836,3.515625,65834.3707545796,0.05855410449051609,0.0031075188980704844,0.9956068330018597,2
9.82311961852125,2.011401770642352,3.515625,65909.48971555066,0.008311801152255308,0.003003732321577514,0.9953293925923592,2
9.824712718014828,2.0129075232567417,3.515625,65958.94974667771,0.18053757527134925,0.0024691891800064907,0.9956038965604668,2
9.826638013362222,2.0128978825873065,3.515625,65958.46842967602,0.1209298935852227,0.002280263544630335,0.995365814091242,2
9.828626178662248,2.0111424703050913,3.515625,65901.11379715899,-0.9055052132983595,0.001940509133439554,0.9952720728920406,2
9.830730426485454,2.007408077537678,3.515625,65778.56075961517,0.10162623316015622,0.002008170523098516,0.9952533309202731,2
9.832325182819066,2.003413144805049,3.515625,65647.82122236594,-0.29972040088371915,0.0018558626133248835,0.99492797567491,2
9.833485970256461,1.9998871460677572,3.515625,65532.17667015416,0.57813067474126,0.0021987355518952303,0.9949405903530978,2
9.834205472276748,1.9973433044168185,3.515625,65448.8953220472,0.26617100669803523,0.00229565537767607,0.9948062352310861,2
9.834929903263593,1.994544640057763,3.515625,65357.11280067698,0.09328568324660107,0.0025154347546263544,0.9946572816727516,2
9.835378239135437,1.9927522999601746,3.515625,65298.432421844744,-0.9618993323565519,0.0019958843776945777,0.9941954559881593,2
9.834954927311303,1.9943985667246835,3.515625,65352.41337418828,-0.7346069075962683,0.002218699361306015,0.9942349430526738,2
9.83377706006194,1.9986087429409807,3.515625,65490.242904217834,0.05350689809953716,0.0021455007148939486,0.9941397093679744,2
9.832803646830277,2.0017428278119684,3.515625,65593.05416013094,0.4828278542748497,0.002133418289827153,0.994508972751194,2
9.831485043882399,2.0052498737370557,3.515625,65707.80429177421,-0.7426569289297428,0.0018844887637805632,0.9945720926196441,2
9.829564955685509,2.0088865822079227,3.515625,65827.17983579848,0.3632667437280664,0.0020518966579274717,0.9948044643815219,2
9.827612053134168,2.0110759969158924,3.515625,65898.70904353008,0.8116778792827972,0.002155908612211004,0.9947921129534883,2
9.825810200503229,2.0114748478214732,3.515625,65911.98452584536,-0.2824556968722997,0.001645358209269217,0.9945662720194212,2
9.823885662496469,2.0102075687983376,3.515625,65870.23063217908,-0.1690085353475297,0.0012145958527607996,0.9941212994214831,2
9.821980155099965,2.0073339897127926,3.515625,65776.2958240684,0.7701824802497867,0.001203972382843752,0.994104706291672,2
9.820322041287486,2.003633026586192,3.515625,65654.83889836085,0.4512297806638041,0.0014713001860436664,0.9942739739130725,2
9.818968524838075,1.9997934753420725,3.515625,65529.18800066384,-0.4195718317690383,0.001463587420674353,0.9941343369429653,2
9.817802945333463,1.9958518933654967,3.515625,65399.89660753804,0.791614133202529,0.001003573327723263,0.9938875181743558,2
9.817137259103129,1.9933190330411525,3.515625,65316.98706633225,0.14864209079193338,0.0008992296285942028,0.9935996358191068,2
9.817161079908448,1.993415121282176,3.515625,65320.13826888959,0.2516812695005986,0.0008894464218266772,0.9937968671224985,2
9.817164274761794,1.993427709284798,3.515625,65320.55040827594,0.38706741489901714,0.0007251506335590295,0.9939633334377844,2
9.817954164974449,1.9964031643680908,3.515625,65418.11487839711,0.020287886583294796,0.0008136111882826051,0.9939680957903989,2
9.81908900841911,2.0002745164576066,3.515625,65544.8654776261,0.18887504646287803,0.0007567650472244576,0.9941185352658498,2
9.82084178958491,2.0051169697967333,3.515625,65703.67100884924,1.0197614366807102,0.0008760910887877936,0.9941064168823337,2
9.822741949661633,2.0090424637032256,3.515625,65832.15363219494,-0.32720347936386435,0.0007491033074603945,0.9941306446963336,2
9.82454622868148,2.011625006514671,3.515625,65916.92455872969,0.02831967746290805,0.0005860610795813306,0.9941164938177984,2
9.826889495607725,2.0129001917149223,3.515625,65958.47861481782,0.19465907131476948,4.888949125868617e-05,0.994555644622112,2
9.82891732978192,2.012181305832527,3.515625,65935.1432106013,0.2672941496942561,0.00018976202542287805,0.9942187653837388,2
9.830654702926319,2.0099592721006547,3.515625,65862.15875923695,-0.15958977442157143,-0.0004136442623108118,0.994478110912634,2
9.832397259198602,2.0063032980807662,3.515625,65742.53287230042,-0.3953012004434034,-0.0006323184260875938,0.9944541571692527,2
9.833670174312596,2.002742150513806,3.515625,65625.73435273216,-0.165951097245852,-0.0008070451020264993,0.9945372208650944,2
9.834798637812241,1.9989659992229565,3.515625,65502.097480924735,-0.6357053537431057,-0.0004048999057491726,0.994548305416953,2
9.835708408010074,1.9955608169411592,3.515625,65390.44232391223,0.26938553168656654,-0.00017586639816310608,0.9938108189707089,2
9.835619400053302,1.9959146036351787,3.515625,65402.02503932634,0.021400368247365503,0.00023932274206723165,0.9939207143791615,2
9.835845966754029,1.9950051629472334,3.515625,65372.19626430629,-0.575234260258488,0.00012135079829471695,0.9938255956903311,2
9.83558565062786,1.9960168843615518,3.515625,65405.31177188572,-0.08256004962458974,0.00014852313726428573,0.9937351527473807,2
9.835128687358052,1.997611716583413,3.515625,65457.63250224158,0.942599551002786,-7.081487960268164e-05,0.9938241621913214,2
9.833714562320402,2.0016894961147895,3.515625,65591.01922775159,-0.530623258830019,-0.00010435606892080223,0.9935707029129068,2
9.831812697352614,2.00622145967843,3.515625,65739.8068600269,-0.04580241254613308,-0.0005674804655651319,0.9939976523609767,2
9.829968264025986,2.0090223438961337,3.515625,65831.31403858372,0.18800461154266182,-0.0005074691386273613,0.9938512343135999,2
9.82781680276741,2.0106765944725145,3.515625,65885.81638195836,-1.0638459781039273,-0.00036833481566731234,0.9936998996580306,2
9.826022797544512,2.010242223966024,3.515625,65871.35723805889,0.27701817679189844,-0.0006504976346260152,0.99398214176813,2
9.824177461775792,2.0083076019837174,3.515625,65808.19258976607,-0.1295806742576436,-0.0007139848441846676,0.9937219109075708,2
9.822299533302466,2.0048193614893464,3.515625,65693.65482936247,0.14874340248085596,-0.0010022890502472605,0.9935795979151699,2
9.820721791026912,2.0008335465892757,3.515625,65563.2606820715,0.5875044766908104,-0.0008206532167905189,0.9933962051110338,2
9.819275917891376,1.996334656258578,3.515625,65415.65206179514,0.22257370599375767,-0.0011670431084004722,0.9931482604832164,2
9.818526510658437,1.9936517760705084,3.515625,65327.8544974019,0.4369713254006153,-0.0013230530292704808,0.9929059499138172,2
9.818476584891911,1.993456087053548,3.515625,65321.43563911221,-0.5014642237705024,-0.00136850865611447,0.9932735712317632,2
9.818232144288881,1.9924782518901143,3.515625,65289.42430374412,-0.21212223635666305,-0.0010229119135378472,0.993469218713425,2
9.818459638216268,1.993360731396169,3.515625,65318.36613610572,-0.15928116171077514,-0.0012965481558785338,0.9935053131138348,2
9.819107769816037,1.9957146524853058,3.515625,65395.41999331725,-0.24581903084739073,-0.0011584978273920209,0.9937362615275579,2
9.8203562201804,1.9996417981477164,3.515625,65524.23314238397,0.3239222890066837,-0.0009260697867860025,0.9943786193755095,2
9.821858263416031,2.0033963941502946,3.515625,65647.0967331019,-0.2188091652278672,-0.0007744236154335126,0.9940459073441363,2
9.823436352719218,2.006239968302052,3.515625,65740.44650510272,0.372581185089075,-0.0005646632774645615,0.9940403896781401,2
9.824937977060733,2.0077611251286234,3.515625,65790.1323118175,-0.1945718137382452,-0.00018355306426601266,0.9942390205851995,2
9.826979264723915,2.008075181074569,3.515625,65800.60396755395,-0.12243568239136948,-0.0006242824698120384,0.9942780436737098,2
9.829026454641307,2.0065851081831054,3.515625,65751.59567021269,-0.3833534154994898,-0.0004918857557478548,0.9941169907802464,2
9.830645696424677,2.003935304679413,3.515625,65664.933244827,0.33644660900851403,-0.0007296043977800963,0.9942246512190588,2
9.83234565723995,1.999745172448758,3.515625,65527.45186784796,-0.25662578938621056,-0.0007250772123310995,0.9945072058102885,2
9.833633361117588,1.9959050865104493,3.515625,65401.77301193293,-0.4690510744621861,-0.0007870762539402697,0.9944776834548695,2
9.834513335195235,1.992890132011291,3.515625,65302.886129923456,0.04274452493943196,-0.0009001868148688034,0.9943317679512026,2
9.83491557494628,1.9913504628887537,3.515625,65252.482992415,-0.17275523713760776,-0.0007178048997700897,0.9941975587900834,2
9.835210668554915,1.9901819049617793,3.515625,65214.15696516831,-0.042416206923614176,-0.0005337857180638065,0.9943582829200254,2
9.835006744794699,1.9909935487779666,3.515625,65240.72558128317,0.3744479412525834,-0.00030990511951554717,0.9945566115164632,2
9.83432838090662,1.9935138684258744,3.515625,65323.39177899619,0.45481857520280755,-3.301033214323331e-05,0.9943426856660684,2
9.833122358389058,1.9975450496038778,3.515625,65455.321797888886,-0.11019163384238102,-0.0005575333893278985,0.994254752166283,2
9.831494969209608,2.001968142826514,3.515625,65600.45617609256,-0.5019075761677717,-0.00044558330199883506,0.9944021126922405,2
9.829452508624103,2.006230416981417,3.515625,65739.84551868924,0.60234607820045,-0.00038252925494136576,0.9946190341073089,2
9.827721341227063,2.008377411935476,3.515625,65810.45056894861,-0.7658810503101753,-0.00024303132383049426,0.9947188364180263,2
9.825618672964755,2.009207561525744,3.515625,65837.3208479502,0.6178992720512421,-0.0006882069789038534,0.9939615061697761,2
9.823300636309687,2.0078641607649104,3.515625,65793.65000770232,0.04810281621272831,-0.00010309005100643507,0.9938310556342975,2
9.82137033336565,2.0052769374014776,3.515625,65708.60517797363,-0.4223144554319636,-0.0004293407104565708,0.9938151827143011,2
9.819724385463843,2.0018128926034753,3.515625,65595.33810204564,0.603488677568142,-0.0003934401894702525,0.9937349795885047,2
9.8181318021459,1.997408707147022,3.515625,65450.78966406405,-0.7923703854842946,-0.0004289824597179195,0.9935318733823899,2
9.817413795509013,1.9950228557467484,3.515625,65372.73529801511,-0.6332963020868192,2.3314947600443074e-05,0.9937682642111766,2
9.816881677484728,1.993009599300839,3.515625,65306.67535637132,1.6042146556004202,0.0009316444023944096,0.9940415486243952,2
9.816624637842958,1.9920159392517274,3.515625,65274.16068004747,-0.36403032433615107,0.0009615596859881311,0.9941584967596222,2
9.816562611745365,1.9917714712738672,3.515625,65266.13935174843,-0.6930527686078373,0.0008452725270073441,0.9939673011821296,2
9.817371012326312,1.9949417446820201,3.515625,65369.86164034111,-0.56221269288532,0.0014232836995828372,0.9943972405956483,2
9.818598047410715,1.9991003463912993,3.515625,65506.35859339216,-0.08110642946970377,0.000995510786918917,0.9940457693072032,2
9.819983184433251,2.003145669155216,3.515625,65638.65129789073,0.48772386929097894,0.002027701017372903,0.9946740296517648,2
9.821653587211038,2.007030915440851,3.515625,65766.26632489203,0.6929676354920957,0.002170570336190715,0.9950818309511038,2
9.823436841976187,2.0097870680837246,3.515625,65856.24957432394,0.31664288365936955,0.002717120792910352,0.9948940633823712,2
9.825159285342188,2.010730507811234,3.515625,65887.48673420704,0.12896337508573197,0.002769726004822189,0.9948323863354349,2
9.826877536831809,2.0104369408463727,3.515625,65877.54562595567,-0.6396455299303246,0.0027742293347301694,0.9947034235317531,2
9.828790090933682,2.0084724496052844,3.515625,65813.51886226235,-0.3476720153145531,0.0022646776048173916,0.9951774111115969,2
9.830496168031043,2.0051884196308842,3.515625,65705.61094557078,0.4828291997352305,0.001999014627734488,0.9953225413472996,2
9.831850966279573,2.001624103139123,3.515625,65589.06672461393,0.9838330677169628,0.0022482030760338227,0.9956594037831755,2
9.83322194570668,1.9973033733891516,3.515625,65447.230021943666,0.6849119816931003,0.002483273274856724,0.9953203225259198,2
9.83403405510512,1.994315660492669,3.515625,65349.49458691782,-0.2815575093021228,0.0028131601999465345,0.9952650696813506,2
9.83441867843508,1.9928230406728649,3.515625,65300.51121697744,-0.49272492725261446,0.0031338520762429723,0.9952325530213524,2
9.834660521341968,1.9918859805954046,3.515625,65269.85279276076,0.0054120012719067745,0.0035722026656824523,0.995525408087926,2
9.834340131157996,1.9931492420992492,3.515625,65311.3039205456,0.17501159146195278,0.0037750805666788624,0.9957360587178502,2
9.833812400574297,1.9950250524594673,3.515625,65372.67370175192,-0.17099061594126397,0.003416375791923834,0.995789596540224,2
9.832552199700837,1.9989691427092289,3.515625,65502.11449376563,-0.06902586087865832,0.0036309128339637353,0.9960024230489787,2
9.831097969932918,2.0025279339512085,3.515625,65618.48795349222,0.8748413158815916,0.0036493424287179542,0.9958652489868658,2
9.829337936974886,2.005578915457683,3.515625,65718.73657189647,0.037843525677696256,0.00288476337885922,0.9957169252176769,2
9.827142484286792,2.0075671940665702,3.515625,65783.51530497949,0.33560044521436794,0.003029263092850408,0.9961110583454963,2
9.82540304170281,2.0077255872328137,3.515625,65789.02719227076,-0.1886816447149613,0.003071758463355695,0.9960739106191001,2
9.823684170658247,2.006237420549658,3.515625,65739.94624916432,-0.007589714179630391,0.0024929575483088797,0.9957375407456647,2
9.822039708374604,2.0033240845488645,3.515625,65644.78905228601,0.0633460005944168,0.002613067309022016,0.9957324679993353,2
9.82013800433236,1.9985757950813121,3.515625,65488.826052491924,-0.4890582577281748,0.0029409072218106115,0.9958734563802986,2
9.818586134955689,1.9937635384266836,3.515625,65331.45860872081,-0.08919277501505955,0.0032028733230743825,0.9958218199429945,2
9.81793965097349,1.9915355831882906,3.515625,65258.33860168378,-0.20423260024108458,0.0029946463978371167,0.9956917496059701,2
9.817189660685987,1.988688927450239,3.515625,65165.18952385576,-0.9687999365972549,0.0030703594290732734,0.9954928677411798,2
9.817356312861598,1.9893613085119133,3.515625,65187.24601811155,0.9259555467688187,0.003282134255177704,0.995460312074717,2
9.81771829950134,1.9908021759294443,3.515625,65234.406106021765,0.4556731918116081,0.003996052726704615,0.9954933374150796,2
9.818182606820029,1.992489388185313,3.515625,65289.76071222518,0.9900733323326373,0.003757344279293637,0.9952944538303783,2
9.8196960271684,1.9974071988840496,3.515625,65450.63374418988,0.8368396491059684,0.0035711416556575277,0.9951411616249478,2
9.821394910350802,2.001875842497297,3.515625,65597.35927419699,-0.03310913158444843,0.003938352809524241,0.9953020261946229,2
9.822714810569535,2.004372614124884,3.515625,65678.95911966835,0.10116622733039549,0.00358193273784547,0.9951267724982268,2
9.824685269321261,2.0067808483157643,3.515625,65758.1501579069,-0.3703145427389245,0.003473742111887327,0.9947585405597851,2
9.82661255843277,2.007455755308785,3.515625,65779.9963072775,0.48376727691235527,0.0035417707314638223,0.9949922574725863,2
9.828334096405962,2.006218131272306,3.515625,65739.6939132904,0.14351083014480537,0.0036683935049483885,0.9951404977946746,2
9.83036871674293,2.003307014264737,3.515625,65643.98364536928,-0.4948292225514403,0.0035544091158864737,0.9950998788731873,2
9.831810768193476,2.0001100412156783,3.515625,65539.47917492586,-0.4549686945938447,0.003425652444186657,0.9948172384528815,2
9.83282895853371,1.9971937835548936,3.515625,65443.75408430625,-0.18497147011657944,0.0032813804601720406,0.9943078271931418,2
9.834049326213085,1.9929950133234289,3.515625,65306.35865105626,-0.4123385500873458,0.0032230828998040706,0.9944279708996041,2
9.834538049144534,1.9911334906815048,3.515625,65245.295956558184,0.37391611992400914,0.0030711616289820017,0.9945955025107599,2
9.834797669815842,1.9901170076338817,3.515625,65212.02395762363,0.31043479160628823,0.00349155402118737,0.994510742696168,2
9.834799466296731,1.990109854568354,3.515625,65211.78933122932,-0.36894018858947675,0.0033156645656626546,0.9946743036340978,2
9.833888573989906,1.9935527234638788,3.515625,65324.458992393615,0.050778606594879726,0.0033920402154708597,0.9950163439325721,2
9.833272561955056,1.9957208434033575,3.515625,65395.60881518759,0.5162705329979266,0.00337482874434278,0.9950432666981407,2
9.831744257399606,2.0000902900418085,3.515625,65538.48098008544,-1.1920900632224705,0.0037759650249960825,0.9946615791008705,2
9.829719588421542,2.004314212561603,3.515625,65677.26274316161,0.4046246965105335,0.0035952989283213003,0.9943679259798563,2
9.827781558002313,2.006960602076129,3.515625,65763.62879681854,-0.29233162579718436,0.0036187430806915465,0.9940808319545019,2
9.825878958927735,2.007935613786465,3.515625,65795.92461337386,-0.14120042940218505,0.0037250821167216707,0.9943392761742199,2
9.823976204014038,2.0072685211755417,3.515625,65773.71865175948,-0.22580316186819496,0.0038717198337830556,0.9942576815228558,2
9.822261819908434,2.0052629233465145,3.515625,65708.32215506113,0.2792727017549623,0.0037684365006470937,0.9941839564626372,2
9.820711639481708,2.002122901753681,3.515625,65605.14626599866,0.2856016571010211,0.0038873743062808577,0.994135257600152,2
9.818729439644082,1.9966568132190952,3.515625,65426.36813112591,0.2620856810111339,0.003916384273592993,0.9944419767045896,2
9.817852859739949,1.993860961433104,3.515625,65334.63742464242,0.6381559386791196,0.0038531407463732203,0.9951868878986024,2
9.816892179124439,1.9903421223941558,3.515625,65219.45684653708,0.23089332594099687,0.0038698230360874916,0.9950039465613436,2
9.816410245070916,1.9884693250730927,3.515625,65158.03400759215,0.33990687131517916,0.003960403088570463,0.9951893793095441,2
9.81641190247157,1.988475886391497,3.515625,65158.248793405306,0.8156629097453939,0.00396968158754533,0.9954618663207474,2
9.817023003620609,1.9908554207648903,3.515625,65236.288617321065,0.4154137524504525,0.0040589184310947475,0.9954338653291945,2
9.818010325951168,1.994288130478175,3.515625,65348.65083899752,-0.6746637361684407,0.00399855709872633,0.9954213448295941,2
9.81964934540725,1.999141531213997,3.515625,65507.8526261821,0.4649739065668352,0.0036606719275516925,0.9956205487967935,2
9.820642944646199,2.00145391034787,3.515625,65583.5453192642,-0.39880804177179624,0.003594555291538239,0.9955333872643889,2
9.822395259586875,2.0042327281676515,3.515625,65674.69799177174,-0.24269475170149235,0.0039608363887612885,0.9951159190208881,2
9.824091176420493,2.0054922941001685,3.515625,65715.88131387037,0.5186277284847165,0.004097174012089539,0.994916992160534,2
9.826239898073132,2.005451359128311,3.515625,65714.62227502979,-0.0746332815263789,0.003972723729097945,0.9946478279081805,2
9.828093938895085,2.0036618429513626,3.515625,65655.93028276353,0.35125643087667413,0.00424970044064083,0.9954259057824438,2
9.829743102595542,2.0005304186416475,3.515625,65553.37809807707,0.024399299364934752,0.004198682752174846,0.9952289741904133,2
9.831009268909854,1.9973642858992433,3.515625,65449.60136946998,-0.5089306219560967,0.004143542482077962,0.9951537158845387,2
9.832158433407493,1.9936778257501995,3.515625,65328.83407030646,-1.1499946003132209,0.003951280601552027,0.9954044262317152,2
9.832584353122568,1.9921158834282708,3.515625,65277.651086879036,0.03628790651055169,0.003830074834632583,0.9948248211705457,2
9.83328363071988,1.9894247115594172,3.515625,65189.4625678214,-0.10257622992382191,0.0033794601340250254,0.9953501147512106,2
9.833209358526926,1.9897225186169716,3.515625,65199.21878084081,-0.18937549470623102,0.0030649742652216413,0.9953126824065227,2
9.833038315533315,1.9903837630402494,3.515625,65220.89125840776,-0.5210698314549518,0.002469579425156989,0.9952262367734498,2
9.83169111575251,1.995191325751171,3.515625,65378.33558526905,0.15149178752108128,0.0025972883998742567,0.9955440398331042,2
9.830569214926664,1.9987078147163555,3.515625,65493.647033843044,-0.7444343994926991,0.002226802869360718,0.9958017727115379,2
9.828785880192976,2.0032357024564713,3.515625,65641.84605400555,0.3227136617351789,0.002474697409646862,0.9958606174195446,2
9.826829821883521,2.0067446781814158,3.515625,65757.00444817788,-0.585225341882809,0.002375344847705203,0.9958804908884616,2
9.82468885971966,2.0087490181142025,3.515625,65822.4767462267,0.013631507208629046,0.0019560887097876878,0.9958176570192385,2
9.822601755111338,2.008913710234831,3.515625,65828.0777939383,0.6277069609701963,0.002107539153089495,0.996271094604207,2
9.820261747113086,2.007131893141691,3.515625,65769.44263315998,-0.3573577328243118,0.0018155365705406561,0.9963335093313176,2
9.818571823885225,2.0043948865969483,3.515625,65679.9719213906,-0.6372753294951204,0.0020680231719029224,0.996145324136366,2
9.816695552547547,2.0000162086598636,3.515625,65536.24066178768,0.24178621021928848,0.0016804592420601324,0.9963575293887702,2
9.815694226444826,1.9969751599613352,3.515625,65436.754101376486,-0.42686901229414315,0.0014537899223311412,0.9961656196218949,2
9.815234027801633,1.995384620531068,3.515625,65384.56877144379,-0.44353818793145666,0.0013819108303386447,0.9961106100707403,2
9.815060394263195,1.994732167505403,3.515625,65363.2159244654,-0.3901553673373807,0.0015258683181470366,0.9963234495073959,2
9.815262683085459,1.9955448735294867,3.515625,65389.87532934683,-0.04393717233081892,0.0015353928679171058,0.9964833622068279,2
9.815100839419237,1.9949030305268287,3.515625,65368.864411627874,-0.40509411533882184,0.0012351331558928037,0.9962115431808476,2
9.815617769249393,1.996832949923682,3.515625,65432.159567167175,0.40938685522754287,0.0013854736915547808,0.9962246663013224,2
9.816547891567765,1.999805458149351,3.515625,65529.45015894877,0.22768741737066497,0.001143117708125151,0.9963433842652774,2
9.818267306731352,2.004489701703179,3.515625,65683.10705473031,0.2968269261740109,0.0010375958809504854,0.9964397472060538,2
9.819889504727895,2.0077789250066225,3.515625,65790.73913887209,-0.6627257826245719,0.0012422973663945007,0.9962429714123687,2
9.821603011743921,2.010081485868919,3.515625,65866.34190864928,0.45637734791913925,0.001077529463286254,0.9961929185469085,2
9.82341663882403,2.010813942725405,3.515625,65890.1757414946,0.15970342113845012,0.0010807509527577214,0.9961061794718852,2
9.82545263058498,2.0098581228082786,3.515625,65859.02842665241,0.27333725822366733,0.0010580585706642582,0.996149164738849,2
9.82710348838142,2.007704266581859,3.515625,65788.331431258,0.44401953041718417,0.0009081292593447583,0.9965123719705887,2
9.82879013795417,2.004010943612454,3.515625,65667.42867004573,-0.009408367602494158,0.0005617077499643886,0.9968576740218096,2
9.830163282040141,2.0002359165172523,3.515625,65543.64495606499,0.42957255200356786,1.5018094729168626e-06,0.9966190395403758,2
9.831339637400369,1.9963629486759882,3.515625,65416.81477287583,0.3114332267323334,0.00010097366462502377,0.9967690072366309,2
9.831837006222269,1.994491887149315,3.515625,65355.4813971654,-1.156617620022492,8.413153391610695e-06,0.9965894682296184,2
9.831850196138953,1.9944408460950602,3.515625,65353.80968803769,0.7390101076901677,-0.0001678916172007813,0.996376603486236,2
9.831847403680678,1.994451884882432,3.515625,65354.17157580504,-0.057408669092789445,-0.00032322468013191454,0.996827431001677,2
9.831286871556966,1.9965511162151945,3.515625,65422.915063913264,0.5772663431028681,-0.0006726161997741109,0.9969544176020968,2
9.830426310287033,1.999560828531084,3.515625,65521.5965986213,0.4641022222325167,-0.0008161255638531588,0.9961998338651128,2
9.82885464498036,2.0039769193313144,3.515625,65666.1581724597,-0.5397063684589133,-0.000784834558809182,0.9960413790780382,2
9.827387783626513,2.0074308430764924,3.515625,65779.47661104235,-0.2636212746911042,-0.0006690367353183317,0.9960196174516587,2
9.825567085333576,2.010057131583237,3.515625,65865.33962253461,-0.20560270231120134,-0.00041142539309455526,0.9957707361664804,2
9.823638435977333,2.01130289168163,3.515625,65906.36065166425,0.22404385664170454,-0.000261674013070714,0.9955954921304261,2
9.821760016078148,2.0109545775498976,3.515625,65894.7554314833,0.47589106139033294,-0.0007548890483489537,0.9959320985560584,2
9.819805156930371,2.0088867129809684,3.515625,65827.19021094832,0.38739358266684576,-0.0009945624929517433,0.9958928489372803,2
9.817982201863332,2.0055036242728947,3.515625,65716.15960205287,-0.6679229435891708,-0.0009592523157261859,0.9957735727105134,2
9.8165015205262,2.0015993212728302,3.515625,65588.38097936363,-0.016711863769160118,-0.0008913250694511398,0.9956227337105699,2
9.815328331679634,1.997811373453512,3.515625,65464.144472315704,-0.08969985686295938,-0.00036917763176240085,0.9959578819110804,2
9.814590203398673,1.9951097985969022,3.515625,65375.70090646206,-0.17372862561630123,-0.0005667405410994706,0.9960770146817683,2
9.814387561647179,1.9943110803295054,3.515625,65349.50964925166,0.013337824380869279,-0.00012695291388997831,0.9961237317968067,2
9.814478936657354,1.9946698215577996,3.515625,65361.25549849234,0.06940819191125532,-8.336251652441977e-05,0.9959769216951224,2
9.815266445089067,1.9977073161353998,3.515625,65460.85102651952,-1.2102614889687782,-0.00035032470137619237,0.9959083413734695,2
9.816049129780705,2.0005034453981607,3.515625,65552.41219352523,-0.15234212922344645,0.00012104423216603538,0.9957713331334925,2
9.81736861727392,2.0044590559099174,3.515625,65682.11162036784,-0.041747635306819575,6.93248708867252e-05,0.995697960826044,2
9.819287181679703,2.009215123482933,3.515625,65837.80157704647,-1.1661613670415438,0.00016914336803354045,0.9953898068399045,2
9.820890138250075,2.011924901354231,3.515625,65926.74321669355,-0.2994089862925951,-3.47488282794424e-05,0.9953876278585214,2
9.822737221179073,2.0136598938924672,3.515625,65983.41055306554,-0.22515466949456217,-2.8828168782621413e-05,0.9956566224329089,2
9.824534066974136,2.0137083665394617,3.515625,65985.18173289402,0.6476311159106748,0.00016681506090960544,0.9955972637631333,2
9.82605693596409,2.012417952131212,3.515625,65942.75615424945,-0.03637339833221631,-0.00032038174570632715,0.9954263701029209,2
9.82755102220029,2.0099221984434124,3.515625,65861.11531564679,0.2609588908489968,-0.0003962330131693141,0.9958408792232298,2
9.829082230388558,2.006244251744514,3.515625,65740.45099851546,0.5107123581886602,-0.00034507202506009525,0.9959693033920523,2
9.830525577341392,2.001755718449358,3.515625,65593.51191386273,-0.48549529447215417,-0.0004262172233508885,0.9961072639961236,2
9.831499622268113,1.99837274868117,3.515625,65482.578467710584,-0.30225575099272345,-0.0005043246916273166,0.9964002324137768,2
9.832038523659858,1.996319641177859,3.515625,65415.354348015055,0.32049496316176374,-0.0012448210169736106,0.9966096059728359,2
9.832147569478103,1.9958758028999306,3.515625,65400.80164752857,-0.5775884922938227,-0.0008881035545256675,0.9967151454017018,2
9.831876429693004,1.9969414998015873,3.515625,65435.69662809888,-0.16480744188447716,-0.0008128587578523244,0.9964985405956649,2
9.830977926643051,2.0002397649702037,3.515625,65543.84112508742,-0.23323129397734496,-0.000772900386962292,0.9967251908696767,2
9.830227458789633,2.002602309366054,3.515625,65621.20470581252,-0.44714798499747604,-0.0007973313198626151,0.9966453408854845,2
9.82851320050748,2.0072041171929014,3.515625,65772.06201297787,0.24833689262110661,-0.0006595907154977847,0.9959030071361232,2
9.826620615696841,2.0107664016880293,3.515625,65888.7078343166,-0.1472670727428825,-0.0003142401739657086,0.9963262067360756,2
9.824893914258446,2.0125913596744742,3.515625,65948.59327525606,-0.2765202821501589,-0.00039860263865580724,0.9968126351655815,2
9.8228392757213,2.013158474118299,3.515625,65967.05300025789,-0.2759034009820122,-0.0003494783197614348,0.9968125004565486,2
9.82084073019761,2.0119857950901943,3.515625,65928.7504372799,0.1873465331712699,-0.00018294927186674771,0.9972749029747507,2
9.81893996641781,2.009244933910223,3.515625,65838.82626126349,-0.4873996700589487,-0.0005133906051049672,0.9975430152714578,2
9.817518768619916,2.0061947697978613,3.515625,65738.98428762182,0.47889871023532277,-0.00023907368918793986,0.9974389723891177,2
9.815980777806377,2.001840801312868,3.515625,65596.19306341317,0.23268120198069178,9.850988438313307e-05,0.9974251890450213,2
9.814857353722722,1.9979743687849325,3.515625,65469.600998560054,-0.12335650981428141,0.00026264185277637266,0.9972240730890183,2
9.814024495344414,1.99474171233614,3.515625,65363.60473665664,-0.3188684572123748,0.0003648489227144027,0.9970503916138209,2
9.813765740954173,1.9937270836664602,3.515625,65330.38355732058,0.1945284653120325,0.00040561592123120353,0.99718327807352,2
9.814337787824606,1.9959975512534138,3.515625,65404.824528312005,-0.03949426191684324,0.0003186192482466805,0.9968035677082576,2
9.815001116845124,1.9984662238274213,3.515625,65485.66696989064,0.45416333099152933,0.00016703548814066147,0.9962599927385045,2
9.815629283280211,2.0005737348464168,3.515625,65554.7749314626,-0.5799454043456839,0.0008056515594183759,0.9958764849759636,2
9.816987023185865,2.0044989012134953,3.515625,65683.25632617091,0.39697224218859145,0.0011846395335150801,0.9958291701545345,2
9.818511855715903,2.007691684167976,3.515625,65788.02458535743,-0.8554219380954843,0.0010878614516294694,0.9954839861642039,2
9.820062973176523,2.009719556892425,3.515625,65854.3228989605,0.46055458779543795,0.0011770586044887541,0.9963193570717452,2
9.821954535956339,2.010581681801229,3.515625,65882.73607249632,0.20974663053493714,0.0009801767927997602,0.9958871834515427,2
9.823854756107814,2.0100867820154025,3.515625,65866.35484640734,-0.07948640806353069,0.000992067538649316,0.9959506303612904,2
9.825660643247183,2.007753032131854,3.515625,65790.04430346,-0.15248023006643052,0.0006550909388582165,0.9960909905215727,2
9.827101337699284,2.004771395013699,3.515625,65692.23019973697,-0.3684225777384806,0.001179191132917937,0.9959908024884918,2
9.828193647317825,2.0017801081810074,3.515625,65594.30896142808,0.1015653459277625,0.0016368126440623547,0.9955943897801672,2
9.829207116627668,1.9983900112934025,3.515625,65483.1346554009,0.37682022538744303,0.0019068094720840851,0.9952893156865853,2
9.830071327331067,1.995101569523491,3.515625,65375.45793053772,-0.34474058492075227,0.001916419562341981,0.9954598329676763,2
9.830651406684964,1.992719493573304,3.515625,65297.35448344456,-0.106131246893104,0.0021430771348660642,0.9953366008768394,2
9.830581186743482,1.9930045133731225,3.515625,65306.6867559738,-0.2297435759586127,0.0019648442157910134,0.9951502905165762,2
9.830036157946713,1.995125386234069,3.515625,65376.23135930747,-0.44184849751157645,0.002118202055841497,0.9953069895984755,2
9.829273911281227,1.9978192870888312,3.515625,65464.43276866885,0.4514957325081923,0.002335450337568354,0.9954057204031029,2
9.827957869485067,2.0016646421637305,3.515625,65590.5383684336,0.011482891676375099,0.002221735877257888,0.9953847588477728,2
9.826352578713108,2.005431043351034,3.515625,65713.81738322448,0.4995311818796229,0.0021987129784578523,0.9953407055706169,2
9.824519547776564,2.0083808835828942,3.515625,65810.62212543703,0.34359129033085384,0.0020753448490754274,0.9954501429427438,2
9.822789737300983,2.0095434816619226,3.515625,65848.58774267501,-0.41263129939640447,0.002190651482863521,0.9956036329102561,2
9.820725247050015,2.009407681759778,3.515625,65844.27083611139,-0.17614627541721953,0.0023803797266522693,0.995315565501569,2
9.818883016935995,2.0074032276207987,3.515625,65778.483632194,-0.23926705046809124,0.0024542142991460826,0.995368795942148,2
9.816751813027988,2.0034651806103243,3.515625,65649.54328759105,0.8401696326606422,0.0021416538961092856,0.9959600359668708,2
9.815298313615331,1.9997715596473227,3.515625,65528.47371544451,0.10667456652421,0.0020201301067868773,0.9955375465239813,2
9.814009901501882,1.9957729268467144,3.515625,65397.48628355508,1.015624388607345,0.002094137953407289,0.9952320006625066,2
9.813374775910562,1.9934987813362302,3.515625,65322.96107594726,0.19145704190183702,0.002157437420347119,0.9957191317067298,2
9.812675201423302,1.9907594088220875,3.515625,65233.202457128384,0.312512291555322,0.001990038378368636,0.9962689235902255,2
9.812642810736731,1.9906314145675423,3.515625,65229.008811557556,0.5346518484778547,0.0018479722726431462,0.9961956851776627,2
9.813047941320367,1.9922010603243674,3.515625,65280.443036094635,0.4581939061887776,0.0008848004647447943,0.9964355691020117,2
9.813739400677084,1.9946405129157048,3.515625,65360.37240751393,-0.10818434919322802,0.0014658161470939989,0.9964195709999525,2
9.814877580677983,1.998204271597013,3.515625,65477.14387336509,0.14087616550023085,0.0007155530628036123,0.9964240473005105,2
9.816790706675514,2.0030525874140013,3.515625,65635.97461829621,-0.8452525072182956,0.000267593566261798,0.9968983437891588,2
9.818943262697083,2.007177224672875,3.515625,65771.1575759155,0.3583982888643125,0.0005052348878160501,0.9968095562873851,2
9.82093777918792,2.009191554986477,3.515625,65837.14860745927,0.402480195882769,0.00045753370940619913,0.9967349546842657,2
9.822960681916099,2.0095056478458435,3.515625,65847.45367181853,-1.0851718303638336,0.0006317934332691,0.9967681880334291,2
9.824810487661159,2.008116685461668,3.515625,65801.93887627516,-0.5358103730068251,0.0004972731332715327,0.9966381494006695,2
9.826782210768098,2.005000256687075,3.515625,65699.8132214256,0.055526035185418245,0.0005659500288556078,0.9970208938222019,2
9.828229059048958,2.001586798020673,3.515625,65587.99067432478,0.21655158328455096,0.00025624365840004257,0.9973842587502013,2
9.829767701609148,1.997051219734571,3.515625,65439.33266829106,0.6523662111540034,0.000285089957065149,0.9969110482708734,2
9.830822576112359,1.9934654782333088,3.515625,65321.876615106354,0.6129754936846439,0.00011300802677518217,0.9970807903581104,2
9.831069177757056,1.9925255704720553,3.515625,65291.07454166447,0.21408217272376837,0.000569049871224197,0.9975003773402156,2
9.83092960621564,1.9930873152882658,3.515625,65309.47823213961,0.04569189446798797,0.00041041511081228623,0.9973830856658497,2
9.830520334192675,1.994713529837464,3.515625,65362.77286341835,0.5177848306157102,0.00029536069900400403,0.9976210865374278,2
9.82951081493294,1.9984697158602025,3.515625,65485.818856621205,-0.873379345430294,0.00017325134866033812,0.9975819117927318,2
9.828326885176976,2.00236942097181,3.515625,65613.64068015505,0.4987281995624168,1.42079886920765e-05,0.9976662963827725,2
9.826812678363282,2.0065596871195126,3.515625,65750.88452460468,-0.4177454451782978,-0.0003030717563888408,0.9975880718507942,2
9.825229183287162,2.0097603909319344,3.515625,65855.82726208103,0.49740011041042936,-0.00043145776797470195,0.9976471816139585,2
9.823371649655384,2.011902754072488,3.515625,65925.93871978603,0.41808694949698594,-0.0002221422114490417,0.997703617133938,2
9.821369995648839,2.0125866514673287,3.515625,65948.43565827352,-0.19137059312561178,7.6455539045337e-05,0.9975576549639269,2
9.81947674759042,2.01156320610218,3.515625,65914.82384832553,0.12081966877910115,9.336710154926852e-05,0.9975211323752636,2
9.817536858559203,2.0090098623061827,3.515625,65831.23032750901,0.15758228521129544,-0.00021692265765377403,0.9974368258374566,2
9.816004025344778,2.0057854446805172,3.515625,65725.534229521,-0.36850809124371153,-0.0003909145287808949,0.9973798274827593,2
9.814548649440749,2.001831327702643,3.515625,65596.00586005565,-0.16929839704486463,-0.0003270799772029766,0.9977320018460767,2
9.81345700623868,1.9981612839815732,3.515625,65475.728773655384,0.46494041206581943,-0.000395220356892163,0.9977287461875463,2
9.812450908840404,1.9943474480047145,3.515625,65350.77557083198,-0.058095009884709725,-0.0005928764439090195,0.9977435442609586,2
9.81234548129425,1.993933808807453,3.515625,65337.22260672253,-0.507538988958307,-0.0012956595453041475,0.9979143504202894,2
9.81245701199025,1.994380824063734,3.515625,65351.870842290555,0.7110663431412831,-0.0012699045501754882,0.9978905641345028,2
9.812867140538193,1.9959469349045826,3.515625,65403.18353272693,0.015916101377418574,-0.0014598934520735185,0.9979962431073365,2
9.813500242127105,1.9980912974479406,3.515625,65473.454069084546,0.365577634973306,-0.0020483918688791124,0.9981624360179667,2
9.814742267709878,2.0016753065044934,3.515625,65590.86212158568,-0.7310005504975076,-0.0017788987340815782,0.9981645425608532,2
9.816127664965865,2.004812287475782,3.515625,65693.6847428948,-0.17002571186822024,-0.002129087164451155,0.9980638220599132,2
9.817408465282558,2.006720490377745,3.515625,65756.18936376652,0.05224770838928331,-0.0022185244294099975,0.9975808775742149,2
9.81924497540576,2.0079214143175497,3.515625,65795.54130981209,0.36456811439832865,-0.0025416880723168086,0.997799235455742,2
9.821290599844032,2.0073251600556996,3.515625,65775.989154613,-0.7139477306603416,-0.0019530666703246003,0.9975692283491863,2
9.823306180649592,2.0050727204365466,3.515625,65702.19708597957,-0.6172694914712338,-0.001849169349677509,0.9976252680505561,2
9.82534970333016,2.001126244932507,3.515625,65572.8610127645,0.5594013927196405,-0.00197605769896551,0.9972399896751729,2
9.8268407637535,1.9971609182672656,3.515625,65442.96528878361,-0.7836098838658169,-0.0021689666218318747,0.9974026528741696,2
9.827984394549627,1.9934995257145565,3.515625,65322.97104086083,-0.7537259119659817,-0.0024529925188908046,0.9979110956948661,2
9.828871216556623,1.990168565990093,3.515625,65213.84336918107,0.5045902670717624,-0.002773894779340307,0.9979773212797969,2
9.829209218090892,1.9888652002302023,3.515625,65171.13267205505,0.2812874697204582,-0.0029621111200663994,0.9984029730677771,2
9.829080067087913,1.9893783264600868,3.515625,65187.944048132274,0.019587994403991615,-0.0029747281307009998,0.9984639492618622,2
9.827898050645773,1.993983355114194,3.515625,65338.82596285002,0.24683689782129173,-0.0031882435130633755,0.9982545216025543,2
9.826878871840062,1.997542801950803,3.515625,65455.48086126799,-0.27829481902881525,-0.0034461011476802704,0.9985417867622758,2
9.825955650494892,2.000398726591668,3.515625,65549.04954199551,0.21510104960301155,-0.003065457714243098,0.9985475157460736,2
9.824251058617364,2.0045162314061207,3.515625,65683.95462058565,-0.024869457871924776,-0.003036908864052818,0.9982692958081627,2
9.822659836313056,2.007247006145318,3.515625,65773.4587257628,0.8025201535007606,-0.0029709234854893864,0.9983093090231466,2
9.820271606258531,2.009199672593744,3.515625,65837.34819093,0.5208302464161534,-0.0029354483750387247,0.9981524292885238,2
9.817884704703468,2.009254628615884,3.515625,65839.24454965685,-0.45890283875875565,-0.002843501235852632,0.9987442670475137,2
9.816061803888239,2.0075727984713168,3.515625,65784.09504885196,0.21578159362494867,-0.0031326735771394533,0.9988578877943144,2
9.814194626406962,2.0044786183926435,3.515625,65682.74249198774,-0.28279012773540063,-0.0030913861061171257,0.9992040286975756,2
9.812852705856837,2.001243497580943,3.515625,65576.73017316558,-0.10047875734865859,-0.003093242368119097,0.9988364634535623,2
9.811275029016285,1.9965137103966601,3.515625,65421.736880480064,0.1499229791140048,-0.003029672392123695,0.9989757940189468,2
9.810091898777864,1.9922312835624911,3.515625,65281.43133313834,-0.5454272672686784,-0.003180601863204824,0.9987916863974625,2
9.809934691727255,1.9916159503335136,3.515625,65261.27058642655,-0.5829810161934196,-0.003408929028536449,0.9990596637343601,2
9.809697509230029,1.9906924296068842,3.515625,65231.00427713258,0.5466714890341487,-0.003066112090561954,0.9989708523884475,2
9.810132455627198,1.9924004041313248,3.515625,65286.953570991,0.2618035542448827,-0.0025355120801894776,0.998877682914539,2
9.810725726232153,1.9945573595845876,3.515625,65357.65363691426,-0.04122308112346218,-0.0023132400774241576,0.9988538102260935,2
9.811824178674627,1.9980559861358969,3.515625,65472.23965952523,-0.39478196725516074,-0.002201891166766212,0.9990464648920216,2
9.813366907027929,2.0020993882558606,3.515625,65604.79141609311,0.2259984709053242,-0.0026187361856666587,0.9990171588985434,2
9.81492275733722,2.00492451018879,3.515625,65697.30629715325,0.0799018279237013,-0.0026303597714662417,0.998638146023765,2
9.816580549330283,2.0067832766496183,3.515625,65758.27138030935,0.495785790807228,-0.0025571482082302403,0.9988366995580209,2
9.81801924865751,2.0070507754675777,3.515625,65766.99762278245,0.5968487062600616,-0.002334405911494578,0.9989493172896912,2
9.820144727748591,2.005655844006256,3.515625,65721.29852772472,0.11020524166572916,-0.0019609926346542445,0.9986322976198082,2
9.822018590441118,2.0027904950302395,3.515625,65627.41338941357,0.8149388901438215,-0.002183021008568645,0.998321614165642,2
9.823271451559284,1.9998950763799057,3.515625,65532.557381454215,-0.49099554573573795,-0.0023882638418392926,0.9984415846162736,2
9.824523596732188,1.9963139269010735,3.515625,65415.18924637321,0.06051232135117365,-0.0023448857453663477,0.998213970928637,2
9.825536815982117,1.9928223593389656,3.515625,65300.80250947197,0.1097365319886497,-0.002489640659774372,0.9986075439537263,2
9.826018379812105,1.9910200771388493,3.515625,65241.741858026624,-0.1258038290652621,-0.002511887014217637,0.9985420115000447,2
9.825991267985305,1.991129095718699,3.515625,65245.31353167907,-0.3777910263621986,-0.00305819136469804,0.9983411766052845,2
9.825617121169097,1.9926133389795317,3.515625,65293.953891246274,-0.3639177845191928,-0.0031665464405261547,0.9981693021971605,2
9.824957475033553,1.9951221561184387,3.515625,65376.14839530213,0.14959191603702493,-0.002797355390701229,0.9980292167238147,2
9.824233547633439,1.9975143150084511,3.515625,65454.54895371123,0.18642098777005836,-0.0023937337472892412,0.9979182453694467,2
9.823196084653803,2.0004833012380816,3.515625,65551.80554814999,-0.20085984299657866,-0.0024056140939755946,0.9975757414557683,2
9.821353688811488,2.004430466259842,3.515625,65681.15296821001,0.612816585801435,-0.002473552773042467,0.9980320527482364,2
9.819367367943807,2.007268859081798,3.515625,65774.1448151228,-0.266740770960799,-0.0022433618424244784,0.9983528462796266,2
9.817242686944414,2.0084278384956,3.515625,65812.13038571492,0.3433714435741422,-0.0021073828531367822,0.9983777358602085,2
9.815650309606323,2.00771080423423,3.515625,65788.6562865903,0.5470921472648721,-0.0016615110267886241,0.998196257921718,2
9.813914055419291,2.005540006954323,3.515625,65717.49177727864,-0.19899880867887987,-0.001175554523655567,0.9980705350279352,2
9.812338224588292,2.002442042097762,3.515625,65616.0148322333,-0.03705695936029466,-0.0006059115276123142,0.9978917252001048,2
9.810786368003834,1.9981678905749998,3.515625,65475.92405233486,-0.5808477856505002,-0.0011036445319942505,0.9978866034226904,2
9.8095695100516,1.9940918070372022,3.515625,65342.400049434356,-0.674167959534922,-0.0013179129527751336,0.9980614125704547,2
9.80910022126859,1.9923579343439697,3.515625,65285.58015346328,0.09657434628267463,-0.0014756910133314261,0.9977717098344122,2
9.808754313836676,1.9910254039321178,3.515625,65241.92040585101,-0.12111419186112471,-0.001080486684919564,0.997931026499809,2
9.808319991105318,1.989273222375369,3.515625,65184.49787530079,-0.5568772726376968,-0.0012994326176360902,0.9976761331519136,2
9.80915471049813,1.9925582188457704,3.515625,65292.0923884242,0.48479103670009255,-0.0013355882154206604,0.9976057266462512,2
9.80996477614309,1.9953950325660181,3.515625,65385.09658092521,-0.5425711396164843,-0.0018589875384034211,0.9970047989443851,2
9.811016102723066,1.9985945898484139,3.515625,65489.86974096264,-0.36080373063183896,-0.0018526713659762725,0.996761063808274,2
9.812334278970955,2.0017071738960297,3.515625,65591.9390522447,-0.16473964965795554,-0.0017451392835075967,0.9968079393135069,2
9.814171239655265,2.004427770397873,3.515625,65680.9502011378,-0.39721547930457746,-0.0013459851606015595,0.996892028231236,2
9.816008200708387,2.005825954273729,3.515625,65726.90324766659,-0.44977093884153874,-0.0013786051602397704,0.996786554805407,2
9.81763258303027,2.005664046666509,3.515625,65721.48771240158,-0.39673086418770254,-0.0006038118869935775,0.9966589388326439,2
9.819321968686836,2.003918351928555,3.515625,65664.39574335201,-0.49707916222056764,-0.00022279533913290462,0.9963717286143084,2
9.820873814399791,2.0010247316943843,3.515625,65569.4826668238,-0.8655993672994858,-0.0006220678543961812,0.9961122218914477,2
9.822268992101785,1.9976463117916927,3.515625,65458.871110953856,0.2403523078149495,-0.0006569715501618745,0.9962661180234519,2
9.823281928474758,1.9944150073569518,3.515625,65352.93325162854,-0.7759458281980187,-0.0005827791646369243,0.9962298001962662,2
9.823847430598487,1.992370052220924,3.515625,65285.96286549744,-0.08476490194637638,-0.0003324719323506651,0.9959657536270901,2
9.823529032088254,1.9936030694910885,3.515625,65326.3789450663,0.5231912542233962,-0.00026007948520158266,0.9958643995878712,2
9.823565797789431,1.9934562424800026,3.515625,65321.5687411146,-0.7274810750908122,-0.0005086626935909611,0.995855328455654,2
9.823004491897365,1.9955957698684132,3.515625,65391.68140093394,-0.07533107511214136,-0.0004271160228735896,0.9956699355524453,2
9.822217830535116,1.9984533848088082,3.515625,65485.30743447587,0.025953104709818337,-0.00036116119580002797,0.9954352632325747,2
9.820931503263685,2.0024773790936075,3.515625,65617.16471898927,-0.18787386769569517,8.902987563181642e-05,0.9954332521803889,2
9.819158379906238,2.0071187453616273,3.515625,65769.22604876867,0.7540272160998333,0.0008389736168411611,0.9954593038841196,2
9.817375130850222,2.0105144717889423,3.515625,65880.52373470983,0.13197216285940763,0.0008763810589615549,0.9950770415770074,2
9.815231963694908,2.012797093520462,3.515625,65955.26353207696,-0.28338065015729325,0.0004675589076693429,0.9954683521218394,2
9.813592969232932,2.0127537746179844,3.515625,65953.91484249741,0.272206226207345,0.0008768058565050121,0.9960311113780328,2
9.811111849671637,2.010926494240449,3.515625,65893.86289963115,0.7450023546989542,0.0007813134954608004,0.9958932721783018,2
9.80951463947449,2.0083347179395696,3.515625,65809.094889587,0.17363498402725477,0.00080436494735632,0.9964626328496429,2
9.80815681500676,2.0051070159030076,3.515625,65703.2047623421,-0.5102114321258947,0.0004734262256336334,0.9967289494819811,2
9.806780237982881,2.0010461821024497,3.515625,65570.2650247912,-0.44298201797816245,0.00036509584367489526,0.9971013010995317,2
9.805978722724111,1.9983043786885888,3.515625,65480.363545565946,-0.8284805502092544,-0.00011563419342531118,0.997122120407769,2
9.805410438382932,1.9960568276756392,3.515625,65406.761305875334,0.10042033999464668,-0.00041075056899053436,0.9969957007581416,2
9.805074169748409,1.9947078465526589,3.515625,65362.533518407174,0.036496025020217836,-0.0003276040266722225,0.9968789575320477,2
9.805864590276325,1.9978537194726829,3.515625,65465.53100775026,0.18527771705097015,-0.00021624597998099436,0.997132200834522,2
9.80626651546307,1.9993671863640978,3.515625,65515.173379326174,1.1609292061414938,0.00032953369826492116,0.9971985040919976,2
9.807266864517532,2.002717258221042,3.515625,65624.8067419341,0.11813019163552478,-3.038535937705184e-05,0.9970991665730223,2
9.809032686168079,2.0075015606006112,3.515625,65781.78476221151,0.7910679873699943,-3.331916366941962e-05,0.9970796922820558,2
9.810613467450478,2.010914531685681,3.515625,65893.44617045729,-0.17471237679516585,-6.88478701134762e-05,0.9969809572403815,2
9.812144538382235,2.0128499042608676,3.515625,65957.036283474,-0.20030115251938696,-6.512915650469498e-05,0.9968722905202616,2
9.814225506357417,2.013439051472284,3.515625,65976.07042559862,-0.04599210874706235,-0.0007829807345045524,0.9967683996564916,2
9.81573022891196,2.0126927506038337,3.515625,65951.84003269047,-0.2938344912787822,-0.0007403021752488207,0.99666334711666,2
9.817509994808761,2.010266507266,3.515625,65872.05544045281,-0.3713233963159534,-0.0007224499280570651,0.9968651743329359,2
9.819337073221512,2.0064150694581495,3.515625,65746.13762628014,0.32755873917994904,-0.0007162578737255678,0.9974469376535006,2
9.820329844548345,2.0035888449854373,3.515625,65653.39958689551,-0.18206538406957407,-0.0008488982865281938,0.9973930344977852,2
9.821665907855378,1.9991595064922902,3.515625,65508.41668019664,-0.10834838553273585,-0.0008083911187038919,0.996837778342444,2
9.822103496520258,1.9975355228550054,3.515625,65455.16323153491,0.21288756276650625,-0.001394881171858956,0.9967454301919719,2
9.822383954630716,1.9964461273788645,3.515625,65419.49220197011,0.3795064273023551,-0.001387523070235411,0.9966993037746086,2
9.822237915497588,1.9970341064145816,3.515625,65438.770743202316,-0.2852917577971918,-0.00158322474101414,0.9965057376777297,2
9.821639445683255,1.9993126186710528,3.515625,65513.37644235325,-0.4743453524412568,-0.0019131933928686411,0.9963973348751078,2
9.82086451077525,2.0019676480250364,3.515625,65600.44523999628,-0.9269591836394587,-0.002120004719963351,0.9966249017869809,2
9.81952643152474,2.0058828937877196,3.515625,65728.59653183601,0.10852669291974355,-0.0021069763040650388,0.9967737750063967,2
9.817815994986253,2.009781583218407,3.515625,65856.51132630029,0.5349157165825696,-0.0016730713803525335,0.9971515487774498,2
9.81591571113403,2.0125675366620004,3.515625,65947.60904724048,-0.10526607979409164,-0.002078753066475403,0.9971492044263175,2
9.81429684531712,2.013427638889312,3.515625,65975.97171366149,-0.4876855538180583,-0.002169387118892955,0.9970265054143678,2
9.81215650007777,2.0129934936392453,3.515625,65961.47262359619,0.6820306961538639,-0.0020028374111879937,0.9969725425686641,2
9.810152135861218,2.0107159626602966,3.515625,65887.10709259786,0.7909705088313785,-0.0024809303229387427,0.9967081895317534,2
9.808729203990078,2.0080032383311206,3.515625,65798.05580509582,0.1344585459822459,-0.00236603740530976,0.9966331635546722,2
9.807232079642082,2.0041070426782803,3.515625,65670.55074381168,0.49337164095049957,-0.002381808369656676,0.9963912201724392,2
9.806289917860116,2.0010949930622797,3.515625,65571.76489762819,0.3749747588723646,-0.002782479060164712,0.99636919176114,2
9.805688086444922,1.998910414983709,3.515625,65500.24293114155,-0.13565566013130592,-0.003134497011523639,0.9963262480683215,2
9.805459916438203,1.9980154210234922,3.515625,65470.894947793444,-0.18044813813200258,-0.003280681780718404,0.9963093796485721,2
9.805363731639854,1.9976260383320001,3.515625,65458.144848925054,0.09336967765314814,-0.003487603048734249,0.996130386444607,2
9.805452773637326,1.9979623101872088,3.515625,65469.17177510577,0.682823594121146,-0.0038349161566889646,0.9958290805704639,2
9.806091407583702,2.000242460672096,3.515625,65543.8190817538,0.10353613877790242,-0.0037682792366315826,0.9954087992232511,2
9.807467665889375,2.0043171379249594,3.515625,65677.45281325954,0.3292352048520115,-0.003944199363604502,0.995286067917097,2
9.810962626187179,1.9979884929380514,3.515625,65470.08366963686,-0.4173822963736408,-0.001694825736258202,-1.0000592405598123,2
9.812487711000896,2.001785658355031,3.515625,65594.4014126495,-0.8046003790271546,-0.0015531963033366038,-1.0001186281419692,2
9.814348746575781,2.0051511518676786,3.515625,65704.79293103167,-0.026551349173435785,-0.001361099446887354,-1.0001854284361424,2
9.816388589285143,2.007131102227626,3.515625,65769.53829831709,-0.16982950094825355,-0.0012089404234400588,-1.000064044555365,2
9.81847346731305,2.0074540906296483,3.515625,65780.25550231051,-0.10071441342976566,-0.0012953961148866073,-1.0002333934548537,2
9.820230215702745,2.0060090985256824,3.515625,65732.81238395943,0.4603286155264262,-0.0011195489045445913,-0.999828221274058,2
9.822042253586115,2.0030733413270267,3.515625,65636.70677262206,-0.4355048390801433,-0.0006164440615615141,-0.9998468909719301,2
9.82332280392547,2.000133077759796,3.515625,65540.31659734205,-0.3831961848166732,-0.000383524908283765,-0.9998510998087342,2
9.824929093460593,1.99525383647383,3.515625,65380.471187825875,-0.19070806142917718,-0.00025654309596650235,-1.0003382570806396,2
9.825964437159858,1.9916259683772706,3.515625,65261.58836073689,-0.6769475335167954,0.00023238759024326726,-1.000404138053024,2
9.826260784085179,1.990482190087628,3.515625,65224.11759678782,-1.2137911717654788,0.00036566795179377424,-1.0005094762879172,2
9.826346911551253,1.9901414418438415,3.515625,65212.95006293924,-0.7438982482514499,0.0008263129794728406,-1.0005283950303772,2
9.82603173317486,1.9913791736667572,3.515625,65253.496978630305,-0.3242903213831596,0.0010384634169656373,-1.000583971789425,2
9.825234258533067,1.9943258703718114,3.515625,65350.06976976981,-0.040237154524220387,0.0012995582810052606,-1.0003995718888252,2
9.82407966391705,1.998057283367798,3.515625,65472.30485478922,-1.005256427473796,0.001285926798919586,-1.0000234565009625,2
9.822371054925615,2.0028234371962346,3.515625,65628.50422644528,0.174799353559744,0.0016348087406753268,-0.999272609189412,2
9.820921628980065,2.0058653609134147,3.515625,65728.17559340529,0.13847561656075413,0.0021894870285895612,-0.9993052800665525,2
9.819166302217802,2.0078546979017577,3.515625,65793.35233075474,-0.40033344908079016,0.0022798466488573284,-0.9992832673471853,2
9.817262773906283,2.0085600619459383,3.515625,65816.46714502448,0.34795070630328456,0.002251711191410636,-0.9990988848570745,2
9.815470775417939,2.0079813259471377,3.515625,65797.50831227987,-0.20102793731590887,0.002531172450326697,-0.9985440006240588,2
9.813584139988086,2.005532545033356,3.515625,65717.25534625004,-0.5117449711821488,0.0030308529629983942,-0.9984403187652262,2
9.811879128569345,2.001980507956858,3.515625,65600.88256658145,-0.019016603466297965,0.0026532771904592073,-0.9985620574376349,2
9.810657435414775,1.998515271369808,3.515625,65487.33844587651,-0.08766376105631934,0.00240898747651342,-0.9987602114904667,2
9.809827575857875,1.9957123367873741,3.515625,65395.49931280523,-0.7593022321270837,0.0027335410986265387,-0.9986723224245633,2
9.808956322571929,1.992480195681137,3.515625,65289.579533473036,0.25800970272393897,0.0023622172870898916,-0.9986787265394134,2
9.808575489488163,1.9909845372326103,3.515625,65240.57984250571,-1.0076249171118736,0.0024764186920819492,-0.9982638922306108,2
9.808705687032967,1.991498867315946,3.515625,65257.434664625485,0.7922688073291889,0.0027944416762045237,-0.9982321683555672,2
9.809220877720518,1.9934548324037367,3.515625,65321.516267390056,0.5385357046288846,0.0021983895292630377,-0.9985319552189802,2
9.809840662558843,1.9956156618895968,3.515625,65392.33399186328,-0.7557392677202491,0.0020068629735081078,-0.9988126944498918,2
9.811362515845786,2.00001694621979,3.515625,65536.4816522413,0.3591032739896036,0.0023358489990921725,-0.9988206940489088,2
9.813395419539946,2.004512230373379,3.515625,65683.84742844116,-0.5766013327277809,0.002227640378313738,-0.9984163397421637,2
9.815019019072867,2.0066641432608217,3.515625,65754.3317278853,-0.6786701415148855,0.0023168671566671318,-0.9985681233398932,2
9.81700889105306,2.008160424979471,3.515625,65803.37426031838,0.4133954072191652,0.0019551478236334513,-0.998545030897697,2
9.819280605932494,2.0074608266918843,3.515625,65780.41471778823,-0.40265930202804157,0.0020979318770170995,-0.9983073979266285,2
9.821304264897242,2.0051216768959486,3.515625,65703.81317869629,0.5033574506172348,0.002259702520699655,-0.9982732364218221,2
9.823057278145495,2.0017786603532333,3.515625,65594.2434201341,-0.009397984450818816,0.002369093878882928,-0.9980263793259133,2
9.824504105747637,1.998056163113293,3.515625,65472.300434239136,-0.30138476821472676,0.0025758593813939856,-0.9976988346029039,2
9.82542993347683,1.9950866777064566,3.515625,65374.98923144142,-0.8337044606572211,0.0027402508991606163,-0.9977318273574219,2
9.826037611196703,1.9929068197549449,3.515625,65303.57064465121,0.4209489094331123,0.0028354728602673724,-0.9974704257586133,2
9.826261148180407,1.9920252471678574,3.515625,65274.68204202306,0.6945087700745111,0.0025585794966673002,-0.9972330899682691,2
9.82649325502148,1.9911099763471294,3.515625,65244.69166191978,-0.1391057483063681,0.002132170805490743,-0.9975697808175185,2
9.826105529352375,1.9925810424053394,3.515625,65292.88970773869,0.3245287901239256,0.0020583711098851147,-0.9979022859081912,2
9.825186301698075,1.9958486751836029,3.515625,65399.96135076479,0.8394600159141797,0.0017821785276115236,-0.9976953676475989,2
9.824132316362787,1.999037929271405,3.515625,65504.46463731361,0.2758630179365961,0.0015401980113519955,-0.9981658179557443,2
9.822700792782014,2.00272969233232,3.515625,65625.42159602875,0.5437817899049454,0.0014219396317152022,-0.9985283613358207,2
9.82053039101794,2.0063304928788557,3.515625,65743.38241733622,-0.3306465583530856,0.001484961106565566,-0.9985860324445096,2
9.818537570303983,2.0079394782395026,3.515625,65796.14498496379,0.21282985188493816,0.0012183658612991255,-0.998791454567474,2
9.816601585360898,2.0079960052402517,3.515625,65797.96265381612,0.6071611574698181,0.0014702300115276817,-0.9982669963755892,2
9.814612031363062,2.0060849940232983,3.515625,65735.37471140914,0.6432902481634907,0.001238030687598842,-0.9977905086583696,2
9.812910184623941,2.0032767818030592,3.515625,65643.34382260557,-0.26821480378930573,0.0011878466536694035,-0.9984700584782009,2
9.811365107141206,1.9994525437722492,3.515625,65518.049469383615,0.048225903888427034,0.0011903054246937932,-0.9983123885787257,2
9.810199572205697,1.9958332418813418,3.515625,65399.45289209748,-0.20324979012123853,0.001022253646497553,-0.9983127997195613,2
9.809470692695228,1.9932806750712053,3.515625,65315.82036973098,0.8816195574496911,0.0010973796702206783,-0.9978113066011912,2
9.808778212756065,1.9906461042116406,3.515625,65229.48208962095,0.23164836436141437,0.0013942301341871486,-0.9977424056507321,2
9.808622907265654,1.9900266625108747,3.515625,65209.188900383626,0.3560807874334084,0.0012045393079858715,-0.9971504604535754,2
9.809140532260109,1.9920371442265723,3.515625,65275.072537548156,0.25863412252025836,0.0017732517400809167,-0.9971339719990895,2
9.810224484480733,1.9960363916550008,3.515625,65406.09102476441,0.5329204236246975,0.0014857597842709363,-0.9975864689245612,2
9.811276546195684,1.9994835714121726,3.515625,65519.07731410008,0.461801769889765,0.0012365613578378552,-0.9974101946334527,2
9.81237673681157,2.0022732402638703,3.515625,65610.45701349861,-0.21948202280448945,0.0007303259615507951,-0.9973348641337879,2
9.814009473064894,2.0053797170541077,3.515625,65712.26929411884,0.27393685153947445,0.0007375825940463108,-0.9971433750069802,2
9.815904924122155,2.0074722280358865,3.515625,65780.79803028042,0.4564317147548233,0.0005195921130277052,-0.997196831609895,2
9.817837554715066,2.0080306064467575,3.515625,65799.13204160883,0.1893611718818041,0.0002329731076802762,-0.9969261690673954,2
9.819521925414728,2.006903871710333,3.515625,65762.19259411393,-0.09170506232840125,0.00010530643453411209,-0.9970794048554704,2
9.821517745952676,2.0039082339391876,3.515625,65664.03321068021,-0.5867381647476577,-0.00024709395720196227,-0.9970134433053407,2
9.823444842414132,1.9996426246591195,3.515625,65524.26044814451,-0.04402413583617696,-0.000539460341945189,-0.9970980885203142,2
9.824737255931765,1.9959297177674142,3.515625,65402.62096806157,-0.4065889797469329,-0.0005337714237199534,-0.997400784285152,2
9.825346693803159,1.9938370949123299,3.515625,65334.051727689424,-0.24549463556468254,-0.00022383385483516194,-0.9974277638584917,2
9.826170810421065,1.990762843634036,3.515625,65233.30639614404,-0.15369667466681372,-0.00016720633176784533,-0.9975918407111498,2
9.826122612917967,1.9909490759976307,3.515625,65239.40699714982,-0.9910459295521529,3.070864039600419e-05,-0.9977418940553655,2
9.825631496323762,1.99282146502238,3.515625,65300.773276689404,0.17433423700761827,-0.00044050677810831467,-0.9977177338015513,2
9.824960836264205,1.995319972582653,3.515625,65382.62426374489,0.454248443437488,-0.0005897775463035678,-0.9979483307177788,2
9.82399015017918,1.9984906018078488,3.515625,65486.53900362055,-0.17211973224645286,-0.0009526437256081002,-0.9980680875017182,2
9.823199909558845,2.0007650217469575,3.515625,65561.05594369122,0.3966200391102272,-0.0015731113935336842,-0.9980006984779114,2
9.821723737466874,2.0038697425590364,3.515625,65662.77927562426,-0.7989809412404915,-0.001005133129322331,-0.9983904486562496,2
9.820090698704636,2.005838626664974,3.515625,65727.3007276415,0.32336737798686954,-0.0005562264345761723,-0.9984106911253923,2
9.818134756580143,2.0067797135099514,3.515625,65758.11150806691,0.7286664166870954,-0.0005990780844991485,-0.9981657906976815,2
9.816177440345921,2.005953685479406,3.515625,65731.07090553612,0.8012546972180038,-0.00019990408057526338,-0.9982838028385735,2
9.814447356184488,2.003788206963084,3.515625,65660.10180148426,-0.5870203224973617,0.0002533325018865704,-0.9981064498348574,2
9.81285629741676,2.0007658663189223,3.515625,65561.08283533744,0.08523264034253468,0.0004954997618276002,-0.9984992016752036,2
9.811365005088845,1.9966544786236988,3.515625,65426.34973826189,-0.20687000326264146,0.0006503532147403886,-0.9985287939136609,2
9.810077458495446,1.992403220855363,3.515625,65287.062742205926,0.5058577969308923,0.0003642261437136297,-0.9981272326025292,2
9.809412739534766,1.9899722003065154,3.515625,65207.407221363086,-0.5818321690664258,0.00028383306584682565,-0.9980234247120755,2
9.809309073886988,1.9895604488469416,3.515625,65193.91620653958,0.37166644858492265,0.00012368420460315667,-0.9982478152911485,2
9.809280923150991,1.989450838361913,3.515625,65190.32421848098,0.1000193175059394,0.00035141458956209953,-0.9979366652331022,2
9.80989471946227,1.9917889084357618,3.515625,65266.91926345919,0.4013307871488602,0.0005082322450454373,-0.9981673489540008,2
9.811114806058391,1.9960819877343678,3.515625,65407.60808662329,0.1747809655741245,0.0002541227211172477,-0.9979963059651795,2
9.812461167154677,2.0000282808053305,3.515625,65536.90008011737,0.1957316658105507,2.6115170410991582e-05,-0.9981517768954408,2
9.813929149197683,2.0035601331808217,3.515625,65652.64792541481,-0.5242728693580526,-0.00031407292526125817,-0.998189145863094,2
9.815802455707491,2.006522536179333,3.515625,65749.67451236145,0.6743855737998578,0.0002041640900934061,-0.9980610297981627,2
9.81744083883312,2.007685234187438,3.515625,65787.82614967483,-0.34057421965917456,0.0003635042035462618,-0.9982301364180254,2
9.819683376431698,2.0075455464297063,3.515625,65783.13281316729,0.8776838784748785,0.0008730803118823793,-0.9980475840870058,2
9.821510023365263,2.00568915417814,3.515625,65722.42197156398,-0.6353226603787334,0.0007186713482300574,-0.997880202590813,2
9.823494258765942,2.0021378951579,3.515625,65605.91434740626,0.5703443130563149,0.000848364892186789,-0.997956170352588,2
9.825025394013185,1.9981935134188173,3.515625,65476.79558638621,0.44739400698260096,0.0005564799571540932,-0.9978383142385325,2
9.826183180535706,1.9945446918032161,3.515625,65357.14630342715,-0.04980584720760817,0.0008156094716953357,-0.9973825979381596,2
9.826614243137426,1.9930208654512633,3.515625,65307.25536032859,-0.9782511826221404,0.0007216608360916636,-0.9972432452149395,2
9.827484161854892,1.9895502107635032,3.515625,65193.4320843913,0.33288572021047,0.00010766594953208399,-0.9977669571278106,2
9.82747717340886,1.9895780272737855,3.515625,65194.34259684593,-0.2700401223931597,0.0007104946161399352,-0.9981448269668886,2
9.826996087322335,1.9914705241543194,3.515625,65256.41585226123,0.2539645544323624,0.0007499580457415588,-0.9980766372670101,2
9.825905162652052,1.9954272684402863,3.515625,65385.912777914986,0.2406727462936639,0.0010671953635586961,-0.9977945728631572,2
9.82484573014076,1.99878216535873,3.515625,65496.00025295799,0.8611135028149874,0.0010621485577008572,-0.9980811607265884,2
9.823494551382005,2.002151180342478,3.515625,65606.18653885095,0.6674116253683072,0.0012867241525161175,-0.9977265353565107,2
9.821393271042435,2.0060553071376557,3.515625,65734.39127171363,-0.47705782817623305,0.0016222984899972748,-0.9977038375854465,2
9.81949650643855,2.007771558443027,3.515625,65790.39449771491,0.10510457816902392,0.002011813034000301,-0.9977709370794924,2
9.817503753926964,2.007974545487736,3.515625,65797.28649331692,0.05968939947100201,0.002181502953200793,-0.9977898104651499,2
9.815961227798015,2.0066625833741707,3.515625,65754.13269984128,-0.5981906347163507,0.00232944962499251,-0.9974729344981206,2
9.813976813994058,2.0035891146932023,3.515625,65653.60277782168,0.6370029144224342,0.0023376338144515283,-0.9974905745401211,2
9.812190253120175,1.9995456953938207,3.515625,65520.95619336328,0.29720973529280553,0.0024648193021708036,-0.9976454620224638,2
9.810996249326646,1.9960512248609241,3.515625,65406.574032522,0.4754833098728947,0.0025585194879769947,-0.9973824930318967,2
9.810238799996476,1.9933285128365918,3.515625,65317.28796532487,0.7679227518492553,0.002913072374235884,-0.9975090233174382,2
9.809508569448994,1.990504797569878,3.515625,65224.82690217015,1.0468084397968294,0.002888193657040649,-0.9976887656746399,2
9.809104580283867,1.9888955293502841,3.515625,65172.06196368373,0.6205438384774121,0.003346850811631731,-0.9974581126474603,2
9.809704461131979,1.9912991420218478,3.515625,65250.75564455679,-0.1367885653016856,0.0031972018895343817,-0.9972082485422814,2
9.810581485079426,1.9945200576037143,3.515625,65356.38991006182,0.025749525444553,0.002948111886649172,-0.996827156797895,2
9.811271984792713,1.9968334327701656,3.515625,65432.126922497875,0.5623121490874231,0.002907241831165835,-0.996969849384823,2
9.812761412865067,2.0009382282113424,3.515625,65566.73982277629,0.12016780063155845,0.003153334973134309,-0.9969576931357125,2
9.81474886430205,2.004980345031314,3.515625,65699.01674425197,0.34739479874042445,0.0030781264795081234,-0.9967022435335654,2
9.816436868937135,2.007099628568978,3.515625,65768.62676134694,0.25041890564534697,0.003176406529609562,-0.9967535537911919,2
9.818505977187487,2.007899666401797,3.515625,65794.6139001272,0.6249489017548816,0.0035268234338438186,-0.9970703949229894,2
9.820669531797849,2.006939796607972,3.515625,65763.39312197648,-0.254054852737075,0.003349229149943381,-0.9968013513071206,2
9.822644573326624,2.0044009676295453,3.515625,65680.00097391124,-0.11919686306525061,0.003414170092079189,-0.996411853440928,2
9.824330434996629,2.0008372491074824,3.515625,65563.41156629352,0.6717414671062821,0.004084106862389974,-0.9963146233590787,2
9.825720476795576,1.9968751182980866,3.515625,65433.440146300105,0.5312966057366187,0.0043138307093028815,-0.9964035852530093,2
9.827290368570505,1.9916769213181589,3.515625,65263.25484835002,1.3830265468083478,0.0038985305614356877,-0.9960007558946191,2
9.827951018510195,1.9891722337330755,3.515625,65181.13813317205,0.22069107267452637,0.004275295978073128,-0.9959439110155465,2
9.828317183973109,1.987733727670196,3.515625,65134.02859493597,0.9287413660701228,0.003979828665261488,-0.9958102700392105,2
9.82811965879113,1.9885215865235297,3.515625,65159.85630141108,-0.6450151760861141,0.004801779884768427,-0.9957921029258914,2
9.82739102479364,1.9912696273064636,3.515625,65249.85029976815,0.24021838115731953,0.005071781676625672,-0.9952611854486905,2
9.826087303933225,1.9956535200228434,3.515625,65393.573394583196,0.3573100795413969,0.004740285906924955,-0.9955066150704579,2
9.824398182651814,2.0005788020138344,3.515625,65554.85080986051,-0.058362568476392575,0.004490889713476267,-0.9954069868575194,2
9.82265834915213,2.004638806802884,3.515625,65688.00381000336,-0.26968077475976315,0.0053416293666210275,-0.9951072723515251,2
9.820474938364843,2.007681024321744,3.515625,65787.51543493723,-0.1493972024800314,0.00506705485668526,-0.9951189011908272,2
9.818852953381336,2.0084752315582244,3.515625,65813.70042244621,-0.24168401702142242,0.005319004690469972,-0.9950016290651716,2
9.816534719360613,2.0079974880923377,3.515625,65797.76357504643,-0.3136810584534639,0.005446254038807135,-0.9950266515736541,2
9.814670168718655,2.0059070529870464,3.515625,65729.51884872417,-0.1573013600682316,0.00558523343738319,-0.9949881174070058,2
9.81310198011695,2.0029183892754596,3.515625,65631.38736967264,0.08807008795338334,0.005591064932955159,-0.9946724540601515,2
9.812131100581029,2.000392549180538,3.515625,65548.76281368374,-0.13743548668086683,0.006013160943586962,-0.9945503033232145,2
9.810832787925122,1.996133148918244,3.515625,65408.986735450766,0.6800341501681638,0.006167521137629523,-0.9942559978686897,2
9.8099385969106,1.9927662114379732,3.515625,65298.81130551415,-0.3800657649929538,0.005890095968066634,-0.9947376695202182,2
9.809678101931523,1.9917112875932534,3.515625,65264.204579674326,-0.6802659204416462,0.006308568491332387,-0.994313388211893,2
9.809890680404505,1.9925524497658467,3.515625,65291.732675506384,-0.12481974958791398,0.006525683889011997,-0.9942122035200973,2
9.81032624008137,1.994269359935889,3.515625,65348.06113591329,-0.8662311396255973,0.006260089803835191,-0.9937495978516925,2
9.811313307582507,1.9978103483141556,3.515625,65463.91860804079,-0.5572605149330533,0.006350286261409967,-0.9937201798635078,2
9.812679382064923,2.0018638095252888,3.515625,65596.96576548975,-0.5682343263445849,0.006804442884834302,-0.9937080691947375,2
9.814539649567486,2.0062558848267797,3.515625,65740.5510278751,-0.5544042234117418,0.007150286126598742,-0.9935642840140269,2
9.816545018761222,2.00962552622798,3.515625,65851.31823600404,-0.07828390883029594,0.006597651301283151,-0.9930757363139169,2
9.81867889286829,2.0114009965272617,3.515625,65909.11458332482,0.379393460432766,0.0066334647239265545,-0.9933008112233322,2
9.820305558851336,2.011296828934918,3.515625,65906.01965705438,-0.5996240570663455,0.006690534213097651,-0.9934865855925195,2
9.822412297085195,2.009435629630183,3.515625,65844.58632041006,0.0928346595610492,0.006310828259716783,-0.9935914233353367,2
9.823928589582236,2.0068175971460462,3.515625,65759.14865218621,0.0597597739227543,0.006079425465195539,-0.9935940570614988,2
9.825365903645247,2.003407747771441,3.515625,65647.08663872464,0.0315663115895101,0.005805192078145463,-0.9933822111109292,2
9.826769698162929,1.9991510738497094,3.515625,65507.92590780751,0.4860198388681359,0.005553065895478283,-0.9928963935608224,2
9.82787976175132,1.9952839737720416,3.515625,65380.96486380971,-0.5783600399069352,0.005328470245838394,-0.9925067740792318,2
9.828119010470182,1.994379591170271,3.515625,65351.38945055375,0.17912062968025566,0.00517401779162867,-0.9915951604464643,2
9.828174549100133,1.994158680804064,3.515625,65344.137205997,-0.43000276767998,0.004967415052814398,-0.9917566315571045,2
9.828281550348779,1.9937388252865809,3.515625,65330.40511994203,0.12488344726443756,0.005165560734613477,-0.9920298547114235,2
9.827321681103246,1.9973320357123336,3.515625,65448.3447829604,-0.20885169449684327,0.005262233580792712,-0.9921734739708928,2
9.82655388729907,1.9998813508316853,3.515625,65531.72771908736,-0.23788196164969122,0.004700627095481707,-0.9921916438798654,2
9.82516639327918,2.003530829538411,3.515625,65651.56219070764,-0.2984135479928227,0.004351729698886081,-0.9921723281633755,2
9.822949700244092,2.0077778313734025,3.515625,65790.27094148297,-0.17288995744092972,0.004282650738723002,-0.9918666212205061,2
9.821056624026642,2.0097858421979176,3.515625,65856.47980165387,-0.5139166180488246,0.004470408088810477,-0.9919534092655126,2
9.818847759360011,2.010509772018576,3.515625,65879.69986239947,-0.02015838506728566,0.0042522643794940355,-0.9924030125097795,2
9.816991808112784,2.0093844644061396,3.515625,65843.2687641075,-0.5993259108084507,0.0039909802796468715,-0.9921131702037876,2
9.815158697131071,2.006748489530658,3.515625,65756.45698134317,0.06293631505832309,0.004025162564982984,-0.9923660439420143,2
9.813449784382154,2.002834510064264,3.515625,65628.61726415384,-0.31957921175732434,0.00335033083643276,-0.9923751247200334,2
9.812195123931044,1.9992294882356663,3.515625,65510.20295285996,1.5194138958067924,0.0032320480419604737,-0.9922746496745604,2
9.811172254725735,1.9958783734897696,3.515625,65400.63370594368,0.2724035417777486,0.0031428317061394035,-0.9921881155037239,2
9.810274252325016,1.992544372533509,3.515625,65291.178063738495,0.07980326415296683,0.003114611078840187,-0.9924652666859983,2
9.809678612506561,1.9901851447246086,3.515625,65214.01415587436,0.06356549934207578,0.0030581708366110624,-0.992996676196639,2
9.809846699431132,1.9908368529133542,3.515625,65235.4055531662,0.06483772380670416,0.003080856963070797,-0.9931917726865885,2
9.810245984454033,1.9923345199345641,3.515625,65284.39203375325,0.20936051805256284,0.003209563663639607,-0.9937107706424295,2
9.811599564287357,1.9969511785926168,3.515625,65435.93033388734,-0.06480998931025776,0.0027028312324129224,-0.9940145644380469,2
9.81275115628898,2.0001332556596574,3.515625,65539.98737122655,-0.22985581551256473,0.002453148917533542,-0.9941359415752402,2
9.813967406802865,2.002744014034944,3.515625,65625.75936290245,1.0587189302520226,0.0024495452681732735,-0.9940636469656726,2
9.81545881314186,2.0047773331639025,3.515625,65692.1006826229,0.08250538543385726,0.0023148253724807706,-0.9947298717123887,2
9.817573932999956,2.005777347954459,3.515625,65725.23222826752,-0.3370046956927884,0.002236250587797272,-0.9944355551144867,2
9.819490125212265,2.0048624372001864,3.515625,65694.93600830127,-0.20542712488531834,0.0016668477099973699,-0.9938958994627417,2
9.820957280545962,2.003023430975065,3.515625,65634.9393141779,0.17103126119521525,0.0017375506439847774,-0.9936578032087816,2
9.822353620123254,2.000180235612114,3.515625,65541.52560277932,0.3370268018322046,0.0014735717670563378,-0.9940671807720323,2
9.823159934722868,1.9979839118300036,3.515625,65469.715195647805,-0.22523625276395856,0.0013468169278643507,-0.9940438392320102,2
9.824082452529778,1.9948635626399545,3.515625,65367.28247442668,0.12666592630678983,0.0008744098753655816,-0.993811714827072,2
9.824957452339035,1.9916317797024772,3.515625,65261.56035723051,0.27730164448197075,0.0007245140249386531,-0.9942419307116257,2
9.825645270415277,1.9889015838478827,3.515625,65171.962424817306,-0.20792190028563104,0.0004334553598223481,-0.9945254591152063,2
9.825533774870564,1.9893422764939643,3.515625,65186.378257936216,0.6631982135877479,2.9090047546956235e-05,-0.9949460277658672,2
9.824988937823353,1.9914039230294556,3.515625,65254.04766280795,-0.4088291260377446,0.00017007373691044894,-0.9954189686494103,2
9.82413766598752,1.994375156374736,3.515625,65351.22335423473,-0.8304371111917135,0.00010187131384908682,-0.9954497751616681,2
9.822552143426964,1.9991028338845072,3.515625,65506.447583864756,0.19051561160934702,0.00011540747523532108,-0.9953794449563603,2
9.821002885310008,2.0027315637619294,3.515625,65625.05499012848,0.04901047889264495,-0.0007235779056489163,-0.9953246930056093,2
9.8186306099315,2.00631473949129,3.515625,65742.86206986403,-0.9970558996186204,-0.0006161481328264048,-0.9954172341301324,2
9.816828369094138,2.0076140067433954,3.515625,65785.17111841028,-0.7998086159022932,-0.0005618869801446243,-0.9956651270930547,2
9.814823864288124,2.0073192849913273,3.515625,65775.79551035163,0.3684645370085491,-0.0007851992623770748,-0.9956172366663262,2
9.812505994142176,2.0048616152596788,3.515625,65694.91289424404,0.2743733621379458,-0.0010154562486712978,-0.9954469816358863,2
9.810584816712467,2.0013908232468554,3.515625,65581.49680039857,-0.36501337993104244,-0.0009652916380578058,-0.995683932125379,2
9.809133321455345,1.9976516869569372,3.515625,65458.757268637375,-1.1010422617364384,-0.0010599002695825823,-0.9953537001059057,2
9.807923449241764,1.993820997093344,3.515625,65333.42244067824,-0.05779653626207922,-0.0011475894125314925,-0.9951656951592892,2
9.807235150379876,1.9912834318075299,3.515625,65250.175618819354,0.9603028740784794,-0.0012265724671182508,-0.9947631296767785,2
9.806596277067426,1.9888439876468598,3.515625,65170.329944678444,-0.10879881590274938,-0.0011822999518063633,-0.9947386512049652,2
9.806820247452144,1.9897341636261119,3.515625,65199.52446134242,1.0254508159681184,-0.00109892927438801,-0.9946399399672943,2
9.807295770695916,1.9916505580281336,3.515625,65262.26338591829,-0.18423723723026342,-0.0014666348704364678,-0.994600702550471,2
9.80769816562694,1.9931096669066335,3.515625,65310.125076420954,0.10695676456210397,-0.0016019043416495105,-0.9941726954312744,2
9.809012552192955,1.9973161647938165,3.515625,65447.76227078407,-1.010010372881273,-0.0013167828424213279,-0.9938251073609924,2
9.81079797833897,2.0018699230139685,3.515625,65597.22574094823,-0.2763985349787011,-0.0010354507513214367,-0.9931250867080686,2
9.812275725254311,2.0045199387174852,3.515625,65683.87281249207,0.6191139545226179,-0.0014939866164409871,-0.9930188333555049,2
9.81420650419632,2.0063768235900943,3.515625,65744.93702888876,-0.16117715858490556,-0.0018278346927440004,-0.9934563842958588,2
9.81641938088791,2.0066788546510472,3.515625,65754.56389076154,0.03994975618600923,-0.0018498373585544448,-0.9934964686462279,2
9.818190238293246,2.0056244145531936,3.515625,65720.25378830427,0.2245548467459836,-0.0015647182779067563,-0.9937383873685184,2
9.820112271157777,2.00250339036559,3.515625,65617.71211453858,-0.4938012075435836,-0.0018526503270111102,-0.9939983004540222,2
9.821570683782337,1.9991513364448696,3.515625,65508.10052214614,-0.45542527753180667,-0.0020650461272648905,-0.9934955268089295,2
9.822952103927797,1.9949948938462696,3.515625,65371.68924928299,-0.9782832579185197,-0.0025125061453358933,-0.9930106393721801,2
9.824041622900115,1.9910147793268833,3.515625,65241.44723985137,-0.5164137844246094,-0.002830177100922225,-0.992913026427724,2
9.824293267093989,1.9900627632024088,3.515625,65210.21728367101,0.0416153936603223,-0.0028253866848940703,-0.9933082519928116,2
9.82473776554979,1.9882822157788054,3.515625,65151.93006897175,-1.0255740332128578,-0.002819625623358882,-0.9934013728124618,2
9.824872585210125,1.9877611893977558,3.515625,65134.84092457939,0.5680422700437097,-0.0025712966551207795,-0.9932574653288218,2
9.824168957081032,1.9903615899960532,3.515625,65219.94722224107,-0.06020433444306642,-0.0026247009422444606,-0.9935483410143342,2
9.822940540151434,1.9944847617370607,3.515625,65355.21510878708,-0.18516209157072203,-0.0020587850068725082,-0.993727180093322,2
9.821764964383354,1.9977939106243123,3.515625,65463.49841378053,-0.17801670909587605,-0.002703132311397715,-0.9941349062276904,2
9.820512842591517,2.0003485346609917,3.515625,65547.36590403202,-0.6739722410032604,-0.002525004483922792,-0.9942266571440673,2
9.818517239880986,2.002923021878111,3.515625,65631.42695239992,-0.2892392730015369,-0.0021932508507325177,-0.9944317242372847,2
9.816342184617376,2.003805675998396,3.515625,65660.66367599984,0.08036692671400185,-0.0026587349609844637,-0.9943726371793534,2
9.814670155047901,2.0029850761132013,3.515625,65633.56050472731,0.23667810937210257,-0.0025795979166562243,-0.9942064788029153,2
9.81288380222295,2.000444579222274,3.515625,65550.53518012408,0.6545149400335504,-0.001760775615611965,-0.9941838299510447,2
9.81126417856706,1.9969348105704157,3.515625,65435.33494230541,-0.3236537993592113,-0.0015537430501875993,-0.9943525108933878,2
9.809448110182421,1.9919441532393245,3.515625,65272.004835862754,-0.5531217315668376,-0.0011942108258296863,-0.9944036354382129,2
9.808445925348618,1.9886027477663124,3.515625,65162.427949246805,-0.3696931885557812,-0.0010870371171990086,-0.994553821920079,2
9.807994848589788,1.9869117104544465,3.515625,65107.062762913825,-0.5594569465029053,-0.0010783910599018655,-0.9943077220311729,2
9.807720054031234,1.9858232102261513,3.515625,65071.36791046098,0.1627933256374187,-0.001032785059706074,-0.9941419859490422,2
9.807847870526285,1.9863271837843186,3.515625,65087.86792834943,-0.22336479628211237,-0.0009689209492646711,-0.9944664275443671,2
9.808397040131021,1.9883857407940306,3.515625,65155.376100089496,-0.5461967231240124,-0.0006323765772650454,-0.9945808947201149,2
9.809446392145578,1.9921158160161792,3.515625,65277.48401605207,-0.22615125792799518,-0.0007018088922069871,-0.994452028702495,2
9.811134813157022,1.996984000760938,3.515625,65437.16111303627,-0.372622661110654,-0.00028896368665115384,-0.9943234440049109,2
9.812765759069658,2.0005392718256036,3.515625,65553.51221227512,-0.3685006089763192,3.0185237112758962e-05,-0.9944167770299237,2
9.815165601296401,2.0041444906605217,3.515625,65671.80536582916,0.08553180080343736,-0.0005722062174741161,-0.9944385462105582,2
9.81699883881973,2.0053182690708895,3.515625,65710.181579575,-0.1676128567487467,-0.00033865557353999066,-0.9947242235778404,2
9.81938728921732,2.0046558911703225,3.515625,65688.54557764529,-0.11372380268221605,-0.00039122985433754395,-0.994817916281202,2
9.82108054152495,2.0026986893245904,3.515625,65624.40178770211,-0.2209110831511983,-0.00021236125277537243,-0.9950806780201328,2
9.82250303479312,2.00000914292038,3.515625,65536.29192067553,-0.2299142971096444,-0.0002655066849098764,-0.9952244969048237,2
9.823928211525914,1.9962554003513893,3.515625,65413.26792933693,0.15897706881636017,-0.0005431987312750679,-0.9954924368540404,2
9.824794164618861,1.9934582251235566,3.515625,65321.63893518504,-0.5809490424690011,-0.0009541777281327278,-0.995453972204166,2
9.825341942173464,1.9914582966176284,3.515625,65256.09274329695,0.39697231916094705,-0.0008628023460313346,-0.9955688256641475,2
9.82573053689941,1.989955980847838,3.515625,65206.87577918238,0.774113434295335,-0.00092767376822421,-0.9955355731740819,2
9.825864477705839,1.9894181012546426,3.515625,65189.24789477094,-0.13868943972799266,-0.0010451560751923304,-0.9955197425867718,2
9.825193509719172,1.9920728108644365,3.515625,65276.20646783909,1.1173722320854722,-0.0011372775738045353,-0.9956387181430502,2
9.824418655185902,1.9948813023568646,3.515625,65368.268222999825,-0.10044827174957997,-0.0010579550047383733,-0.9963182415311684,2
9.823410136760929,1.9980154714635252,3.515625,65470.91786505538,0.8269717352244091,-0.0006275476136611325,-0.9960545844193852,2
9.82167250564869,2.002297201451791,3.515625,65611.26762401243,0.33435325701915036,-0.0010119829997884944,-0.9957398899512035,2
9.82034998662558,2.004679170676137,3.515625,65689.30294680063,-0.038783851654443424,-0.001258930688797381,-0.9956084143595904,2
9.81869511400104,2.0060521594493195,3.515625,65734.29634858722,-0.4212878921619752,-0.0014900727486836293,-0.9961701537413634,2
9.816786225326801,2.0060306413816607,3.515625,65733.57154265158,0.7007229941057934,-0.0018193625573855485,-0.9958137392776331,2
9.815069614083464,2.004643717965538,3.515625,65688.15336911508,0.13075252221581954,-0.0020132583813220178,-0.9963923529947929,2
9.813669410576344,2.0022779470894543,3.515625,65610.62303269081,0.16566926464899248,-0.002112917460676307,-0.996548345801806,2
9.812293293584057,1.9987261792191116,3.515625,65494.24839496772,0.007574230180277179,-0.0019855172161958156,-0.9965122397615376,2
9.810812759719832,1.9941933555932254,3.515625,65345.70133745093,-0.06779157816587637,-0.002032750246738507,-0.9961334519886179,2
9.810059653631994,1.991529219608739,3.515625,65258.42876164048,-0.14778233135924287,-0.0016961698484681356,-0.9962178809983923,2
9.809354611993378,1.9888128276687347,3.515625,65169.3949574932,-0.2341645077406914,-0.0014986801263349376,-0.996718209679803,2
9.809096093501354,1.9878137408065493,3.515625,65136.66912197698,-0.05545060911026667,-0.0013738719158849192,-0.9966732061333388,2
9.809475957001103,1.9893033011942964,3.515625,65185.489079965126,-0.45090922082211665,-0.0014260078159391504,-0.9967826227817871,2
9.810355125166726,1.9925277489439894,3.515625,65291.11015526017,0.18620979035040364,-0.0017650790823500317,-0.9970258506045494,2
9.811608388449667,1.9965413872709,3.515625,65422.66733292794,0.4927313658190542,-0.0017376121344467956,-0.9971545347450802,2
9.813016889476263,2.0002705498273285,3.515625,65544.8143485527,0.030999033083692968,-0.001731563008709974,-0.9972917280025511,2
9.81476578565058,2.003669548003989,3.515625,65656.2355243504,-0.813488210101544,-0.0020133970891753014,-0.9971780069722348,2
9.816686258706428,2.0059428109174022,3.515625,65730.668003332,-0.29467658481492737,-0.0019338130999803488,-0.9970868341023399,2
9.819001987323858,2.0064592917297936,3.515625,65747.6317499982,-0.3251524491897726,-0.0020065315362397746,-0.9975141225036982,2
9.821059250440353,2.00516858769689,3.515625,65705.32011203918,0.8197223670225261,-0.002238488326720909,-0.9973316600295302,2
9.82310123481052,2.002219308336202,3.515625,65608.69686393073,0.2743290874374604,-0.0024554703141757466,-0.9974178102930517,2
9.824814029446292,1.9984724621666574,3.515625,65485.92296715375,0.39805606272420846,-0.0021934986964909876,-0.9968773545866565,2
9.826213558444064,1.9944406575904001,3.515625,65353.820907104724,-0.6819655868251479,-0.0023870745314167035,-0.9968188089206801,2
9.827622269732212,1.9896162328681326,3.515625,65195.72154217046,-0.045691951307768854,-0.0026081847238783582,-0.9969391209976385,2
9.828184253179149,1.987484288308695,3.515625,65125.88260821363,-0.16891262351176314,-0.0026396284094406864,-0.9973529751034292,2
9.828313682147247,1.986969322192642,3.515625,65109.005282866405,1.0502543546159966,-0.0026551645551448383,-0.9973198089018865,2
9.828269026285302,1.9871441917398627,3.515625,65114.7341474883,-0.004354855710213694,-0.002234131753102314,-0.9969646557776889,2
9.827205395946427,1.9911921784113118,3.515625,65247.373088248816,-0.6415811403676344,-0.0020421289867263563,-0.9969672230180143,2
9.826352970141853,1.9941349450600563,3.515625,65343.81196226108,0.8929630883418819,-0.001630088042819825,-0.9972547512032671,2
9.82518120331011,1.997390085365425,3.515625,65450.44998443179,-0.1581621084769722,-0.002023208834199135,-0.9969589403406682,2
9.82363989917677,2.000451092283986,3.515625,65550.76914139318,-0.42695913975088234,-0.0021928150036452706,-0.9968819138933728,2
9.82184020392399,2.0028404259546044,3.515625,65629.02881080903,0.07087268930263235,-0.0019742886330549455,-0.9966239321649915,2
9.820341969081827,2.0036326816430603,3.515625,65655.03256350932,0.20062365816435582,-0.0019444228641096516,-0.9969070734528437,2
9.818552456079253,2.003011669817828,3.515625,65634.61466671745,0.010020664626305612,-0.001991852018077256,-0.9969259780690983,2
9.81686544926989,2.000978858753747,3.515625,65568.0738331507,0.33259853926332045,-0.002155580134908563,-0.9966770093819719,2
9.814911637161602,1.9970433897580522,3.515625,65439.01786294672,-0.0964123174987132,-0.002174588866364169,-0.9965777347351011,2
9.813308836028208,1.9926403274913718,3.515625,65294.837576107886,-0.12305604374099251,-0.0023442274841100085,-0.9964509801327963,2
9.812516543668753,1.9900441031435245,3.515625,65209.736474264384,0.32250450997647323,-0.0020344650962582705,-0.9965438261561624,2
9.811892325804468,1.9877574912394111,3.515625,65134.83429107202,0.30242683428150485,-0.001823352447713777,-0.9971259142327074,2
9.81202712498707,1.9882982493811747,3.515625,65152.556011291694,0.12780318414176386,-0.00215634614363254,-0.9973981293030106,2
9.811770813407056,1.9873096591056523,3.515625,65120.16270248404,-0.436111000081534,-0.002012972777499529,-0.9973702257906897,2
9.812317120095743,1.9893746502019283,3.515625,65187.815704847286,-0.20446184157844982,-0.0019365954179279572,-0.997182086163928,2
9.81324342485993,1.9926300803981418,3.515625,65294.499515520576,0.9655670078839952,-0.0021519120429710943,-0.9973699112600148,2
9.814282469013582,1.9957419276687531,3.515625,65396.453612644626,0.044071563477094365,-0.002216946521022075,-0.9977941496203029,2
9.816158455651951,1.9999052371283133,3.515625,65532.852415761074,0.9650146022310461,-0.002173121239397316,-0.9984756414101504,2
9.817625764522669,2.00230462567377,3.515625,65611.51440853979,0.23979921469435794,-0.0017180865632703479,-0.9985659732722556,2
9.819436580840897,2.003638101230883,3.515625,65655.14143390454,0.8278933557812707,-0.0015838013954219063,-0.9985770165946485,2
9.821393377005924,2.0033697271083093,3.515625,65646.41179825008,-0.518891763016048,-0.0018508836898416445,-0.9981555671476396,2
9.823260948217705,2.0015386954350878,3.515625,65586.35650369665,0.15346918254726916,-0.0020368874623845393,-0.9982944037948124,2
9.824855094927745,1.9986773076408233,3.515625,65492.656674125035,-0.4518105912369113,-0.0026966966746656404,-0.9984317756131978,2
9.826422795230812,1.994647714195271,3.515625,65360.55521963884,0.8937823021575847,-0.0026368896401125267,-0.9983730846240723,2
9.82771130211632,1.990647625195294,3.515625,65229.54118926643,0.2584793930703502,-0.0027878633964899735,-0.9985561687470961,2
9.828779639549055,1.986783217830455,3.515625,65102.869513985315,-0.20179044971155236,-0.0028851311958004036,-0.9986881620321437,2
9.82913662800332,1.9854274933684228,3.515625,65058.467749353,-0.09523662933861488,-0.003107089443190946,-0.998329851079185,2
9.828918649119073,1.9862895141446042,3.515625,65086.724147856694,-0.05957261879423944,-0.0036655155292547666,-0.9980608664515255,2
9.828418721550348,1.9882512840553863,3.515625,65150.98055495512,-0.3383600711482965,-0.003582030487773792,-0.9982996428818194,2
9.827464428651993,1.9916357636257565,3.515625,65261.92026325769,-0.0003209463199406552,-0.0032013281414441028,-0.9977786239443374,2
9.8263191728199,1.9953527038445231,3.515625,65383.66529179448,0.28888672178194,-0.0034197055909907415,-0.997754727347818,2
9.824985509821502,1.9987724318319766,3.515625,65495.77487341349,0.26614340549713233,-0.0035334880485956652,-0.9977440478381572,2
9.8231024279862,2.002178252643289,3.515625,65607.269577809,0.1462325921614441,-0.0032335893593108313,-0.9978646775185892,2
9.82129682386454,2.003977184976125,3.515625,65666.32439652774,0.27942691622229177,-0.0035482056966308732,-0.9979291567231453,2
9.819143847707858,2.004212273515728,3.515625,65673.87520412546,-0.26025720183436835,-0.003564371257423651,-0.9982025408001983,2
9.817078197970565,2.0028139978512534,3.515625,65628.20880319267,-0.06254790294042323,-0.0035989221915096827,-0.9980594635853277,2
9.815401186038622,2.0000602572881365,3.515625,65537.87194638512,0.5314031798904276,-0.003614541917373768,-0.9986286399455693,2
9.813637041618058,1.9959183997501246,3.515625,65402.254122179394,0.5790343069844918,-0.004002728775114253,-0.99849452124744,2
9.81238259201794,1.99217015378678,3.515625,65279.37961883965,0.3609652022884499,-0.004401280220109583,-0.9987649881380105,2
9.811590744440487,1.9894629596396467,3.515625,65190.71509542928,-0.006133351139093672,-0.004750319708960018,-0.9988205268536339,2
9.811137087740954,1.9877266720924855,3.515625,65133.79977785421,0.003589980089600431,-0.004828665439751452,-0.999353650061289,2
9.810878287374608,1.9867054308734928,3.515625,65100.34917679789,0.2089646477434144,-0.004591349723847022,-0.9990749746840027,2
9.811141971034152,1.9877685624681756,3.515625,65135.1950430693,-0.7830683258071076,-0.004785156030551,-0.9987056141023991,2
9.811601021030876,1.9894496941078086,3.515625,65190.26346143783,-0.33009614950060495,-0.004432288331065339,-0.9985927953432654,2
9.813021257446373,1.9939658804885483,3.515625,65338.26360862451,0.4870491035253508,-0.004345138516939639,-0.9987610911472591,2
9.814480731696033,1.9978964054699464,3.515625,65467.043042908124,-0.2611906189376896,-0.004501479244795659,-0.9987124575517138,2
9.815976487477409,2.0008453938753896,3.515625,65563.69012297636,0.8685169295713422,-0.0045509090531614185,-0.9991723054664995,2
9.817937258940566,2.0033658893117954,3.515625,65646.23266421988,0.04815999297594923,-0.004696284057856211,-0.9995665493577237,2
9.820263264673516,2.0041959946825005,3.515625,65673.4639097719,-0.9872184186436547,-0.005009757583257782,-0.9994791170817577,2
9.822370943727808,2.0032432096818926,3.515625,65642.2306257265,-0.256628584452604,-0.0050612748109798615,-0.999969537190968,2
9.823860732549432,2.001246837937496,3.515625,65576.85246277256,-0.197082717341497,-0.005184580709948682,-1.0001322043073513,2
9.825482747453034,1.9977953278245564,3.515625,65463.70394850307,0.6441609061488028,-0.005371187332384501,-0.9995030526826559,2
9.827199571636596,1.9929182272847588,3.515625,65303.93810454012,0.09405452795908786,-0.005479679882222713,-0.9999253627664538,2
9.82790149244218,1.990571511243022,3.515625,65227.04504624593,0.09557798845344223,-0.005602926304997035,-1.0000028926608011,2
9.828419791429958,1.988629121503033,3.515625,65163.39688602658,0.60600265187774,-0.005787218866018721,-1.0001783173737477,2
9.828780465871155,1.9872400366913676,3.515625,65117.88117134489,-0.04946393114975459,-0.006101217944059101,-0.9998525353025318,2
9.828221616386585,1.9895014824820119,3.515625,65191.97020281647,0.16041207481127154,-0.005926343820777669,-0.9999007573232732,2
9.827447513970538,1.992380960471295,3.515625,65286.33890342694,-0.1225198663099339,-0.006145538674246426,-0.9999547806785918,2
9.826247985355902,1.9964521873562016,3.515625,65419.70650300051,0.6823021260352107,-0.005870980189672376,-1.0000983503743968,2
9.8247453815523,2.0007674558846635,3.515625,65561.14235538829,0.3452597718363298,-0.0062620456566432866,-1.0003721910617842,2
9.82306421096527,2.004230817654566,3.515625,65674.58288612703,1.002811578411638,-0.007048327530005158,-1.0001572255351867,2
9.8212435590465,2.0068781053893527,3.515625,65761.37168880875,0.5461787505531296,-0.006692157726232612,-1.0003314927382154,2
9.819379891798157,2.0079263479435,3.515625,65795.67439214312,0.5658962293697792,-0.006951703381057977,-0.9998726357203304,2
9.817528218211379,2.007318170387486,3.515625,65775.79216965755,1.001101812664274,-0.007082185363066193,-1.0000500538958272,2
9.815788001684224,2.00550702399669,3.515625,65716.40714206007,0.3096905940765282,-0.006917750790300365,-1.000059070442751,2
9.814043887202354,2.002152996458866,3.515625,65606.5396113262,0.45849441648533684,-0.0068727677010164455,-1.0004403630040448,2
9.81258177766852,1.998362136643449,3.515625,65482.303006142545,-0.03953357396433906,-0.0067124762955584494,-1.0004643858528006,2
9.811643518713737,1.9953201902571003,3.515625,65382.65197794373,0.25496129437184817,-0.0069214228420540255,-1.0007383140934702,2
9.810861837255137,1.992395540283231,3.515625,65286.79817159191,0.05301983689181119,-0.007115494602816391,-1.0008884339275235,2
9.810788380115728,1.9921116558466594,3.515625,65277.49932494073,-0.5255317808769178,-0.006613263963752292,-1.0008185676321943,2
9.810870517500332,1.992438962741078,3.515625,65288.227988097635,-0.025824023678675683,-0.006947252999943892,-1.0005161729239007,2
9.81113397582237,1.9934657810741667,3.515625,65321.86207305841,-0.9259127311803846,-0.006862959439560922,-1.0005350395125803,2
9.812244269735332,1.9974186296382468,3.515625,65451.41171914349,-0.1273682814814189,-0.006201033981843579,-1.0003243265442734,2
9.813341782992614,2.0007808554427626,3.515625,65561.5631509541,0.051217880979190035,-0.006015018259936223,-1.0001797154172565,2
9.814835009385153,2.0044314412611524,3.515625,65681.19609433456,-0.21613240502483677,-0.006090825398749961,-0.9997734107700851,2
9.817131116714467,2.0083765407304317,3.515625,65810.39248754208,0.4245753808669785,-0.005954506760670222,-0.9994823666934042,2
9.818750054081049,2.0098780899119864,3.515625,65859.68520207857,0.836089297451205,-0.006114551705777399,-0.9996445012643181,2
9.820655898376522,2.0097656852982375,3.515625,65855.8781181552,-0.37486471267645055,-0.006079667321364584,-0.9992031655332627,2
9.822361209715442,2.0083277231006007,3.515625,65808.88096087174,-0.37595978402290103,-0.006182814530299308,-0.9991871487292732,2
9.824060887341258,2.005358504972107,3.515625,65711.46435000129,-0.5167187954017814,-0.005785998130002367,-0.9987080539459774,2
9.825854320586972,2.0010636915727527,3.515625,65570.85435543141,0.1938322877564739,-0.005828109730709148,-0.9988068953012491,2
9.82714558766992,1.997068081730329,3.515625,65439.85929557333,-0.48072879211152514,-0.0062117848255493924,-0.9985754500511048,2
9.828081812200159,1.99376471896045,3.515625,65331.67411378758,0.2325074109782387,-0.005704798900114327,-0.998345218647285,2
9.828664444717104,1.9915304531456828,3.515625,65258.43147046863,0.15878591313958168,-0.0055472985035119994,-0.9983266786752917,2
9.828541646767365,1.9920328352817027,3.515625,65274.88432024048,-0.5912900790972344,-0.005669501837809108,-0.9985960308789076,2
9.828516850279874,1.9921299568165154,3.515625,65278.06873769867,0.1283472905124654,-0.005332495142470906,-0.9985620893524805,2
9.827637478925862,1.995355868774167,3.515625,65383.68203194273,-0.5809221948766208,-0.00501645985623102,-0.9984150310104681,2
9.826237939370493,1.9998387459112805,3.515625,65530.70172537868,-0.2948667404865167,-0.004868514306636015,-0.9986257994211638,2
9.82511442116559,2.0028609966054547,3.515625,65629.64483114374,0.15301919702081554,-0.004359667420634966,-0.998450936042118,2
9.822852323801483,2.0073322052643467,3.515625,65776.2542164694,0.5571033215249676,-0.004628530790239783,-0.9982004040300749,2
9.821141370706265,2.0091406907548675,3.515625,65835.47233818214,1.060718181340538,-0.0041629051338928705,-0.9984776492570973,2
9.818761235381494,2.00952177580375,3.515625,65847.9664291569,0.07753743809371372,-0.004638307691721666,-0.9994587888833389,2
9.817482044837565,2.0086173671451113,3.515625,65818.3733152218,-0.20715995287779757,-0.004481356848195029,-0.9994444678320301,2
9.815444467823632,2.0060143562260793,3.515625,65732.95944322096,-0.2801762757396015,-0.005039260073327852,-0.9998687604596967,2
9.814080377262853,2.002924046651254,3.515625,65631.80555464522,0.03763117048341277,-0.0052257091405121395,-1.0001256263427458,2
9.812291154981226,1.9976682145455833,3.515625,65459.41405955535,-0.2323817963115289,-0.0051037718529265905,-1.00032300293383,2
9.811554772977146,1.995100207122618,3.515625,65375.36030005312,-0.013710335730138468,-0.0049190682625052575,-1.0002630801388328,2
9.810741557553898,1.9921172057195522,3.515625,65277.506673212214,0.6123505992933739,-0.005030123100580515,-1.0002886812003808,2
9.810231974335707,1.9900647224741181,3.515625,65210.32279388488,-0.7892193661961452,-0.0051759116119402,-1.000411141788136,2
9.810686005825284,1.9918866008395901,3.515625,65270.0718222488,0.17686387784124236,-0.004420944547720561,-1.00040571039815,2
9.81103590428924,1.9931521012772877,3.515625,65311.50261938298,0.5618358502797491,-0.004200649992227487,-1.0007552914829163,2
9.812076929622727,1.9966964497921857,3.515625,65427.730699385844,-0.8021196258111255,-0.0038008698658002003,-1.0008226991534126,2
9.813246345176163,2.0000224595458276,3.515625,65536.614885828,-0.2218964062970675,-0.003938160197139649,-1.0014134836807504,2
9.814747834118176,2.0031383466780586,3.515625,65638.831545039,-0.3055714996383661,-0.003746120653550659,-1.0013764846312208,2
9.816516304556643,2.005566027081058,3.515625,65718.23053921512,0.5454269972190863,-0.003888919010443622,-1.0009087578307623,2
9.818153892672226,2.0064404070800674,3.515625,65747.0292906169,-0.31041407857022324,-0.003290988341869189,-1.0014302312847732,2
9.819794278261881,2.005858823590448,3.515625,65727.82449363045,0.05129647086262897,-0.0032656034623519364,-1.0015514860620038,2
9.821460594267066,2.0037759154714334,3.515625,65659.72014485793,-0.2376304915342189,-0.0035747934887661575,-1.0012850913946603,2
9.823072328007937,2.000429318658889,3.515625,65549.91821922116,-0.354204219627718,-0.0034877727002100125,-1.0010866640099276,2
9.824296709873138,1.9972579175507121,3.515625,65446.12012909948,0.41880898658928345,-0.003373899486542498,-1.0011381195775826,2
9.825354801182366,1.993717903679893,3.515625,65330.02096008028,-0.08610978094657185,-0.0035079059118193296,-1.0012779711402322,2
9.826109876403166,1.9909719010490399,3.515625,65240.11880127377,-0.8607365414609376,-0.0034779219448997077,-1.0015838870452347,2
9.826332296729715,1.9900870501881402,3.515625,65211.10466218829,-0.7998317864294222,-0.0034278110269279037,-1.0013566722460132,2
9.826201952621375,1.9906069170739609,3.515625,65228.12681630061,0.24096778327657375,-0.0036234231264149256,-1.0019142566187078,2
9.825703032223345,1.9925140420655267,3.515625,65290.662625518526,0.5919241204186013,-0.0033843657085125683,-1.0019657860883584,2
9.82493008359816,1.9952551665376672,3.515625,65380.410021205884,-0.5263132243235304,-0.0029552876029514618,-1.0020421499494299,2
9.823717334860213,1.9990037866186898,3.515625,65503.343072643234,0.3700284632201753,-0.0036576998765415203,-1.0021822148028716,2
9.822299342506035,2.0022909413778005,3.515625,65610.93212374797,-0.6487284791583079,-0.0032231253260493623,-1.002168704613377,2
9.820121744946192,2.005482075020661,3.515625,65715.63608419735,0.2593155444167981,-0.003625740153897874,-1.0021376228019285,2
9.818540523774402,2.0067398642789467,3.515625,65756.78282050396,-0.5987258681416279,-0.0035279310290495416,-1.0020765738210884,2
9.816571096671975,2.0064725306415347,3.515625,65748.08309939466,-0.01607996526339169,-0.0031695899597702507,-1.0018486397395523,2
9.814400641557878,2.0044203351269085,3.515625,65680.75604007291,-0.04418991782828622,-0.002996991501270214,-1.0017126606433782,2
9.81243622900257,2.0007889980490887,3.515625,65561.85070385547,0.18332013067750572,-0.0034650324914528054,-1.0016866304518215,2
9.810726220077976,1.996496206883554,3.515625,65421.123639546015,-0.22055544471125663,-0.003490385926212112,-1.0016478512439952,2
9.80913039222097,1.9915031571713229,3.515625,65257.574175420435,-0.691549713468703,-0.0034787005532830395,-1.0015298841703324,2
9.80812250640481,1.9877464159307123,3.515625,65134.45304016093,-0.5871455774140486,-0.0036036349157554867,-1.00178414263538,2
9.807757017964576,1.9863131554648072,3.515625,65087.50299376015,-0.3262828808231764,-0.0036345325619371997,-1.0019582917517313,2
9.807755839287935,1.9863083726850734,3.515625,65087.34623722553,-0.016714767549274256,-0.003245353283979818,-1.0026300534290382,2
9.808015247113653,1.987323266461231,3.515625,65120.592488710485,0.42435597536920494,-0.003149370928532832,-1.0024793159447407,2
9.809026412661831,1.9909460273357305,3.515625,65239.31636090496,-0.5293295466799464,-0.003289139633925891,-1.002466471708918,2
9.810451080954191,1.99551875146651,3.515625,65389.117421694915,0.5183904598294854,-0.003352503976990577,-1.002730513545326,2
9.812100119717181,1.999846442047334,3.515625,65530.95900502035,-0.40711340433820925,-0.003122594186685418,-1.00303443339607,2
9.813821664742113,2.0029939948340223,3.515625,65634.06070715247,-0.3553578315125681,-0.003195189389740705,-1.0029427595328775,2
9.816042978735696,2.005060183811437,3.515625,65701.7773484418,-0.5613118466559778,-0.0036264570342248947,-1.0024230545194257,2
9.817823517622296,2.005274816436047,3.515625,65708.826720008,-0.18303646051936084,-0.003192661056180579,-1.0020633048911567,2
9.819593972507217,2.0037234190496407,3.515625,65657.97491799932,-0.12285972032623249,-0.0027889248357195967,-1.0022684556249062,2
9.821505929779892,2.000842543132124,3.515625,65563.58237093099,-0.5948323862418571,-0.0026050190233192034,-1.0025141194488205,2
9.822737377318372,1.9979489510542257,3.515625,65468.787456307946,-0.5763962097989861,-0.0023558102798423635,-1.002972285267382,2
9.82380092288265,1.9948443347004985,3.515625,65367.041970412734,0.4346641345655371,-0.0016338562712745444,-1.0031984959301483,2
9.824793186753567,1.9914136598360832,3.515625,65254.64045210263,0.5411459936027919,-0.001973726479714773,-1.003479013677781,2
9.825257908731238,1.9896299782405755,3.515625,65196.19385879067,-0.3501332792863347,-0.0022771384796542718,-1.0034830581766554,2
9.825138820223275,1.9900969090988136,3.515625,65211.49224904743,0.5429454531210164,-0.002836594284510993,-1.0031327139739636,2
9.82521830331717,1.9897818722812497,3.515625,65201.16727050113,0.11576778613743954,-0.0031467555484843133,-1.002705281411407,2
9.824376137374419,1.9929216191348071,3.515625,65304.00543740544,0.37995992257856415,-0.003052178084376511,-1.0027552060747347,2
9.822799290965081,1.9982586017566857,3.515625,65478.93408818679,-0.3877491585687191,-0.002727479272978024,-1.0029749512606654,2
9.821536997161333,2.0017965067121466,3.515625,65594.84002114183,-0.6814010337305566,-0.0031165067009683786,-1.0032049878086724,2
9.819672379778567,2.0055628208064227,3.515625,65718.25345334408,-0.4180197733985551,-0.003042612687751041,-1.0031534274222302,2
9.81810918245803,2.0075813204024366,3.515625,65784.41205015648,-0.02945984183922216,-0.003265242224085215,-1.0028356282631279,2
9.816096665691523,2.0083508468100484,3.515625,65809.5771440013,0.45769576183132205,-0.003206202997593868,-1.0033067982648016,2
9.814086114724823,2.007434097603711,3.515625,65779.58793342866,-0.26567609858587576,-0.003416779330521676,-1.0031596592169334,2
9.81232907285809,2.0049650285217138,3.515625,65698.65165484889,-0.30413803713357385,-0.002956336947756083,-1.0034411456403773,2
9.810565706439515,2.0012558930688975,3.515625,65577.14026913556,-0.4627759676683733,-0.0030584293425019666,-1.0031453011256155,2
9.809511993439791,1.9983604209343162,3.515625,65482.26827451722,0.7372560849701889,-0.0032874634997418647,-1.0030202489207432,2
9.809023484604591,1.9967187136345104,3.515625,65428.47868784738,-0.740512745178421,-0.003604250557416647,-1.0030078795392279,2
9.808546543479268,1.9949594534853776,3.515625,65370.8256931273,-0.08334758013734245,-0.0036541026556052196,-1.0025178682318858,2
9.808294944893817,1.9939886567838399,3.515625,65339.01941668885,0.07075026386519312,-0.003952796492294908,-1.0025160772619486,2
9.808584793416673,1.9951279073174912,3.515625,65376.35075371378,0.15020829007941452,-0.003938226370693022,-1.002012736795178,2
9.808434044178945,1.9945665994290902,3.515625,65357.95583569965,0.2651258715959557,-0.003998229490662843,-1.0021759210344776,2
9.809918368531115,1.999678599435212,3.515625,65525.36681783595,-0.22378977268211506,-0.004188794584756181,-1.0023198320260374,2
9.811526401358412,2.004301457992179,3.515625,65676.94941647038,0.08637442116014427,-0.004399412163350772,-1.0026545191234386,2
9.813393448366803,2.0084605429366413,3.515625,65813.10146470368,-0.042405468788880775,-0.004955121668323249,-1.002563915870474,2
9.815179310216058,2.01109630491056,3.515625,65899.60193455484,-0.4655569300278633,-0.00476001499184985,-1.0028606252988714,2
9.81741162430077,2.0124111999704306,3.515625,65942.49098269362,0.023590456949023064,-0.004267498759503943,-1.0028910816096543,2
9.819613514351861,2.0117269574229564,3.515625,65920.2666604204,-0.827742026620399,-0.0045378986216616036,-1.0026617680397423,2
9.821726984864299,2.0093266978152102,3.515625,65841.43204775869,-0.4970117140716563,-0.004768932611194926,-1.0021227767027518,2
9.823692258593155,2.005368079668741,3.515625,65711.89567238273,-0.9378787042648279,-0.004835649349859054,-1.0025392612955681,2
9.825631261771337,2.0002259230936543,3.515625,65543.22193194347,-0.22089273382152896,-0.005208038597852935,-1.002211437794526,2
9.826729273051289,1.9967214039935248,3.515625,65428.51552057562,-0.38566829495539423,-0.0050565459927276995,-1.001892762881263,2
9.827347001965444,1.9944737287439198,3.515625,65354.80046856614,-0.6818347485289754,-0.0050092016744501585,-1.001544299799692,2
9.827758115051266,1.9928786994580423,3.515625,65302.579412990744,0.2630838560726261,-0.005382565446676456,-1.000758019917083,2
9.827465575336085,1.994049747200711,3.515625,65340.97748460449,0.6085270077928726,-0.005002675535196897,-1.0009541685870695,2
9.827283723812247,1.9947335904708727,3.515625,65363.370668322146,0.4781729098140204,-0.0047452565033329775,-1.0009945193874836,2
9.826592904045276,1.9972009978046075,3.515625,65444.268104344716,-0.13044152547687796,-0.005030754149246867,-1.0011048631609551,2
9.825379173119323,2.000912561934722,3.515625,65565.78801845093,0.42451567160363385,-0.005121747160609171,-1.0010081970953253,2
9.824040700361351,2.004218825566109,3.515625,65674.23315457441,0.3493890656500298,-0.005161879127558966,-1.0008599624996806,2
9.822141089792442,2.0074088690131537,3.515625,65778.57985484565,-1.0771878964502928,-0.004896328727306993,-1.0009204359471207,2
9.820402460553595,2.0088382029372522,3.515625,65825.59443611266,-0.7048098614989916,-0.004697146414245905,-1.0012138137968574,2
9.81860224316781,2.0088482687461493,3.515625,65825.73616095274,-0.14775354676991506,-0.004857079089618229,-1.0012606872038572,2
9.816859940880013,2.007356206180349,3.515625,65777.02962108799,0.8546548004511957,-0.004958591917667488,-1.0011464591899262,2
9.815039822918736,2.004214057165721,3.515625,65673.86939589982,0.3451054704285828,-0.005216558037573126,-1.0013377682008309,2
9.813487582043324,2.0004147579646405,3.515625,65549.55668829361,0.136393338800796,-0.005184220334818655,-1.0010621039863499,2
9.812210127093595,1.9963614597495827,3.515625,65416.59933379878,0.23712256673267498,-0.005118220272787495,-1.0011629613623192,2
9.811798792883122,1.994905615158737,3.515625,65368.950610561296,0.5455957882901808,-0.005541057764620585,-1.0005254062955773,2
9.811106793835155,1.9922447258988314,3.515625,65281.657356728734,0.23863784902156718,-0.005635592990659668,-1.000395313254386,2
9.810524021241285,1.9899164884825475,3.515625,65205.45301439891,0.028319497815876577,-0.005377146432129953,-1.0005801993361505,2
9.810893880272854,1.991328364244415,3.515625,65251.76124543963,0.19335909097935655,-0.0053528353819211295,-1.0006138812634853,2
9.811355908449604,1.9930145701467246,3.515625,65306.95862251123,0.6806123906232339,-0.00534650053407634,-1.0008497019035945,2
9.81225237392529,1.9959130964186063,3.515625,65402.033848338324,0.053416641313864,-0.005307576708522803,-1.001200700327368,2
9.813889276210466,2.000148684876585,3.515625,65540.61002531064,0.7216293272128192,-0.005364640931370664,-1.0011913531816086,2
9.815654990914584,2.0035123161200987,3.515625,65651.0545916022,0.4393878205106982,-0.005463846383794278,-1.0011611847577124,2
9.817086438387316,2.005040127803492,3.515625,65700.9511193867,-0.5013895040016602,-0.005410565310960711,-1.0012411019060636,2
9.818914081021882,2.005632987071592,3.515625,65720.56717824106,0.4513354719189617,-0.005800644027104264,-1.0010858964568854,2
9.821023703761638,2.004381251693164,3.515625,65679.31237614114,0.4115023198404136,-0.005589736169289063,-1.0011971018133046,2
9.822688971861554,2.0018820277415506,3.515625,65597.62987298015,0.26092884079237894,-0.005536421936711159,-1.0016142708722338,2
9.824240664228434,1.9983746620353717,3.515625,65482.50868464529,-0.3839477584636673,-0.004925491053157205,-1.001824006618238,2
9.825868586283804,1.9935551271994134,3.515625,65324.77935357782,0.3186140982870711,-0.004995871877235859,-1.0017917586845142,2
9.826829877600588,1.9902126832290203,3.515625,65215.158709157295,0.6287942245313994,-0.004555841075406121,-1.001185375505233,2
9.827562354323247,1.9874953407490445,3.515625,65126.19504561214,-0.023100041690971313,-0.004435797421199662,-1.0013224841635773,2
9.827115553659336,1.9892600031668612,3.515625,65184.0499481663,0.31461000891188934,-0.004479260426018215,-1.0012872692998909,2
9.826907202206268,1.9900796892446857,3.515625,65210.89685270776,-0.3667309207363966,-0.004452781553477531,-1.0009942956909685,2
9.826442201976654,1.9918449448862954,3.515625,65268.76489024383,-0.631463162676179,-0.004925786615380133,-1.000569538175849,2
9.825462930450376,1.9951487701376542,3.515625,65376.957294476604,0.14738888175512935,-0.004040186228997172,-1.0008757124985912,2
9.82385137728022,1.999629489632741,3.515625,65523.858943498955,0.10200669670424152,-0.004290938196726872,-1.0008983964534717,2
9.822448560179467,2.002669878771077,3.515625,65623.4286066955,0.11887213521792243,-0.003951622666791808,-1.0006602211537357,2
9.820806341537034,2.004954903293157,3.515625,65698.35908099037,-1.028960109740486,-0.003889086232677825,-1.0006488285040522,2
9.81857781485664,2.0061051205488885,3.515625,65735.93223300012,0.27373783796914114,-0.0036138081781198427,-1.0010734365514349,2
9.816126345681567,2.005295799670298,3.515625,65709.52338598875,-0.36192434213201824,-0.003981705254650066,-1.00137856899037,2
9.81416509561522,2.0028556512677187,3.515625,65629.50732065947,-0.4805019064830655,-0.00412995991735408,-1.0010772675547923,2
9.812992818943675,2.00053853637275,3.515625,65553.64464557378,-0.1587594801991751,-0.004483358025213727,-1.001116316700254,2
9.811355128018935,1.9961956111722685,3.515625,65411.22052508444,-0.14075162481337125,-0.004688873647510642,-1.001352045170842,2
9.81019334534617,1.9923258401371595,3.515625,65284.515671280904,-0.295528704264143,-0.004776308111219666,-1.001782752607333,2
9.80942841729424,1.989502440204673,3.515625,65191.94273802251,-0.07010812627292277,-0.004787363826508137,-1.0020599228758906,2
9.809361077819126,1.9892360986611783,3.515625,65183.22170674739,1.0152901918118005,-0.004594947580985046,-1.0014779305382155,2
9.80964484032752,1.9903595030947316,3.515625,65220.0573316363,-0.7421244791536689,-0.004779402341155398,-1.0012513085184336,2
9.810068910731546,1.99202608794597,3.515625,65274.63030427968,0.16914785326904772,-0.00470589253746668,-1.0016348607413672,2
9.810851479471275,1.99477721677302,3.515625,65364.83963391013,0.4241310286997759,-0.005096269148813429,-1.0017335121347815,2
9.812360813339529,1.9992817977092445,3.515625,65512.29342009093,-0.5659004512065925,-0.004753202013735866,-1.001579977018035,2
9.813542900650893,2.0021439560227026,3.515625,65606.21259570563,-0.3859698974253358,-0.00441809782140783,-1.0018765358270387,2
9.815474271905302,2.00524798510797,3.515625,65707.66237625926,-0.14797412571351742,-0.004228730988833578,-1.001659513362034,2
9.81719371101143,2.006585730197578,3.515625,65751.74372841897,0.0707101873170662,-0.00412701923301977,-1.00131089607449,2
9.81942793871032,2.006258187707682,3.515625,65740.6533197661,0.5495501345103548,-0.0039325593180579155,-1.001033091534023,2
9.821256536509049,2.0043280139197277,3.515625,65677.72228216518,0.04239267658097864,-0.004121035310108137,-1.000703760883616,2
9.823187129510183,2.0009054315846075,3.515625,65565.23007890912,0.06756282810723253,-0.0040881796705743625,-1.0005873312287092,2
9.824759963321391,1.9968080977104439,3.515625,65431.26491065878,0.5190625115416575,-0.0038531786381758378,-1.0007670679942768,2
9.82611232806167,1.9925274760623088,3.515625,65290.752531122744,0.8324331076085704,-0.003648134048498326,-1.0006654533937827,2
9.82665795825093,1.9905476251347924,3.515625,65225.99003597412,0.4017131107211753,-0.0036838948433964604,-1.00024391577525,2
9.827145739355771,1.9886653516813597,3.515625,65164.21137215968,0.45605640413608245,-0.002987181214119049,-1.000379235049916,2
9.827550550631756,1.9870346458285117,3.515625,65110.860765333564,-0.495254430166824,-0.0031630509656215304,-1.00064108525266,2
9.827191190429184,1.9884433481942179,3.515625,65157.08701650909,0.24410084894285924,-0.003087350287321505,-1.0001510079790321,2
9.826249289824736,1.9918460728114795,3.515625,65268.396810834805,0.6906013522420835,-0.003230157697909448,-1.0001699769065742,2
12.352483458350553,95.04126740863566,1.953125,3114272.6818517493,-0.9512823361837945,1.0010395801321468,0.000843860053524231,3
12.31826266404598,95.57747632147168,1.953125,3131882.734937406,-0.2813379574278467,1.0009154161769023,0.0007107066270130335,3
12.285346853988667,96.10028166738432,1.953125,3148977.3771883077,-0.46430440055337385,1.001489029121218,0.0005499713166211622,3
12.25305811247849,96.61835964394717,1.953125,3165990.3650300927,0.015083645780881247,1.0014067471980665,9.182876699442394e-05,3
12.220549073501607,97.1383960861619,1.953125,3182993.82601814,0.3950269725088826,1.0010172906217412,0.00016784583702516244,3
12.187822107559509,97.65994788005283,1.953125,3200121.1433034567,-0.2912819307445413,1.0009454656124732,0.00019897946109134534,3
12.153765830886597,98.18457540304672,1.953125,3217272.0391567624,0.27385627721378114,1.0013581719469715,2.8296757393441104e-05,3
12.11856270452542,98.71396178204739,1.953125,3234659.0982447113,0.9696989023905189,1.0017897574515737,0.00026176021967084265,3
12.081984716737434,99.25039171609137,1.953125,3252193.4930775343,-0.13671956071023791,1.0021572555520786,0.0003137972231727038,3
12.043990216866165,99.79266711536141,1.953125,3270006.029468564,0.2895407138748851,1.0021659319316976,0.0005293662878234223,3
12.004625000511004,100.33302021189355,1.953125,3287665.734976206,-0.5078823107457234,1.0018184409958169,0.0006639124785579097,3
11.964629920672342,100.87329281360688,1.953125,3305415.892255411,-0.2793986739137229,1.0017874461839797,0.0005861101824398387,3
11.92374606853349,101.41168597659751,1.953125,3323009.2306531183,-0.4944455353664428,1.0018637582690455,0.0006360883366121389,3
11.882400578059743,101.9488197389937,1.953125,3340658.683333568,-0.20256634346029992,1.0019931581770094,0.0007031628502611111,3
11.97664520296692,103.98598587069858,1.953125,3407104.7156044235,0.03997398846452901,1.0018361316158377,0.00011884728636931015,3
12.071320853992553,106.01195412794807,1.953125,3473799.541648575,0.10080950103777771,1.0011500616116156,0.00044681856948340485,3
12.16648093642004,108.01727877684719,1.953125,3539199.035559097,-1.0524167588919227,1.0016155687727315,0.0006286495441490404,3
12.262241608325542,109.99844500103445,1.953125,3604428.9527296876,0.47444614359240705,1.0016561573207952,0.001124467534225729,3
12.35908900739542,111.95031012382545,1.953125,3668069.627963762,-0.18308517548454498,1.0013873357853582,0.0009540378238994271,3
12.45637865416175,113.8773995829614,1.953125,3731534.578905479,-0.2669986736170055,1.0009339550923297,0.0010371338423950914,3
12.55512342197074,115.79665349782154,1.953125,3794097.1419093343,0.1354261800091384,1.0010422168739905,0.0010172529808194232,3
12.654031278926324,117.68198181784065,1.953125,3856203.141991996,-0.21231115806707143,1.0008454398746491,0.00018541724677241408,3
12.75346212406146,119.54890658192237,1.953125,3917047.534970116,0.5695937617674645,1.0013142502961905,0.0005194310550974424,3
12.853121506365673,121.39833783476062,1.953125,3977980.710417398,0.14643807760997637,1.001249247698818,0.0005491120755703037,3
12.952986390756184,123.24107019387937,1.953125,4038030.9971655416,-0.23298041118080923,1.0016387131888176,0.00043942004982194707,3
13.05239213676499,125.03664820039857,1.953125,4097200.8319526496,-0.0326635735752158,1.0014345571421823,0.0001343592754841892,3
13.151924816763293,126.83010034170296,1.953125,4155635.4986884044,-0.039661192275768066,1.0013439507254676,0.0005038868868062689,3
13.250338091397998,128.60522486713194,1.953125,4214135.81496593,0.26442896435643587,1.0006065906114538,0.0005336402877395828,3
13.348861998917329,130.3657939813865,1.953125,4271492.376315237,-0.3645686613357005,1.00067224513536,0.0009568722825880488,3
13.446727509549698,132.11908208904643,1.953125,4329277.769360915,-0.7193497507905704,1.0006932729195275,0.0010288882352091193,3
13.544326483008875,133.864120378717,1.953125,4386127.296814452,-0.6378583207018286,1.0010971296171527,0.0012492521430378842,3
13.641044579573876,135.56765541954977,1.953125,4442280.416542373,0.01134516071275963,1.001363652299057,0.0009713163864524007,3
13.737545228388775,137.26175920785948,1.953125,4497462.559278428,0.2032776980983423,1.0008630816886466,0.0008947844681089595,3
13.834096531009134,138.93810056534227,1.953125,4552723.176171982,-0.36212455645848723,1.0005881671665153,0.0011713256859793566,3
13.836291147623806,138.9231630938783,1.953125,4552232.983694558,0.648747444623344,1.000600832454153,0.0014102484839351999,3
13.841764237586776,138.88945148305348,1.953125,4551129.532771806,-0.06940934997934771,1.000712994458345,0.0016016195856698042,3
13.848724320689081,138.84942408862057,1.953125,4549816.035777822,0.16297651760760345,1.0007278576850929,0.0010968282725682685,3
13.857236977980595,138.8008571216269,1.953125,4548226.458876998,-0.28172802023618715,1.000607939323361,0.0012595199701645975,3
13.866231298671574,138.74993130476096,1.953125,4546555.608725359,-0.6779816539650104,1.0003474419073717,0.001384399460851159,3
13.874557783053032,138.70002882057705,1.953125,4544922.542431161,-0.133533427111009,1.00019984033273,0.0015552928593548293,3
13.881445903198989,138.65581295883888,1.953125,4543472.23280266,-0.018943337666617783,1.0002354454135973,0.0015387708890643064,3
13.886722159021978,138.61901573912024,1.953125,4542267.846488304,-0.33310029836259974,1.0002370563759124,0.0017964100224250419,3
13.889329040932138,138.5989930767513,1.953125,4541611.287623053,-0.18566773813775703,1.0005738085969273,0.0014807410319835786,3
13.890327588470191,138.5906987516151,1.953125,4541339.726571298,0.7137669398883494,1.000660086775415,0.0015795784330624525,3
13.888704512605054,138.60505395006035,1.953125,4541810.347898123,0.4081688066119871,1.0004823187639635,0.001621623346641243,3
13.88593373828391,138.63092452172458,1.953125,4542657.57763729,0.1298247241829813,1.000893960832272,0.0016562298252907625,3
13.881604169316198,138.67214252264893,1.953125,4544008.764787082,0.5758131988926228,1.0009624296602522,0.0015953906686798985,3
13.875874539351747,138.72689546616618,1.953125,4545801.910989069,0.21511450659575834,1.0005215748191976,0.0015280417702642876,3
13.870853830888727,138.77503013648203,1.953125,4547380.179235281,0.16463234024316384,0.9998208334678929,0.0015495906748228246,3
13.866042415050837,138.82032095702127,1.953125,4548863.351796679,0.09117464953669696,1.0004312521486853,0.0016496818746320877,3
13.86174404174499,138.85946379386806,1.953125,4550146.875797232,-0.7255016325143515,1.0002168731718089,0.001260933855127042,3
13.858421975218416,138.88824603733852,1.953125,4551089.429601938,0.7497684840382135,1.00039100966274,0.001094932907046401,3
13.856617425554104,138.90312947777326,1.953125,4551577.536461115,0.595470805458414,1.0006231317569578,0.0011210251715543544,3
13.855999352274907,138.90804257573993,1.953125,4551738.413729711,-0.03700767856450208,1.000654939648645,0.0015610212032581613,3
13.856739343409812,138.9023921149323,1.953125,4551553.088664945,-0.10016052039888261,1.0007602227300894,0.0011909572572458916,3
13.858186424257593,138.89186576263705,1.953125,4551208.461561701,-0.09343829542801056,1.0009282812641127,0.0012451121283296443,3
13.860699502582158,138.87395254357,1.953125,4550620.871709971,0.003911631759062099,1.0010232903238059,0.0011584064774455062,3
13.86363575132194,138.85270229529425,1.953125,4549925.214978718,0.5381449140246938,1.0009787229880167,0.001139260815030061,3
13.866979012690306,138.82894999255657,1.953125,4549146.090461588,0.12919574810439372,1.0007773593337344,0.0015152052958227543,3
13.870190691444112,138.8052709138019,1.953125,4548370.965475097,0.8797458945070199,1.001252382200404,0.0018482732770459523,3
13.872667870057192,138.7867712546808,1.953125,4547764.218114041,-0.15077183815446915,1.0013183378639745,0.0017106376460140026,3
13.874696516244372,138.7711935727478,1.953125,4547254.249297117,0.44023482384727686,1.0012437146712547,0.0012262799063306093,3
13.875707862984898,138.76307863595127,1.953125,4546988.133134165,0.17080444328894373,1.0008107089800196,0.0016439551226462153,3
13.875907923456818,138.761452300101,1.953125,4546934.887412535,-0.04166758942543917,1.0003895646493872,0.0015743681699054185,3
13.87538833970462,138.76578474537612,1.953125,4547076.960328804,-0.024572360282036243,1.000503126025653,0.0021153840552807866,3
13.8743000066399,138.774896554108,1.953125,4547375.290937404,-0.5133139973901658,1.0008223728047703,0.0026003535979845643,3
13.87252617224422,138.79006184492974,1.953125,4547872.586886914,-0.5892423707967586,1.000826266456014,0.0022872188854620636,3
13.870335367460934,138.80900064184493,1.953125,4548492.69919712,-0.4161040415674506,1.0007775581069553,0.0020686986499608563,3
13.868499778617839,138.82488727609146,1.953125,4549013.691096503,-0.6021802540405284,1.0008353627328237,0.0017719521024198398,3
13.866879073057481,138.83878831352197,1.953125,4549468.842045927,-0.19341345785869635,1.001017892825578,0.0017628197762972753,3
13.806911048880375,138.44306553328875,1.953125,4536400.399115179,-0.20320923557301285,1.0012441276956483,0.002029289777513274,3
13.747214896593777,138.03730841283357,1.953125,4523206.020771813,0.7787362277401068,1.0012340570357818,0.0018498419305775437,3
13.688014505300444,137.61405749526955,1.953125,4509237.26813147,-0.28897226405145676,1.0006699588021601,0.00169735861346118,3
13.62926081106521,137.18124084532025,1.953125,4495154.506684067,-0.7279149819235803,1.000835935898264,0.001975580579109658,3
13.571034248781826,136.7427722400779,1.953125,4480688.89380688,-0.08498933546434273,1.0010461573203215,0.0015529052054931338,3
13.51318272596807,136.2887417367705,1.953125,4465909.176441786,-0.7710689923684791,1.0010751324999405,0.001185471603518145,3
13.455698258205334,135.83357069804708,1.953125,4450897.490578656,-1.468575009421329,1.001019449352399,0.0010771022560013897,3
13.398018667736368,135.36790941007618,1.953125,4435735.302004796,-0.4149082409227655,1.0008659776650832,0.0010963353503894927,3
13.34060709931993,134.89854634736668,1.953125,4420259.565752782,-0.10376962356167496,1.000827365832628,0.0013171426182995267,3
13.283242358785785,134.4187808616633,1.953125,4404634.267739032,-0.14987916720929206,1.0009894010702427,0.0009018229707750177,3
13.225713855255854,133.93745667890107,1.953125,4388765.997708165,-0.5463215816659309,1.0008597707671167,0.0006055861976275881,3
13.167856679727578,133.4499680641123,1.953125,4372888.136705612,-1.2440323930968589,1.0007818339282786,0.0007981818683559399,3
13.109588505484554,132.9631450260971,1.953125,4356838.285604547,1.150619311240007,1.0007606454501043,0.0006367184850656492,3
13.05142020317574,132.46683552311086,1.953125,4340672.872619066,-0.09498086878375034,1.0004815205839075,0.0007870133735535578,3
12.99272098092973,131.97148634455627,1.953125,4324341.701382967,0.3209023590328191,1.0004101081256367,0.0005700564907670729,3
12.933338361816162,131.46586558025822,1.953125,4307872.918965335,-0.25265118844617973,1.0000485898104172,0.0005913305815785939,3
12.874426821284517,130.95052033266546,1.953125,4290888.385006045,-0.3586950480845796,0.9998678656497256,0.0007117595053188553,3
12.81548586510761,130.44261462648342,1.953125,4274343.023683236,-0.28898148994267103,0.999487584647153,0.0005067580270652412,3
12.755989648592962,129.91590716154766,1.953125,4256984.177767577,1.448716892949354,0.9991595668588384,0.0005688136887254238,3
12.696706296387925,129.38217080535082,1.953125,4239594.457372716,0.21488409134811567,0.9989668564467004,0.0007711083012202267,3
12.734155537417928,128.79687666432483,1.953125,4220359.848423027,-0.03158370771294964,0.9983661329611152,0.0008276833804713422,3
12.771086453188333,128.21896981740397,1.953125,4201478.543853838,0.2714497663206809,0.9984134651522483,0.0010426458529501628,3
12.808622484046644,127.62817300164657,1.953125,4182062.1123840283,-1.7277733864320908,0.9983012772368405,0.0010346528022050008,3
12.846135061467912,127.03983225544302,1.953125,4162840.557311892,-1.160808213307367,0.9986480132130524,0.0011672007892092088,3
12.88438620333095,126.43509324977916,1.953125,4142965.2232773136,0.7178063748251589,0.9989184642026088,0.001240106409865932,3
12.922683504285072,125.83181626786849,1.953125,4123256.3029995505,-0.49188392233675887,0.9988465303938763,0.0015362484684020316,3
12.961040337052758,125.22311714563807,1.953125,4103251.0233552796,0.2830183627932759,0.9986824021591607,0.0018142746333936635,3
12.999318713908595,124.61387731488483,1.953125,4083346.85624299,0.0019350908733031247,0.9981317813251873,0.0022493148229875003,3
13.037842810984271,123.99905284151501,1.953125,4063140.1927213124,0.49120789829006145,0.9980226927621905,0.0023683812154895504,3
13.076194229089436,123.38303724622575,1.953125,4043014.6365103237,0.04928427246462282,0.9979866874714173,0.0020840170129611283,3
13.114423379569933,122.76525669372724,1.953125,4022711.5051360456,-0.15942217365348674,0.9979156607740609,0.0022189985277668066,3
13.152801297308297,122.13976406367962,1.953125,4002275.106093119,-0.40547506012929563,0.99786548861188,0.0024392029889375184,3
13.190629448321223,121.52104952050571,1.953125,3981942.861778631,-0.26434010064379737,0.9978860989807553,0.0019562362637658057,3
13.228414970848247,120.89947013444288,1.953125,3961633.1418081685,-0.556524591846634,0.9980954178653118,0.0020113742548527993,3
13.266379529654401,120.2690249722407,1.953125,3940916.0229227464,-0.14763575788917174,0.9981146910846955,0.0021776208552539834,3
13.303978253518048,119.64217648808255,1.953125,3920434.028758321,0.8385140115169634,0.9976982083997071,0.0018288790481595402,3
13.341368827660745,119.01739221497208,1.953125,3899903.1000476284,-0.08432072969784106,0.9977245513433396,0.0020430510418592775,3
13.379109270480589,118.38066850158347,1.953125,3879097.0450734175,-0.16714852211225661,0.997824231109079,0.0018822288872304823,3
13.416595085460303,117.74545396185854,1.953125,3858224.932179693,0.9521098171753692,0.9979790793407445,0.0020976109048213387,3
13.454431938639008,117.09851675488648,1.953125,3837083.5989596886,-0.29861293703167274,0.9979369836640676,0.0016694937820450593,3
13.491761546256555,116.46196859725579,1.953125,3816169.075145142,0.47156164322950644,0.9978059940849101,0.0015583759229364053,3
13.52939356677683,115.82023282251512,1.953125,3795196.872736934,0.6170221738830151,0.9979557165566331,0.0016321514177938465,3
13.566713773911586,115.17520947831213,1.953125,3774005.3992821556,0.4950914262008155,0.998204310241889,0.0012752353704546361,3
13.604958451444771,114.51604071703899,1.953125,3752461.3183320267,-0.0015307940181325346,0.9982830920488607,0.0017237734674175125,3
13.701600643198656,114.2925726191336,1.953125,3744813.3844928257,0.21310935270109135,0.9986234819748179,0.001609281988130733,3
13.797895716932853,114.05476265233004,1.953125,3737346.0854828996,0.16405398170051436,0.9991082665932677,0.0015557104299317713,3
13.894436210509754,113.79106596251765,1.953125,3728378.409038171,1.6209958391615753,0.9989631668868304,0.0011340245623739937,3
13.990764238273103,113.50669048225164,1.953125,3719386.8078981163,0.0008325664239237085,0.9987368847002416,0.0012297077828891843,3
14.087777382960535,113.20093774840984,1.953125,3709036.5853678333,0.553552490502625,0.9983351417813151,0.0009014620297782675,3
14.18429324476777,112.87040258213241,1.953125,3698536.800401158,0.43709811208342825,0.9980528846599928,0.0005673163528099982,3
14.145084089933055,111.64162165431279,1.953125,3658232.2717689313,-0.39117789916296414,0.9985347340007281,0.0007886413064567184,3
14.106140476183354,110.4208705867593,1.953125,3618270.6050540465,-0.7665975142699608,0.9982192200184945,0.0006744626802884998,3
14.066739344116968,109.1807076626162,1.953125,3577591.982584538,-1.025182447712723,0.9982527993422433,0.0005401115233634113,3
14.027864547699613,107.95478267521617,1.953125,3537461.959630923,0.1140119972260436,0.9984681171166949,-3.851801459573468e-05,3
13.988571559530902,106.71762349922997,1.953125,3496880.660285135,0.07154648701665185,0.9978996051101686,-8.659434321330826e-05,3
13.949970133669796,105.49569275992388,1.953125,3456882.635644387,-0.10746397970797261,0.9982285627287237,-0.0004101856446385219,3
13.910952019757486,104.25225638034483,1.953125,3416094.5222258293,0.020998533190625796,0.9984418545519042,3.426845629428427e-05,3
13.872016527687615,103.00999508645495,1.953125,3375431.3082360686,-0.22016490722671733,0.9984482612213351,0.0002845675346311439,3
13.833206542551228,101.77109737152556,1.953125,3334792.2027017907,0.10851167462048276,0.9979991446475523,0.00019162257611605885,3
13.794255779403297,100.52535529440617,1.953125,3294014.6074826946,1.1334119109730334,0.9978280177594313,0.0003350740097846013,3
13.755262644368399,99.27246575566438,1.953125,3252916.9411260453,0.674866588741376,0.9982688638596485,0.00013333203002638926,3
13.71630655686023,98.02307559616509,1.953125,3212019.912785063,0.5827960864468574,0.9984876800957022,-7.559158436659327e-05,3
13.677445203719254,96.77096598625991,1.953125,3170948.0218580337,-0.48860004543773056,0.998380123565319,-6.835424055544659e-05,3
13.638955677802851,95.52414855380276,1.953125,3130135.131258092,-0.09051684200191328,0.9981772604034462,-0.00012321405715892466,3
13.503550604013718,94.47016402712724,1.953125,3095017.5063042087,-0.3890416566161245,0.9986774940673403,0.00010822011973326241,3
13.367842939122186,93.38314145041733,1.953125,3059978.5625182367,0.28257877010279725,0.9985861395542646,0.0004669122541921057,3
13.232216424513986,92.24439699273384,1.953125,3022084.279963648,-0.02412657471844189,0.998659987769027,0.0008269358825115031,3
13.096616734045808,91.08419650675786,1.953125,2984646.7390997866,0.47299286460111034,0.9980037242671699,0.0009059846491520716,3
12.96079672424485,89.88586857203158,1.953125,2944798.097909281,0.03985209318004005,0.9981392199070348,0.0011687260795197403,3
12.825053713960111,88.6384582577921,1.953125,2904504.80079986,-0.21968238723032604,0.9980563035530117,0.0016185799150619051,3
12.783677282086213,89.25216661801322,1.953125,2924565.3862343454,-0.4559331511833686,0.997953286411954,0.0016479307065464055,3
12.739680836905247,89.85970921066823,1.953125,2944522.10353187,-0.0004849217851491024,0.9980803407681904,0.0014123819862748453,3
12.693417713125553,90.48308510038187,1.953125,2964894.174714583,-0.2500793851468188,0.9980749024345512,0.0010388487793784248,3
12.646349778628506,91.1001772223514,1.953125,2985169.469816632,-0.48060339526152046,0.9978975294404339,0.0011369690525352412,3
12.599587053005953,91.70275599709716,1.953125,3004861.171221881,-0.24313145630973546,0.9979452567078699,0.0013324816126305604,3
12.553464313430014,92.30314530813402,1.953125,3024588.561736261,-0.10038300514618943,0.997821534307302,0.0007881513142432456,3
12.508664627306272,92.90624069578628,1.953125,3044300.44430828,0.10025771143409656,0.9974910317938918,0.00044007232613515194,3
12.466205591274415,93.49304334201975,1.953125,3063579.7665662616,-0.09193539328650029,0.9982606774010649,0.000621078163059942,3
12.425793574810772,94.0742539762528,1.953125,3082579.0716875596,-0.2481662702424122,0.9983447348931316,0.0008826861837831345,3
12.387930622439788,94.63932464308309,1.953125,3101141.385613061,-0.6073764947056285,0.9980272639243839,0.0004669289609969184,3
12.35180533487824,95.1926634300912,1.953125,3119231.2843344538,0.21304364236008647,0.9978755338170491,0.0004474196736689075,3
12.317780259129107,95.72764256315939,1.953125,3136803.2924926956,0.5880137147869391,0.9978972094061636,0.0006529611545290036,3
12.285149658044642,96.2455829474545,1.953125,3153736.5557157216,-0.20041254320191607,0.9982207070977126,0.0009095110056501251,3
12.253019435925086,96.76069411093381,1.953125,3170654.26040131,0.36527073048030917,0.9986722509212816,0.0006784040033132447,3
12.220541461064892,97.27787157326719,1.953125,3187561.8021648186,0.0720524093946248,0.9985845824780527,0.0010433581693629161,3
12.187650490371897,97.79998134457716,1.953125,3204709.6794770835,0.4013083216365582,0.9989925636477398,0.0015182483162279848,3
12.154290250649026,98.31379993780487,1.953125,3221506.027920924,0.5568226883078751,0.9993130271205928,0.001663078688061991,3
12.118862302217895,98.84601421957565,1.953125,3238986.1920279395,-0.697975393277981,0.9993668208620351,0.0015498849930799155,3
12.082133712950574,99.3815960206021,1.953125,3256492.5153220305,-0.5133579113304828,0.9993977120986085,0.001660676601243295,3
12.043841934987265,99.92454480418637,1.953125,3274327.377361622,-1.043856777100397,0.9992505856672427,0.0020185023189990417,3
12.004583131645683,100.46422730151619,1.953125,3291965.834156085,0.45328035436371766,0.999871411545848,0.001665834210030224,3
11.964433919142232,101.00761870763411,1.953125,3309817.411710348,-0.17024372008866825,0.9995581108964321,0.0015501580876574766,3
11.92314206947007,101.55248956087597,1.953125,3327623.164417069,-0.36120867564507836,0.9994297700864099,0.0014683280045166434,3
11.88153725428817,102.09361326692797,1.953125,3345403.2229315536,0.06505082342846435,0.999424010215064,0.0015513408805051501,3
11.975958915607473,104.14218019278422,1.953125,3412219.9054090674,0.48856207318870776,0.999749573204036,0.0014584793284923105,3
12.070729982736747,106.1658739998766,1.953125,3478843.1275205463,0.15339154235455985,0.9998739616867793,0.0010997161397697036,3
12.165885369917568,108.16904096289564,1.953125,3544169.6203285675,0.16062814926408464,0.9999589826733416,0.001210315623016791,3
12.261832288848103,110.1501327690433,1.953125,3609399.436279686,-0.06111808090039025,1.0002340976851838,0.0018030770329064633,3
12.359341957172331,112.12823234617466,1.953125,3673894.3057416477,1.1243997336508376,1.0007210559807576,0.0017008941176654868,3
12.456871281414461,114.06544895189325,1.953125,3737696.519352472,0.14014922605201718,1.0005949869192183,0.0019055176277965736,3
12.555367204938921,115.97887712615932,1.953125,3800065.9080177424,0.5999401081789983,1.000581654280962,0.0018918215452379432,3
12.654539836446153,117.8709782505391,1.953125,3862396.1703603147,-0.3834783336193747,1.001052787361096,0.0019142420574841915,3
12.754322781524738,119.75093717135677,1.953125,3923664.7458671336,0.3102404421006213,1.0004397572080974,0.0020615791164188477,3
12.854043044727717,121.59768002010748,1.953125,3984512.7290053004,0.9688784628160647,1.0002570751870503,0.0017969303774003852,3
12.95396686180696,123.42728496225327,1.953125,4044129.9621815346,0.034382600135965426,0.999804379794849,0.0017809392701425377,3
13.053273290165178,125.22620111512836,1.953125,4103412.04582975,0.4931701416486855,0.9995527599329892,0.0011572867144234908,3
13.152121377662212,127.02499743085338,1.953125,4162022.836028294,0.5252582093708043,0.9994996119348611,0.0010632512350324196,3
13.25096149299111,128.79758099510587,1.953125,4220439.020767508,0.7278275014165653,0.9990492494865897,0.0012374386323594565,3
13.349411565867566,130.5625261316194,1.953125,4277943.145570712,0.33145694349392824,0.9993691906046925,0.0012460053862550363,3
13.447412709105308,132.3236215942357,1.953125,4335980.257812933,-0.16168148415817996,0.9993377599148426,0.0017559398382120746,3
13.544793287174693,134.0503032154659,1.953125,4392234.691953511,0.2871454739991653,0.9991953245548554,0.0022904039613078765,3
13.64192244851216,135.77562831916828,1.953125,4449095.574071733,0.2728518635449291,0.9989968500341904,0.0026450369569116683,3
13.738769685702852,137.47622209302477,1.953125,4504497.040997548,-0.8451220422575716,0.9987753515372141,0.0023129262180842346,3
13.83501892480329,139.15580248507533,1.953125,4559857.009108312,0.396103246731703,0.9985691660957037,0.002692366579000117,3
13.837138285511738,139.1416553043419,1.953125,4559392.8485256955,-0.1938754378898011,0.9987297498870081,0.0025661431554101005,3
13.8422193416003,139.1105973513014,1.953125,4558376.052749154,-0.5668821898677076,0.9983260375046045,0.002213886140416568,3
13.84932794253049,139.07007711036113,1.953125,4557046.538363194,0.3027467351760909,0.9986832912327837,0.0021643390842248085,3
13.857708979504174,139.02248578715754,1.953125,4555488.776301956,0.7631324781068543,0.998510267118119,0.0023111547680606977,3
13.866711296020911,138.9715956890372,1.953125,4553819.189087421,-0.3257163620449622,0.9985366002086195,0.002766900118242417,3
13.87515847040942,138.92137340386336,1.953125,4552175.554791785,-0.5433969700679881,0.9984609151576274,0.002794484220197127,3
13.882215474293547,138.8760938394143,1.953125,4550690.443245654,0.49771352923077455,0.9985456625058373,0.0030290104949346444,3
13.88750502411894,138.83848799502564,1.953125,4549459.523738396,0.3158255531391963,0.9987642664847078,0.002772440236925091,3
13.890241556839488,138.81731607946045,1.953125,4548765.293541511,0.6861456218575768,0.9989037516636647,0.0024347794610051782,3
13.890411180686197,138.81590033597305,1.953125,4548718.945789128,0.24046493160130922,0.9988902611862759,0.002365279165289342,3
13.888800805386248,138.83024142086973,1.953125,4549189.191899178,0.07903606587812344,0.9989888504248442,0.002888079494750154,3
13.885479148807681,138.86126494721506,1.953125,4550204.929776594,0.7569309383676833,0.9985342142044751,0.0024631637855268666,3
13.88103992194031,138.90353147589795,1.953125,4551590.8808210185,0.06181409778946545,0.9991097880124594,0.0020095215551692125,3
13.876015735221204,138.95151038447455,1.953125,4553161.869272685,-0.2086458461259705,0.9984691060600178,0.0021873939935186733,3
13.87080224435859,139.00112455523762,1.953125,4554788.823132348,0.07945807739815791,0.9989027836998796,0.002331409073386175,3
13.865546643554474,139.05013749271126,1.953125,4556393.665437416,1.0641990755369382,0.9987985311362017,0.002294068093991284,3
13.861393038116889,139.08797040192238,1.953125,4557634.483349793,0.39469057040211436,0.9990001746446348,0.0025133031205772697,3
13.858374052036424,139.11448441681537,1.953125,4558502.60066904,0.48522858396366547,0.9990367344136349,0.002475937652605119,3
13.856827662085236,139.12746367373705,1.953125,4558928.335020624,-0.019387369306059554,0.9996460842459024,0.0023565475846214594,3
13.856218208715859,139.13230342348274,1.953125,4559086.77315863,0.5020904507691739,0.999794697135092,0.0022937371668938743,3
13.856721681030798,139.12844827086545,1.953125,4558960.304595416,0.14244212623937832,0.99972684170276,0.001700314590882203,3
13.858733336264867,139.11368981460345,1.953125,4558477.171139148,-0.23483513729903885,0.9993218063671394,0.0016464049231075073,3
13.861295347429323,139.09506540048918,1.953125,4557866.23946288,-0.9952282746999117,0.9994044521030163,0.002091611802438598,3
13.864292620860464,139.07366249013512,1.953125,4557165.622919915,0.1700490108038745,0.9992579159736404,0.0020631610619324444,3
13.867764064270697,139.04854195829114,1.953125,4556341.592412197,-0.936756782582961,0.9991619997157826,0.0025959871383199806,3
13.870974045068097,139.0249940406961,1.953125,4555570.816321282,-0.17449805980989672,0.9993835092741326,0.002132343018695947,3
13.873561970161559,139.00541908686003,1.953125,4554928.758095767,-0.373635858126363,0.9991410737864485,0.001929186720547899,3
13.875586810934236,138.98973518223343,1.953125,4554415.355171782,-0.5834357347933595,0.9990606513401222,0.001466858173298116,3
13.876953640377783,138.97875764656885,1.953125,4554055.316835799,-0.38204598056472605,0.9994480028473804,0.0013778643247452096,3
13.877330783533269,138.9756582642943,1.953125,4553953.858583349,-0.7286725033894376,0.9997035814302271,0.0008520370353673047,3
13.876680986963692,138.9810704507957,1.953125,4554131.359511867,0.5868047483879005,0.999050830568193,0.0006329035428862026,3
13.875622995811055,138.99007245009858,1.953125,4554426.0714793345,0.5536119330754445,0.9991394478447417,0.0011374456314602874,3
13.873821726726266,139.00559277161435,1.953125,4554935.049604907,-0.14049886755795646,0.9990505338880972,0.000511916812568245,3
13.871947821375649,139.02196588951298,1.953125,4555471.134779997,-0.21850062197821293,0.9988562319690575,0.0010928019286356337,3
13.86974518948153,139.04111514798333,1.953125,4556099.098390914,-0.5236068826973982,0.9982791448680022,0.0014543249315770227,3
13.867671911253673,139.058788627839,1.953125,4556677.779287944,-0.35930317077145446,0.9980213116096186,0.0019781712184849982,3
13.807744825312707,138.66271885080502,1.953125,4543598.582513484,0.4737446711127025,0.9977552227081994,0.0016086260371009856,3
13.748163238243489,138.25676796785058,1.953125,4530397.25980048,0.9451364723681763,0.9977096864185233,0.0014908374219584828,3
13.688957803627405,137.83962808399846,1.953125,4516628.910871533,0.8975749875353358,0.9976654025372392,0.0012217281795836726,3
13.630500694527843,137.41262020677928,1.953125,4502736.401656021,-0.06776457058852732,0.9980606763925042,0.0011001368975418846,3
13.57220856277335,136.96862844997665,1.953125,4488088.591320081,-0.7117447308410192,0.9979706285713346,0.0013570638098275082,3
13.514056063304132,136.51656154014083,1.953125,4473374.379987364,-0.10837749827866598,0.9976175634093378,0.0013447723302974102,3
13.456988749107213,136.06710635318603,1.953125,4458551.39415711,-1.0944074311119039,0.9971157834610525,0.0011460366966616837,3
13.399181280259844,135.60268812774675,1.953125,4443428.409209339,-0.1354686692963393,0.9967863933838624,0.0016622554604481471,3
13.341576436720652,135.13128823865947,1.953125,4427887.221897071,0.45212648538896855,0.9971976083167103,0.0013022414284667217,3
13.28439988617987,134.65493226176415,1.953125,4412372.44588937,-0.21271903323334604,0.9972079009847759,0.001504199212913878,3
13.226514469648528,134.1713860773562,1.953125,4396430.632247244,0.004013770215048377,0.9971391957818497,0.0016377481973901759,3
13.168434967015532,133.67572426526283,1.953125,4380285.7140270425,-0.34385389495582785,0.9970533372150846,0.0013964812235312425,3
13.11022743783833,133.18267583302222,1.953125,4364032.117108567,0.37374463638237404,0.9969839091704001,0.0012785264501070878,3
13.051393070510477,132.6825757058552,1.953125,4347742.062311571,0.3562860307574738,0.9969856094608707,0.0015112812685904714,3
12.992452499190579,132.18090053741014,1.953125,4331205.563596926,-0.516395654661513,0.996811248478858,0.0016525448169552354,3
12.933218287141818,131.67135274828712,1.953125,4314606.2247603135,0.019528765153760713,0.9969043250353202,0.0017856641174733515,3
12.873988201738783,131.15770031999116,1.953125,4297677.353675851,0.6987895915068899,0.9963292259049771,0.0015394706701591203,3
12.81467020809055,130.63973564410506,1.953125,4280802.169340529,-0.2608375098692098,0.9963858142993869,0.0012058428250731573,3
12.75537252409039,130.11423781309205,1.953125,4263485.247089304,0.3170447943023949,0.996448206610943,0.0011687067192934792,3
12.696031777277613,129.58234052265342,1.953125,4246153.433006147,0.19229601542974706,0.9964909032861007,0.0010581458933801183,3
12.733548603646458,128.99655900443148,1.953125,4226901.0488232095,0.3699076372334578,0.9967049743602736,0.00143709633682829,3
12.771065421502072,128.4075715301949,1.953125,4207658.602658676,0.2623090051638428,0.9967394309312315,0.0012288831566277456,3
12.808899921502427,127.81143093842714,1.953125,4188065.891651244,-0.02916965564994219,0.9963693497420537,0.0014252383053336049,3
12.84715815396169,127.20844233155901,1.953125,4168365.6596581438,-0.24970233691540974,0.9958474522447005,0.0010831674264257507,3
12.885076498425963,126.61240850688743,1.953125,4148777.266633293,0.0888883696461562,0.99598507146391,0.0007294121761827588,3
12.92290731354991,126.01166129997752,1.953125,4129149.514458461,1.10698187020292,0.9957910943932453,0.0003635773933162714,3
12.960925376890629,125.41308433200854,1.953125,4109477.294038428,-0.2898896402766695,0.9959646475978678,-4.2490950668434546e-05,3
12.99917051670773,124.8049282435179,1.953125,4089607.3478147183,-0.10989687641267665,0.9959676071391473,-0.0002614913842659239,3
13.037860427956076,124.18336243319894,1.953125,4069180.5271625193,0.18926573680437286,0.9960009277540481,-0.00022404456268458486,3
13.076232907827187,123.56756156798386,1.953125,4049061.2287707096,0.7351696255900606,0.9958801459913947,-6.0980602412609416e-05,3
13.114722042844283,122.94476484009854,1.953125,4028593.833936954,0.7397660712849756,0.9957088800396668,2.2363948547769426e-05,3
13.15289984854226,122.32032887528219,1.953125,4008191.8153499584,-0.3418608139290882,0.9956472032498392,7.800063136374546e-07,3
13.19107850184034,121.69540715310383,1.953125,3987654.8788681678,-0.006433529487064031,0.99592965589314,0.0002670073462503906,3
13.228992864270413,121.0701666541157,1.953125,3967226.4161381684,-0.17757968368338575,0.995675873368699,-0.0002384247015345015,3
13.266820531907165,120.44468650178256,1.953125,3946671.5078918454,0.4381459526484832,0.9955038599760935,-0.00013159106979749685,3
13.304400822025796,119.82118829135563,1.953125,3926299.810797732,0.8623908334254035,0.9955445476147377,0.00031622684161275265,3
13.341881122039528,119.19547503577174,1.953125,3905737.626604043,-0.19458219606773733,0.9956633536392543,0.0003088017686109322,3
13.379372917737959,118.56253000729477,1.953125,3885056.1000612797,0.6811181402663351,0.9957381794026363,0.00037255962858818737,3
13.416764375052837,117.92949751584398,1.953125,3864254.355578219,0.19028417344816262,0.9953782546871743,0.0005630018386252272,3
13.454404339645357,117.28931665258068,1.953125,3843335.5273831845,1.161487948041516,0.9956852178827964,0.0006078089655404779,3
13.492409673742246,116.64083819116111,1.953125,3822026.542805273,-0.10369232142693363,0.9960398325927219,0.000604034715048837,3
13.530350834824558,115.9876427987524,1.953125,3800682.257616728,-0.035279324530468635,0.9960442457774488,0.0010042846898872322,3
13.568142049027829,115.33742665377466,1.953125,3779316.7748630396,0.3204484080573214,0.9957911659297319,0.0009621106877802617,3
13.606201254123656,114.68246926644768,1.953125,3757914.4169012806,-0.3076213691638259,0.9958329175508986,0.0006958999537955016,3
13.70299313420854,114.45411144947566,1.953125,3750094.531964175,-0.23074492857510145,0.9955783719239237,0.0009178864640489139,3
13.79970904471868,114.20105260935627,1.953125,3742139.332096503,0.06882635946628095,0.9958938378692817,0.0009377609283293416,3
13.895993347850187,113.9312192276553,1.953125,3732963.2654300747,0.5989699452208394,0.9964094482376188,0.0009371940127066107,3
13.992484606712482,113.64515373043635,1.953125,3723923.701539232,0.4264881808812788,0.9966317186367425,0.0009367701627827102,3
14.088903689416115,113.34193118732165,1.953125,3713653.9529688437,-1.3764174145641543,0.9968242640381426,0.0015535550888163391,3
14.185513470687267,113.02196319843561,1.953125,3703503.050588796,-0.05946560015096717,0.9962274207860571,0.0018026484808733184,3
14.14648929135254,111.80131790867416,1.953125,3663466.341958675,-0.4811916246969001,0.996340649255701,0.0020899548369903765,3
14.107262503205577,110.57006099346493,1.953125,3623159.059132442,0.1619162849795733,0.9966762379545974,0.0016478763592742236,3
14.068292505391765,109.34172358305625,1.953125,3582870.935329194,0.019660720896354178,0.9965144936383463,0.001792953313791942,3
14.029204946433122,108.10936058047457,1.953125,3542526.7919497285,-0.28780105377760873,0.9968767277261957,0.001566279391570756,3
13.990282901711744,106.88001710965338,1.953125,3502206.1093071583,0.7558332213860316,0.9976352607401787,0.0016957888287972764,3
13.951520934148961,105.65263861668511,1.953125,3462024.9755045404,-0.5875784307560631,0.9980054062699154,0.0016000181147582736,3
13.912624898876656,104.41165499928802,1.953125,3421322.5187344835,0.14850772919210917,0.9977996010264093,0.0014184439046119137,3
13.873887901669924,103.17641568991279,1.953125,3380884.149524121,-0.9095425172223864,0.997710304352185,0.0020703059373691113,3
13.834685600403953,101.92611552907306,1.953125,3339875.3077731966,0.06149148479259262,0.9974411254619283,0.0020331741067868446,3
13.795642124635751,100.67471548981177,1.953125,3298908.4825343112,0.01332628146459077,0.9970652189082827,0.0025450349696074697,3
13.756256995144657,99.40693646970033,1.953125,3257326.065705235,-0.27700422383713885,0.9968116892542659,0.003125141992791119,3
13.717281985950615,98.15719387255149,1.953125,3216414.4431647826,0.4114242872929026,0.9971929948263429,0.00275589521037057,3
13.678247266478264,96.89578722032213,1.953125,3175040.5895337313,0.3700093258036456,0.997120844203974,0.0023348725878847496,3
13.639228086496855,95.63440927904921,1.953125,3133747.8415175974,-0.13820672866737974,0.997731748486297,0.002159560950567518,3
13.503646873601944,94.57157244198612,1.953125,3098352.5230245953,1.0200338040643449,0.9973009033907863,0.0021825270935589857,3
13.367784363793636,93.46942759494777,1.953125,3062805.648415382,0.27586020912591874,0.9975336583867501,0.0026085728493327257,3
13.231684876774736,92.32413244531442,1.953125,3024706.3612722154,0.7575487025521094,0.9971563460295092,0.0024256945040338784,3
13.096416805499775,91.16057256354493,1.953125,2987149.2883420447,-0.7757794830091976,0.9973636401707272,0.002542530029680254,3
12.960791714645188,89.9588141267091,1.953125,2947196.518319412,-0.359939263893466,0.9979066668891743,0.0025270518948233302,3
12.82535166507308,88.71382726665625,1.953125,2906974.377157845,-0.6181727041451571,0.9977972143505929,0.002870732766504229,3
12.784063446607506,89.32296905539805,1.953125,2926887.2608476025,-0.6994107791470014,0.9979976139970825,0.002814393103271778,3
12.739534899767396,89.9465139011328,1.953125,2947366.050623907,-0.6893951325061304,0.9973046715408413,0.0024084761715689584,3
12.6938543306996,90.55892308805362,1.953125,2967384.0758632626,0.11490131973429622,0.9971491729103524,0.0028842079158567244,3
12.6470831442937,91.1732357178332,1.953125,2987562.779029647,0.4069654550294217,0.9969245313734649,0.002840566337056934,3
12.599692080023022,91.79002427339726,1.953125,3007723.1887062886,0.21720990154669076,0.9971700120255496,0.002808377494114626,3
12.553483328225742,92.3955192923348,1.953125,3027615.097102981,0.34429896881435224,0.9971725200244297,0.00256298390429109,3
12.509008167487485,92.98917009390608,1.953125,3047021.2405509287,0.3984877430581643,0.9969052456351358,0.002723143832208531,3
12.466137654373695,93.58100711085837,1.953125,3066461.7345906375,0.36505222428240813,0.9966491993780248,0.00243889994017764,3
12.425892585942037,94.16182590391278,1.953125,3085453.1777210333,0.18084951785082617,0.9964862279813752,0.0027977498062934096,3
12.387463735177192,94.73527071345417,1.953125,3104285.088884964,-0.7134763741014467,0.9962296219924273,0.002629457917655533,3
12.351661831992166,95.28609477023642,1.953125,3122299.123031432,-0.4036527807547827,0.9959239743520757,0.0027118221737897964,3
12.317497833826094,95.82201754132089,1.953125,3139895.8244727375,0.04449470512675665,0.995950059983623,0.0028672985027717655,3
12.284608470417965,96.34439047200193,1.953125,3156980.0579014984,-0.49732803491254646,0.9957120901572164,0.0026799221001687725,3
12.252375843708917,96.86185138376636,1.953125,3173969.136861532,-0.08160541083634598,0.996494013882144,0.0027464627360197203,3
12.219770302840738,97.38174556961789,1.953125,3190971.330447418,0.08161043710060767,0.9972485231527811,0.002575459260900703,3
12.186850596102577,97.89997062943598,1.953125,3207986.214111498,-0.5190433405417328,0.9967167825689005,0.002963238713625832,3
12.152958277139028,98.42514126005905,1.953125,3225159.2450447376,0.49193731274741975,0.9967452263380293,0.002688780566483621,3
12.117761262637998,98.95575018632076,1.953125,3242581.8704831796,-0.5300234580354299,0.996991918129985,0.00278511324547573,3
12.081227139454446,99.48718943886641,1.953125,3259957.4854091546,0.2641821329537682,0.9965297501132846,0.0028200835180352624,3
12.043579027493838,100.02018832833343,1.953125,3277461.1818140293,1.2281359131714755,0.9962262659254448,0.002689613715272099,3
12.00413734968117,100.56757802868762,1.953125,3295355.511819074,0.1355621794524874,0.9958761921612639,0.0031309841383479853,3
11.963895912257103,101.10917387547204,1.953125,3313144.8681315943,0.4921138854394182,0.9953953318146649,0.002924511046046673,3
11.922964763161081,101.64664077708487,1.953125,3330712.589153825,-0.4145862448009818,0.9948474950647195,0.002849130814253859,3
11.882090665721837,102.17923105490335,1.953125,3348208.5168786775,0.48686705799142754,0.9948923206491574,0.0024465931132445187,3
11.97607607057905,104.21721583407555,1.953125,3414675.0683740783,-0.8957667772653318,0.9953306741577185,0.002454647736606616,3
12.070681278069852,106.23786301089437,1.953125,3481201.9190179887,-0.24076063471390322,0.9952184615075426,0.002003811847960576,3
12.165904983796409,108.24228989427348,1.953125,3546564.7105977423,-0.5240466298322038,0.9950708798097193,0.0025203505881415834,3
12.261942699031414,110.23465464777632,1.953125,3612168.946400846,0.2764694821210772,0.9950962186582353,0.002256208619753234,3
12.358924507496633,112.19290095956801,1.953125,3676012.2034677346,0.19714495502921636,0.9953331032302715,0.0019424709520467084,3
12.456579390995008,114.13210783180436,1.953125,3739880.7910293955,-0.720971005838995,0.9956633628355983,0.002078155308138682,3
12.555050815535148,116.0500394263274,1.953125,3802397.5673873103,0.2692748458260515,0.9953118006901202,0.0016362917775497663,3
12.653647048453886,117.93625946767037,1.953125,3864535.246871233,-0.26481981905696256,0.9949844325710476,0.0011637717347123071,3
12.752818550670812,119.7932184251249,1.953125,3925050.2618544362,-0.13422490796316802,0.9949447777009304,0.0008912463553265616,3
12.852765022293495,121.6440324796616,1.953125,3986031.623452702,-0.2717778880457142,0.9945293130826686,0.0013884040142115813,3
12.952584416878466,123.47697119474213,1.953125,4045760.312783755,0.8232751738214574,0.9945668459550592,0.0017815240647038625,3
13.052123896994129,125.2906527022344,1.953125,4105524.053973677,0.2876239130406854,0.9940871320796069,0.0016850905846693895,3
13.151040146792248,127.07512838387302,1.953125,4163668.832744534,1.2282340370826812,0.9939457391190606,0.0013685232384550716,3
13.24977135780547,128.84669500858521,1.953125,4222048.431611602,0.33620971035270486,0.9942144920740003,0.0014018184845912816,3
13.34789638200106,130.60820886794215,1.953125,4279444.782548598,-0.3501997338183476,0.9942724858862466,0.0014557015826027462,3
13.445746050482388,132.35960354621187,1.953125,4337159.389631886,-0.619037772340865,0.9942668798593931,0.0008353125870027803,3
13.543259248164787,134.0952464526804,1.953125,4393710.222493683,-0.39292884671400924,0.9937297132022049,0.0012109889363360786,3
13.639886206033976,135.8032038856764,1.953125,4449999.1586760525,-0.15484345034928992,0.993527313001747,0.001342625946038663,3
13.73662646039885,137.50196339580557,1.953125,4505340.785899946,0.0463838265677623,0.9936108777932793,0.001170304575660335,3
13.833353868639117,139.18049537855188,1.953125,4560666.244097001,0.2739774958366373,0.9932633769936012,0.0014736269213413843,3
13.835601398833791,139.16503930642446,1.953125,4560159.225070481,0.7215612879869392,0.9936117239546552,0.0012181827247837978,3
13.840375508967584,139.13566942173793,1.953125,4559197.615186208,-0.8523719512365157,0.9931279814312768,0.0014741187543546059,3
13.847524983445796,139.0948511569279,1.953125,4557858.353969315,-0.48833780431353563,0.9932638378431675,0.0017060177962767288,3
13.855860734222068,139.04849124936482,1.953125,4556340.923578102,-0.22688580523511823,0.993345824089348,0.0015684880865614215,3
13.865026242638898,138.99662497585592,1.953125,4554639.260930818,-0.13644104829169615,0.9931636311189632,0.0015796375062243483,3
13.872738939861502,138.9506488958447,1.953125,4553134.858275851,0.6601130248576131,0.9937848727588572,0.001202356723565358,3
13.879804961155042,138.9048064353696,1.953125,4551630.880285444,0.4491696719342144,0.9940884709786417,0.0012021436448198895,3
13.885276402491566,138.86581881558752,1.953125,4550355.02312821,-0.6482847257696752,0.9942976078360445,0.0012372929865361456,3
13.887950363765682,138.84545793479762,1.953125,4549687.257385448,-0.3636908608968952,0.994259822918105,0.001042395979637273,3
13.888879215895372,138.83772912282285,1.953125,4549434.254403422,0.3287608696179329,0.994310627163679,0.0008975063375871041,3
13.887527446066464,138.84979938169258,1.953125,4549830.042336243,-0.6968817164452048,0.9942679798852965,0.0007724659244465185,3
13.884602270198732,138.8768329103,1.953125,4550715.142588502,-1.027559300365586,0.9944530234974381,0.0006940124866103612,3
13.880163627381311,138.91905412263648,1.953125,4552099.541541192,0.5445441724732518,0.9951236222817769,0.00034158094635522386,3
13.875446592755074,138.96458264016454,1.953125,4553590.426617858,0.06903765188690159,0.994761678500551,0.00037677043618055377,3
13.870184300889985,139.01532851875288,1.953125,4555254.281760473,0.17299102590914117,0.9950519996001785,0.0007234055502537766,3
13.865616837578376,139.0579471563661,1.953125,4556650.032990598,-0.5879757228321978,0.9949311825530418,0.0004960654179369094,3
13.861345736694796,139.09684513536237,1.953125,4557925.409361248,-0.12274088790945825,0.994944028611828,0.000527668499448007,3
13.858237361969975,139.12375314049976,1.953125,4558806.690817109,-0.49120644572394667,0.9949023206578724,0.0006712679455605199,3
13.856347759285654,139.13955896691263,1.953125,4559324.959114947,-0.2871829260596617,0.9951398924837126,0.0007961051760586121,3
13.855739821527035,139.14443713673904,1.953125,4559484.722170192,-0.6442539299860073,0.9956382551388457,0.0008105036428153668,3
13.856346165407802,139.13981860969272,1.953125,4559333.2735585105,-0.5191712473351799,0.995708543892689,0.0008521259017894053,3
13.858306971130999,139.12542025447172,1.953125,4558861.732800548,-0.8453972513658906,0.9955454368471558,0.0008996154864429737,3
13.861006835096298,139.1059520683702,1.953125,4558223.369637119,-0.5703054180557956,0.9955966605338512,0.0011501645897503243,3
13.86375113689617,139.0861149154197,1.953125,4557573.778526003,0.071551058703335,0.9954459469621045,0.0012291902575381616,3
13.867072280398407,139.06217245302952,1.953125,4556788.645470166,-0.37420342588302447,0.9955447191678898,0.0014410214372087276,3
13.87020850041383,139.03930166318307,1.953125,4556039.788227026,-0.3599009921817924,0.9951243267592138,0.0012739745202383274,3
13.87293072730932,139.01905189470165,1.953125,4555375.7835554825,-0.4057592795882859,0.9948673809601601,0.0013676162663848479,3
13.874759190948785,139.00487025717467,1.953125,4554911.442352668,-0.3901740945596733,0.9951909187037516,0.0014725835479748707,3
13.876020490558284,138.99488047911584,1.953125,4554583.870553764,0.03955903494352242,0.9951784909082633,0.0017063573900564725,3
13.876101010616589,138.99421855580286,1.953125,4554562.198241691,0.09670559271398815,0.9952472300619207,0.0018083886132749505,3
13.875581477184815,138.99860241753368,1.953125,4554705.951908885,0.16908392932843222,0.9948178754610578,0.0020423189979091217,3
13.874664507052895,139.00642032151177,1.953125,4554961.934746027,0.16864247242241012,0.994755701328756,0.002370433415989916,3
13.873452984508825,139.01684885683173,1.953125,4555303.901932906,-0.6550210546993185,0.9947442937881933,0.0023011305654290857,3
13.871387741498781,139.03475763009615,1.953125,4555890.261296844,-0.08710626962662597,0.9944068000274714,0.002214234385151769,3
13.869709253051468,139.04953537381476,1.953125,4556374.905981104,0.42051944464765256,0.9945724764865651,0.002632783388186463,3
13.868001025812639,139.06396694785036,1.953125,4556847.383335062,0.20166268153479905,0.9944685128949396,0.0026829215896070676,3
13.807608396432126,138.66546538318795,1.953125,4543687.87448112,-0.3173839259264544,0.9943065709043137,0.0029396648377403357,3
13.747621925804959,138.25937665021576,1.953125,4530482.684812505,-0.14345159391329312,0.9940295025892292,0.002902728383125885,3
13.688356215019997,137.84053187473205,1.953125,4516659.072877209,0.10158676495605808,0.9942224240393143,0.0029308270946366835,3
13.62985570357668,137.41355562437084,1.953125,4502767.01126987,-0.021953451715186627,0.9943346215047297,0.0027863653483653594,3
13.57134794001908,136.96988817602872,1.953125,4488129.793969853,-0.45878343645017594,0.9948860637051586,0.0029228838545700157,3
13.513878521989676,136.52403687899601,1.953125,4473619.457251636,0.20097742149543288,0.9950605832028645,0.003333563279871629,3
13.456444468648892,136.06700388919845,1.953125,4458544.209332521,-0.4057515556827032,0.9945163884593539,0.0034697344147417448,3
13.399158419902337,135.60255962626135,1.953125,4443424.512850879,0.2686402618637658,0.9950234725220246,0.0040134780926235816,3
13.342066721992602,135.13413353855037,1.953125,4427976.613864532,-0.09900268702161459,0.9946434175736825,0.003762656735588174,3
13.284605835795018,134.6548402408334,1.953125,4412369.585934816,0.09858557385814493,0.9944590879443324,0.0039909159931684575,3
13.227381298147119,134.18093768163106,1.953125,4396743.140175355,0.6996837215022728,0.9944471839150547,0.0034143238035273175,3
13.169439245887917,133.68949299893123,1.953125,4380736.949056219,0.01522709074197337,0.9944401335801464,0.0034471070512897706,3
13.110948639810832,133.19311337304168,1.953125,4364372.139102712,0.07744983092682863,0.994113952225304,0.003394316553522528,3
13.052446542879727,132.69109648015586,1.953125,4348021.489437149,-0.47307399542357115,0.9941504259807891,0.003213186143215547,3
12.99338679546944,132.18750130485037,1.953125,4331418.215772711,-0.45747009161884006,0.9942542691952599,0.0035997831079720775,3
12.934173307269347,131.68108767178677,1.953125,4314925.486632797,-0.039630953224938516,0.9942729809145232,0.0035098002784428764,3
12.874589204441097,131.16651866480234,1.953125,4297961.298153014,-0.744573836105701,0.9939525198753253,0.0036425839007460173,3
12.815232645881029,130.65097925612338,1.953125,4281170.9440939445,0.29590062910938286,0.9937122821055047,0.0032299172186407007,3
12.756091990190642,130.1214438304401,1.953125,4263717.078457052,0.12859094257995216,0.9936852057804357,0.0036741994200488203,3
12.696175319743661,129.57824957112837,1.953125,4246019.553222431,0.6698763977001363,0.9932626039689678,0.003702613393668192,3
12.733355641462923,128.99642867835473,1.953125,4226899.360753411,0.33711547826897004,0.9930365976694934,0.0036250326571637187,3
12.771268403325363,128.4027643087191,1.953125,4207501.427380206,0.37104373249894707,0.9933332648502189,0.0031741934739774563,3
12.80888011866038,127.81317437880368,1.953125,4188127.293691606,-0.27197212726484093,0.9934683865117115,0.003032815194596964,3
12.847065836397693,127.21331419412184,1.953125,4168525.6387824765,-0.22360198810444368,0.9936612240852708,0.002943421025286079,3
12.885560527376049,126.60634596049375,1.953125,4148581.108851149,-0.7940251936973558,0.9937310664530531,0.0029371206560535215,3
12.923845035702007,126.00208501876696,1.953125,4128836.0423817616,-0.30108710580680054,0.9940621627962758,0.0032332988396488525,3
12.962269954542627,125.39246259638969,1.953125,4108804.198962831,-0.4007662006151804,0.9937919634302724,0.0034723959040959124,3
13.000084315837455,124.79384191645921,1.953125,4089244.203325538,0.030769009720340062,0.9938904981139941,0.0036576745408983314,3
13.03859550094972,124.17517314219519,1.953125,4068914.154087883,0.09361523859236816,0.9936292718781129,0.003943072934339145,3
13.077074518331871,123.55622527369682,1.953125,4048689.973697339,1.3240644363831962,0.9940672782065898,0.003887632546406691,3
13.115119044557629,122.94507824325767,1.953125,4028607.595402075,0.09549712508305674,0.9942162940698437,0.003316820579763238,3
13.15287268305028,122.33065142114012,1.953125,4008530.2989936788,0.14441114173678216,0.9943553914428097,0.003796543857151754,3
13.191159668561635,121.70231605591762,1.953125,3987883.3003880624,0.23897972020010153,0.9946456621080602,0.004201013307066498,3
13.228978057038962,121.08006305829765,1.953125,3967550.89396112,-0.06122142412035222,0.9941381950725822,0.004233150354538178,3
13.266697181674093,120.4510898489984,1.953125,3946883.3938605078,-0.21152016234433782,0.9939233177626238,0.003985638495520596,3
13.304725865892175,119.81831626459861,1.953125,3926206.059583816,0.26723152699681424,0.9940449134399375,0.004513591781791883,3
13.342618960639811,119.182763239096,1.953125,3905323.240489325,0.3570863414242922,0.9942898984501461,0.005086257073144614,3
13.380391615028705,118.5475356332911,1.953125,3884565.0877042804,-0.24086084052032675,0.994069823366748,0.004910452653757798,3
13.418009889304194,117.91586952726712,1.953125,3863810.0905449926,0.0319035706052091,0.9937220350679995,0.004718087018316981,3
13.455549153527826,117.27835304823027,1.953125,3842976.491148045,-1.9105300088958757,0.9934730959227858,0.0049174814360837165,3
13.493224805851087,116.63528422035256,1.953125,3821847.4974053632,-0.1724769606104625,0.9935246215146923,0.004743286664999008,3
13.531256273382146,115.98212128473676,1.953125,3800501.66280869,-0.12653898771047048,0.9932008218796168,0.004289547739869871,3
13.568564379905418,115.34231145811366,1.953125,3779481.334554845,0.6398065961232836,0.9930801547214823,0.004076438721340129,3
13.606444484944543,114.6871164904835,1.953125,3758067.0795716485,0.03128188793319472,0.9931181981456633,0.0042907063317326535,3
13.702873744994465,114.4550015629536,1.953125,3750135.6817216594,0.8284054146594523,0.993164636641937,0.003933161332746276,3
13.799782808760936,114.20789235493227,1.953125,3742363.9588465625,-0.2956992922687884,0.9931066864930336,0.0036529247941117855,3
13.896321999793214,113.94427377227308,1.953125,3733402.5660633403,-0.06422158345958451,0.9926180486433035,0.0036363721524070676,3
13.99285763881245,113.65278099380198,1.953125,3724174.069111641,-0.8778263627718843,0.9930932353051701,0.0035447760259837476,3
14.089694362774534,113.34570291620042,1.953125,3713786.633028952,-0.4962802787061567,0.9930918390839963,0.0038591622913185628,3
14.186368958029885,113.01896248430162,1.953125,3703405.073488208,0.20839645487527983,0.992723822275803,0.0038725057450639906,3
14.147206068033766,111.7905750075954,1.953125,3663110.6400951506,-0.4653391396908167,0.9927735924202636,0.003820171939949076,3
14.108075892435583,110.56231896954787,1.953125,3622905.785130986,-0.10257583752900246,0.9927206955982367,0.0038075752800585142,3
14.069275519241577,109.33864511830342,1.953125,3582766.5801721644,0.31819372121147654,0.9926357230857044,0.0037033780916998884,3
14.030329710822064,108.10919657716418,1.953125,3542521.841880737,-0.10108805833442602,0.9922592405257581,0.0037237938148081324,3
13.990766515796736,106.85422970347814,1.953125,3501355.7923430167,0.09794488424086012,0.9919024523684912,0.003755358412713403,3
13.951595863643384,105.61343720404088,1.953125,3460740.8730185,0.2311878865924276,0.9917514976348081,0.0038811739698996007,3
13.912738280580728,104.37614219573777,1.953125,3420154.5661421567,-0.11365227550656225,0.9917644931414806,0.003954282127198188,3
13.873733316604424,103.13168015771988,1.953125,3379418.631421475,-0.332554890675965,0.9913889638088271,0.004148266855270417,3
13.834166685525002,101.86725635518013,1.953125,3337942.0533095584,-0.48574338484953233,0.9917601242148809,0.004606134708773191,3
13.795061338878682,100.61526778755878,1.953125,3296960.9097089767,0.15618036595211984,0.9917918109134839,0.004779486509380847,3
13.7557965009039,99.35502946785584,1.953125,3255621.0179326246,-0.27398807399731595,0.9918038354710089,0.004587321745801944,3
13.71695859921935,98.10719764903342,1.953125,3214776.5279465974,0.44634576319367625,0.9922801901422554,0.004780939006823916,3
13.678052429411371,96.84846252586226,1.953125,3173485.667188048,0.173198970296653,0.992039572709438,0.004999424678208896,3
13.63869660483344,95.57930960343776,1.953125,3131942.628375632,-0.05289308492622998,0.992004689400065,0.004759030106446432,3
13.502904662154908,94.51652517110688,1.953125,3096534.440453641,-0.8156528961262666,0.9912683484276146,0.004738035491066097,3
13.366949595647442,93.40428793537434,1.953125,3060671.491829731,0.535686042761275,0.9910328636797309,0.004429582114474162,3
13.231423053718231,92.271321326957,1.953125,3022967.341028167,-0.6171306618125527,0.9915421911445877,0.004347526896734214,3
13.095532758768382,91.08906031253647,1.953125,2984806.0476518767,0.05023868406957869,0.9918902928584431,0.004079213156164272,3
12.959912818750686,89.87404353597461,1.953125,2944415.695825292,-0.2666484413299865,0.992120104750112,0.0036971339637540796,3
12.824393479415496,88.62907337481404,1.953125,2904197.2146403394,0.5892489547234921,0.992380594801245,0.003586089332676462,3
12.782850164107474,89.23987768562486,1.953125,2924163.191925426,-0.34410088691462687,0.9921802140403014,0.003677968536772219,3
12.738753872010427,89.854696692753,1.953125,2944357.753117305,0.6654480987284236,0.9924126248236513,0.0035927307907733315,3
12.692483443641942,90.4777413766517,1.953125,2964719.8378661415,0.49028429409251356,0.992226450564101,0.003527356534826974,3
12.645712524257533,91.09219067177453,1.953125,2984907.77118039,0.673283366515534,0.9918940017720966,0.003291062065608173,3
12.598778703696622,91.69686425287769,1.953125,3004667.618852713,0.998771114985478,0.9917075529563316,0.002324557159320449,3
12.552415005106583,92.30243943425886,1.953125,3024565.4116584472,1.0522830589967878,0.9917301967474734,0.001987846877862299,3
12.507395464064777,92.90737173444505,1.953125,3044337.0853064996,0.2158370659878225,0.9919236394421166,0.0017048367628450343,3
12.464870308307926,93.49610362743552,1.953125,3063680.06399885,-0.31556318219494034,0.9918475890066183,0.0017071025191820375,3
12.424646271883628,94.07715342011298,1.953125,3082674.3066037227,-0.012627953473080803,0.991635466272096,0.001755626143951048,3
12.386996794358467,94.64084905822422,1.953125,3101191.3400451676,-0.15424743083955642,0.9916308690003773,0.001857897755828506,3
12.351228586941312,95.19287270891,1.953125,3119238.6924790563,-0.32309051826935803,0.9915370821924122,0.0021829125645268454,3
12.317421038640303,95.7249772001323,1.953125,3136715.9559309245,-0.03415041563736546,0.991606846520818,0.00215130905786761,3
12.284042645438198,96.2602799000351,1.953125,3154216.4845045097,0.32312236488845275,0.9914374842935001,0.002342135365794444,3
12.251570816851173,96.77746276651493,1.953125,3171203.6738380776,0.9437837730171547,0.991244233130526,0.0019423748827899251,3
12.21895585411751,97.2968328891078,1.953125,3188181.9229389136,0.00607154164511788,0.9910119791199318,0.002114323818884031,3
12.185857265599745,97.82022038318644,1.953125,3205372.8310118695,0.23483276971819578,0.9911945179208114,0.0019889377868262162,3
12.152075317226714,98.34150777394048,1.953125,3222412.235974062,0.9029189081848017,0.9912793806300215,0.0015893395864070813,3
12.117005441283379,98.87044868839108,1.953125,3239786.8386553237,-0.09392060644555993,0.9913300172137981,0.0018314027469572174,3
12.08039777815082,99.40649110042749,1.953125,3257305.9115818944,0.010511193367468271,0.9914997465694102,0.002064595014997302,3
12.04239165255172,99.94756393649118,1.953125,3275081.7654002653,-0.6487992050679168,0.991227919273055,0.002107724144113478,3
12.003417280971766,100.48691267024356,1.953125,3292706.7576563125,0.15699005673862607,0.9914662592022296,0.0025372766155914673,3
11.962984482341888,101.02965156430515,1.953125,3310539.491166637,0.03642452814407685,0.9915985208390649,0.0025104791376809586,3
11.92217149860664,101.56947784268542,1.953125,3328179.290948124,-0.24527449904417153,0.9915086897503691,0.0019173649363057794,3
11.880990954495557,102.10454839640187,1.953125,3345761.657916432,0.6281525805134152,0.9918107849301881,0.0017565463803878804,3
11.975007517348594,104.13499134435351,1.953125,3411990.974331936,0.16320923786891703,0.9920646936489042,0.0014674384526853963,3
12.069508231891465,106.15469053538344,1.953125,3478476.783020204,0.07277041993681148,0.9922871374598746,0.0019582502200836444,3
12.164745703003495,108.15368949435913,1.953125,3543671.0036247405,0.7343738473173289,0.9923761463822643,0.0018542075298359675,3
12.260703679961635,110.13633037823499,1.953125,3608947.2293921732,-0.08599368204522762,0.9921875372759911,0.0019049579389059188,3
12.35746170082693,112.09306301167847,1.953125,3672751.2817676216,0.11630142807916855,0.9918390885980845,0.0018511346579726438,3
12.455217822698247,114.03309856958654,1.953125,3736636.5730199907,-0.061486704154958716,0.9920123393191274,0.0021026982894589174,3
12.55368368638909,115.94894650957326,1.953125,3799096.3009834946,-0.1962012951359308,0.9921395735139978,0.002636092118712962,3
12.652898648567449,117.85043391347995,1.953125,3861723.0073541366,-0.47782187066574505,0.9920542573131498,0.0026709881321126043,3
12.752367964872816,119.71358097209689,1.953125,3922454.196794188,-0.09134169816388749,0.9923242390453721,0.002818553640564623,3
12.852657709532611,121.57874639263025,1.953125,3983892.2972888956,-0.2633671017332138,0.9929113476563413,0.0025325663301562257,3
12.952450345867318,123.3975488435465,1.953125,4043173.6694878573,-0.5831435284259593,0.9932287385183529,0.002373295344780913,3
13.051878106135696,125.20031562907211,1.953125,4102563.907216369,0.33571305945830926,0.9934728778160513,0.002230101959353251,3
13.150909753934245,126.99205476665422,1.953125,4160960.988591902,0.1889791063889182,0.9935066681377824,0.0020095218809288,3
13.249705370016954,128.77111146108564,1.953125,4219571.759273213,0.20598171205468438,0.9937124959408611,0.001825501529001576,3
13.347900820982813,130.5255297222541,1.953125,4276749.738454875,0.07572485951459385,0.993675307696563,0.0020240465421774148,3
13.44564753561712,132.2740898815343,1.953125,4334357.373145684,-0.07580344971453694,0.992990524160675,0.0021273731371370284,3
13.543030836361284,134.01121681852425,1.953125,4390971.0484844595,-1.0434244626873503,0.9931071267934195,0.0019748852293621894,3
13.639877427739277,135.71405699721063,1.953125,4447078.2185835065,-0.3268131692699778,0.9934312188819818,0.001558812004903854,3
13.735996820150952,137.39310709630925,1.953125,4501793.436001645,-0.12252507533169894,0.9936289175261366,0.001475641402069427,3
13.832239546265068,139.04475150095823,1.953125,4556218.4170655245,0.3602697104118609,0.9939260388365886,0.0006445146819086755,3
13.834436038476278,139.02953614003596,1.953125,4555719.6733934935,-0.14983971090138462,0.9938270674607027,0.0007621047038488976,3
13.83945713033408,138.99906616074315,1.953125,4554721.149504765,0.7164236583096985,0.9937622219304855,0.00032061721644483816,3
13.846887811927107,138.95642640892075,1.953125,4553323.467139322,-0.5039999224572966,0.9938003602166701,0.0006878150055136835,3
13.855096383094843,138.91095258260236,1.953125,4551833.683008081,-0.5193039059558942,0.9940809499014018,0.000790474273257135,3
13.863937174011877,138.86137581937822,1.953125,4550208.6429942455,-0.3330580240059741,0.9943110384578167,0.000782212418602189,3
13.872227038750044,138.81152222825034,1.953125,4548575.667115119,0.10419164204965152,0.9942433924406291,0.0009097895938404664,3
13.879448414156181,138.76504255534434,1.953125,4547052.328197523,-0.2656257080125215,0.9940551926662633,0.0014357221648424992,3
13.884670726431581,138.72815611130068,1.953125,4545844.187175251,0.0646118527802173,0.9943229732757973,0.0014308363756491305,3
13.887782458541526,138.70432213827848,1.953125,4545063.08066455,-0.18417737993028518,0.9945317570503777,0.001572258017942505,3
13.88855830440538,138.69784966515476,1.953125,4544851.078693896,0.19687264345702715,0.9946936867029458,0.0018248936173797976,3
13.887432854736423,138.70776739891954,1.953125,4545176.120571773,-0.1460985538045255,0.9947339692201971,0.0011877168625678525,3
13.884512939569639,138.7349104334384,1.953125,4546065.222450282,-0.8705817112471171,0.9946395159747309,0.0009432724930199488,3
13.880204111536226,138.77561904976042,1.953125,4547399.440089735,-0.5488403044328152,0.9946808306879482,0.0009574000085468075,3
13.875136328311976,138.82448801501445,1.953125,4549000.325696501,-0.45870818294739973,0.9948823846341353,0.00111671253463149,3
13.86992268642345,138.87438615569363,1.953125,4550635.828726254,-0.8006269929210248,0.995558546883229,0.000628338351257524,3
13.864708029762024,138.92330189339575,1.953125,4552238.25860411,-1.3076924330501545,0.9959042295615367,0.0007758841281035399,3
13.860257448616935,138.96399738991303,1.953125,4553572.256459786,-0.04394381175976984,0.9957696716871874,0.0004010413360895534,3
13.857420135924801,138.9890542513489,1.953125,4554393.158689503,0.3086571689855191,0.9959911517571068,0.0006087463718083228,3
13.855749200775001,139.0028712360213,1.953125,4554846.07232485,-0.12534840805407535,0.995847854924121,0.0006024336405239795,3
13.855465736026286,139.00512037468621,1.953125,4554919.758068803,0.957438896225843,0.9961746602495234,0.0005336968210113297,3
13.85589216187325,139.0018258662476,1.953125,4554811.772588342,0.13860240590778025,0.995928207448117,0.00038167116770890735,3
13.857749867506605,138.98817432472828,1.953125,4554364.486920995,0.10833090021818255,0.996095931155108,0.0007304112104650502,3
13.860104587138254,138.97109795087658,1.953125,4553804.829054046,-0.6307460284103096,0.9961650409899294,0.0010358367746062017,3
13.863469184438427,138.94694993049916,1.953125,4553013.577195858,0.6117004942013106,0.9962502380569305,0.0010880768594821002,3
13.866559058761744,138.92473478134355,1.953125,4552285.631018414,0.03541059109435688,0.995848593405216,0.0008293306849001274,3
13.8695857868392,138.90256092365308,1.953125,4551559.044478886,0.060583648628380615,0.9957193243597525,0.0011665891177002241,3
13.872003271142006,138.88448295672694,1.953125,4550966.708785443,-0.17966543222549566,0.9957606552165055,0.001424422623767841,3
13.873739229609768,138.87111493468518,1.953125,4550528.673238316,-0.09570601011485753,0.9954841731245039,0.001198422090310968,3
13.874652464680112,138.86383844044434,1.953125,4550290.25759205,-0.09118253423730494,0.9952414769751488,0.0011787192290296945,3
13.875006717967485,138.8609257542532,1.953125,4550194.813220933,-0.29502834993763827,0.9949953274744695,0.001471598983649446,3
13.874716613142576,138.86335843095054,1.953125,4550274.519841776,-0.825931037516663,0.9948092233946451,0.0012516992693517497,3
13.873529821019554,138.87350915268627,1.953125,4550607.133803518,0.06170889961140347,0.9943407451010065,0.001491238368931826,3
13.871986444077622,138.88666994267325,1.953125,4551038.3748928895,0.12517857682905742,0.9941901524992206,0.001166587527100355,3
13.870498862603064,138.8994685254119,1.953125,4551457.772826618,0.3242025614260153,0.9946882341510682,0.0008190677255753765,3
13.868442656183953,138.91735293798178,1.953125,4552043.75162873,0.3992240854956132,0.9946447132106013,0.000855184244672375,3
13.86618941679636,138.93673726416895,1.953125,4552678.985832652,0.4591621644152231,0.9943370855800662,0.0009182135305147536,3
13.806033446015753,138.53630916215607,1.953125,4539442.322859521,0.8937513571169499,0.9944726347792651,0.0009196213906932894,3
13.746255630833634,138.13041490743424,1.953125,4526257.429925089,0.6162138525821016,0.9944780296566258,0.0006230554764988955,3
13.687277824881207,137.71697062092827,1.953125,4512597.3286988735,0.2364671855842365,0.9944445277440793,0.0002901511723754951,3
13.628548824322422,137.28971058842407,1.953125,4498709.235608691,0.1472990321041531,0.9941086257124313,0.000498252556175468,3
13.570537331497935,136.85057486428326,1.953125,4484210.009246863,0.0735955977094515,0.9937674045099004,0.00046746986798219434,3
13.512598311516696,136.3998652729981,1.953125,4469550.784950607,-0.5497979888386908,0.9942039086170956,0.00041365646466365877,3
13.455157137933654,135.94330435424743,1.953125,4454482.4482218465,-0.18245774041254967,0.9937583677643639,0.0002637843961122841,3
13.398000685955779,135.47949975591382,1.953125,4439392.2468599025,1.0309850248437822,0.9933787220025432,0.0003768765920281849,3
13.340559744007557,135.00412581436228,1.953125,4423706.374050396,0.094505311561079,0.9932162427401348,-3.00332248143413e-05,3
13.282972013080116,134.52883361590713,1.953125,4408240.819873919,-0.0022060244239886138,0.9932389651004208,0.00019978995429712255,3
13.225583658498119,134.04446266287684,1.953125,4392260.883581307,0.7356710909310399,0.9927820590797353,0.00046924464932242467,3
13.167591762077116,133.55477075902326,1.953125,4376322.71782102,-0.3804693449177042,0.9929789041368713,0.0006377573268036072,3
13.108967559752399,133.05484994428892,1.953125,4359830.861160253,-0.35120005693655304,0.9929900202281127,0.0006529714834592254,3
13.05026526907919,132.55173222348,1.953125,4343455.148003955,0.04485435740207322,0.993465392252118,0.00033223249234679204,3
12.991513053000089,132.0532796753716,1.953125,4327011.216537738,0.30856589419636293,0.9935243625501258,0.00013615178527654303,3
12.932351506342249,131.5434592985175,1.953125,4310416.038093099,0.11818783394361769,0.993851013681462,-0.0006158450996970862,3
12.87310017888217,131.02887360944743,1.953125,4293443.136390667,0.5949366934558687,0.9937375121720531,-0.0007007603521512763,3
12.813993788969862,130.51211614209896,1.953125,4276620.994838993,0.22447137413352417,0.9932049234218417,-0.0004351805632214009,3
12.75440932762239,129.9820761329759,1.953125,4259139.845726768,0.5438539719677161,0.9929854830890611,8.451748908735329e-05,3
12.694998963395756,129.44754744656163,1.953125,4241737.217169119,-0.972742708495692,0.9928273237102146,3.868680693363367e-05,3
12.732243363610612,128.86580944812283,1.953125,4222627.585657899,0.049868983226285,0.9932503852461337,0.0002242933119000319,3
12.769746701567941,128.27707081668407,1.953125,4203383.049186769,-0.01630835695686983,0.9928361582005828,0.00020916233955127852,3
12.807687881989887,127.68172210258452,1.953125,4183826.3155246503,0.43286418775096536,0.992507299997043,-0.00010767363790125832,3
12.84558574446372,127.08861812263277,1.953125,4164439.829903528,-1.1055611236636953,0.9923712354307207,0.00016076799163062977,3
12.883691984508392,126.48745372713434,1.953125,4144692.003380692,-0.3971710481697907,0.992381987903143,-4.4269880247745604e-05,3
12.92196616854397,125.88647959020734,1.953125,4125048.159232708,-0.5256685740872248,0.9925088968836299,1.2935276152949192e-05,3
12.960136811810658,125.28246001632542,1.953125,4105207.0311933807,-0.3679024428917425,0.9923364505469708,9.24052388473057e-05,3
12.99882443281725,124.66601531200651,1.953125,4085055.988813459,-0.600928665716007,0.9927227675069552,0.00026416848871861404,3
13.036947902528942,124.05819989638724,1.953125,4065091.8892916255,-0.9641189955182199,0.9925459427082727,2.71430534598545e-05,3
13.075187048342475,123.4429387455274,1.953125,4044978.2141672033,-0.04266946714051301,0.9925306743464546,0.0005384449078292071,3
13.114030524517615,122.81579158677593,1.953125,4024379.13861341,-0.05329720107692992,0.9921663313323301,0.0008159675951841061,3
13.15192051363801,122.1964475293921,1.953125,4004133.1779638594,-0.07557025638743653,0.9917805705866358,0.000990663907688849,3
13.189730246755907,121.57888502107174,1.953125,3983848.386866051,0.07066375638411652,0.9916410857338307,0.0007792622775117078,3
13.227487419584598,120.95376554408848,1.953125,3963412.9722734117,-0.25399728516034276,0.9917719138043015,0.0009146491133877836,3
13.2655296016632,120.32238041728043,1.953125,3942674.5226216153,0.338596176160839,0.9919487652352003,0.0011537840084061284,3
13.303886269064805,119.68194736305144,1.953125,3921738.04575422,0.3410716046322098,0.9919642354564473,0.001365691196675781,3
13.341501235424719,119.04898352175415,1.953125,3900949.7193703316,-0.635738803162288,0.9922811467887771,0.001092867858716309,3
13.37923103809564,118.41416086465654,1.953125,3880195.2204086366,-0.7700242462075645,0.9921371266662774,0.0010989389799852922,3
13.41674322044259,117.78046164581363,1.953125,3859383.3352611307,0.8978137783257504,0.9923782605084972,0.0008268587775865706,3
13.454176103775817,117.1419832813678,1.953125,3838508.503633015,0.22433896961835367,0.9922928978368499,0.0004780280933020229,3
13.492032891378729,116.49558968697325,1.953125,3817279.594772756,-0.27573519276241615,0.9920823412819841,0.00044319613637532887,3
13.52978444307599,115.84927042377082,1.953125,3796148.885787853,0.6346526371404858,0.9923820017486542,0.0003608644446840887,3
13.567710120027252,115.19617449083923,1.953125,3774699.9203872983,-0.07089562174708892,0.9926845457767008,0.0006444882526957311,3
13.605887351375234,114.53894053910349,1.953125,3753212.0019186563,-0.08750259650575269,0.992547945009742,0.0006391266893528918,3
13.70243979411495,114.31773606250594,1.953125,3745656.6710018613,-0.31605524778084754,0.9926464958611324,0.000871280274512056,3
13.798817135760777,114.0768741542911,1.953125,3738071.0070284056,-0.8252852550285752,0.9929668643463202,0.0005504767409874983,3
13.89554787404422,113.80031053167265,1.953125,3728699.425717772,-0.2634802822770628,0.9931982248913757,0.00032994172814427767,3
13.992040093503464,113.51295524839243,1.953125,3719592.5041932263,-0.4854713345982115,0.9931974652427086,0.0004877804018684021,3
14.08867476220197,113.21679388246434,1.953125,3709577.844716521,-0.6557846591288884,0.9935312264414836,0.0005428471875435814,3
14.184893339750653,112.8963528191712,1.953125,3699387.652690412,-0.17339766246125995,0.9930749831877618,0.0008864499869144938,3
14.145830040017277,111.67478256662895,1.953125,3659311.938077187,0.7754874284655671,0.9930548794238383,0.0007802800398455356,3
14.106922145212101,110.4526370260222,1.953125,3619311.9835363533,0.26872879256795085,0.9930979199046278,0.0012968848728904842,3
14.067558133796819,109.21614058858323,1.953125,3578746.014784318,0.8148850912111811,0.9930469006534124,0.000991403713657937,3
14.02819654174638,107.97283268075154,1.953125,3538053.7548930105,-0.27889239247330505,0.9932953892356422,0.0011217927667660436,3
13.989253093749813,106.74015062058143,1.953125,3497613.8238361585,0.8075026997309275,0.9936258111076592,0.0008711822928188732,3
13.949994063757721,105.4962929746013,1.953125,3456902.4799781083,-0.6324428390556326,0.9936499739588406,0.000971902437379131,3
13.910594684394649,104.24534210628708,1.953125,3415863.587849313,-0.45443658657071256,0.9937180457262919,0.001514095539989188,3
13.871651462432459,103.00584266788881,1.953125,3375295.4337716387,0.2710356586746154,0.9938546654376537,0.0013313184091242516,3
13.833240821952806,101.77742900122385,1.953125,3334996.3347573983,-0.9159718609383466,0.9938413968123561,0.0016734454110725328,3
13.79402723627143,100.52086936066861,1.953125,3293867.76748812,-0.03352015773270978,0.9942780526312558,0.00154324316414597,3
13.754848353746569,99.26154270231788,1.953125,3252555.858111651,0.3426817769335078,0.9943751449045882,0.0011462551292386082,3
13.715650008687168,97.99926718116153,1.953125,3211239.9052681206,-0.21629581624195757,0.99457480148523,0.0013805449208560859,3
13.676507540476647,96.74070519829162,1.953125,3169953.1924364762,-0.26180792553229065,0.9947236526185904,0.001541863213612338,3
13.637599931691392,95.48224343865598,1.953125,3128762.093773636,0.2538843881169062,0.9947023940976689,0.0015898985260664712,3
13.50200244193525,94.422299101942,1.953125,3093439.2899746303,-0.2548794943880542,0.9951925212921309,0.0016459943003215806,3
13.366246365814353,93.31993474998434,1.953125,3057907.547866755,-1.0465491881186608,0.9953410193951442,0.001667329422284032,3
13.230240308607332,92.18599744088402,1.953125,3020157.955660988,0.032318958951994624,0.9955473787179578,0.0010602741941329176,3
13.09471517382508,91.0237280950777,1.953125,2982665.487990343,0.7429856690384137,0.9958754703251033,0.0010575012770401165,3
12.958954839843287,89.81631520142504,1.953125,2942506.1329932255,-0.22684657866435978,0.996106489545519,0.001016015097318035,3
12.823342465842593,88.5705322444489,1.953125,2902279.1755501134,0.4188786267138009,0.9963708687264647,0.0008808802760446294,3
12.781934983911954,89.18494407803989,1.953125,2922358.4111780766,-0.04821576086639349,0.9963568759175049,0.0010519524757296769,3
12.738016417911798,89.80054459434793,1.953125,2942583.869765308,0.27734686082718935,0.9965516279446747,0.000836049101341968,3
12.6920968745734,90.41479279727282,1.953125,2962652.647421145,0.9581955194832213,0.9964961762962029,0.0004786356000151228,3
12.645250848134776,91.02632870155675,1.953125,2982750.1297221,-0.28918830320981215,0.9965713740930471,0.0003451435793912993,3
12.597818247868831,91.64188107764028,1.953125,3002860.2298243083,0.27299717550825636,0.9967020749063069,-7.995465524744487e-05,3
12.551650008054592,92.25210570989061,1.953125,3022916.6956169917,0.8376551662501394,0.9966175639419909,-6.011962000599986e-05,3
12.507037575059147,92.85016919988918,1.953125,3042457.7323676418,0.8588883307735765,0.9965558108606455,-0.0001795527821404951,3
12.464403819116209,93.44045787684846,1.953125,3061856.886289045,-0.043375996639952064,0.9964685619417412,-5.0781513204551894e-05,3
12.424106141053727,94.0191911947362,1.953125,3080770.4297769093,0.9932141410657399,0.9965597380461968,7.424108917484433e-05,3
12.385741756118732,94.59225287832798,1.953125,3099598.9178178594,0.059652525389537914,0.996966153684118,2.6395613939009813e-05,3
12.349775637786045,95.14763148198267,1.953125,3117753.1383788157,0.1573252859246471,0.9972931207399153,0.00023170601909294118,3
12.31545029594068,95.68554065629598,1.953125,3135423.590532013,-0.24914656154457285,0.9972287163081621,0.00030153881720570454,3
12.282548999127263,96.20881760771508,1.953125,3152529.456174634,0.3458324496289909,0.9971591606437696,0.00013483317966327439,3
12.24982748243164,96.73278632708532,1.953125,3169739.7060939884,-1.2455560415716416,0.997316681480639,-9.081343926765091e-05,3
12.217544476848133,97.24856031471646,1.953125,3186600.756424997,-0.5476715593625462,0.9970866756114586,8.517744393557024e-05,3
12.184314718138955,97.76937256656419,1.953125,3203706.701226664,-0.7229726385594404,0.9971731232090887,6.138121873134429e-06,3
12.150367472786643,98.29551634596847,1.953125,3220905.750540071,0.48623784186444635,0.9971819493529694,7.324960085254898e-05,3
12.115266294010025,98.82148335912194,1.953125,3238182.355515266,0.3531410662532532,0.9969865615608832,0.0002598415919273944,3
12.07885047676864,99.35498777918622,1.953125,3255619.3792875535,0.13298750990603972,0.9973583918522848,0.00013893309464185918,3
12.041183846345032,99.89099761319248,1.953125,3273228.1952427644,1.088203170728472,0.9973589945242741,1.4807494707491613e-05,3
12.00196040145712,100.4336165356269,1.953125,3290960.0319096535,0.16602350365792518,0.9974389785905318,-2.019638049994194e-05,3
11.961777916756901,100.97113425751408,1.953125,3308622.0407889956,0.1890942349212613,0.9977145577588034,0.00022808346524049093,3
11.920948856892442,101.50743578774558,1.953125,3326145.293644398,0.1891189483491568,0.9975600527017722,-3.266828288095009e-05,3
11.879971762161542,102.04391798226955,1.953125,3343775.0013955464,0.6921426020198851,0.9977491912662413,-0.0004947251067844217,3
11.97408162482385,104.07763263863416,1.953125,3410114.6107503185,0.12692089779860302,0.9976492899128386,-0.0001954048654881167,3
12.068483636700657,106.09519555669183,1.953125,3476527.2961104447,0.42614376213168725,0.9971596133257153,0.0002525853976869385,3
12.163454714552156,108.09737669361294,1.953125,3541829.9974344834,0.20774602397796116,0.9971949496143687,0.00015628223910580606,3
12.259374223935009,110.07258018454543,1.953125,3606858.298186327,0.5588443957725152,0.9971691280975795,0.0001796170174094811,3
12.35597923228949,112.03066468244351,1.953125,3670711.6297494816,0.44717080897074385,0.9973265380841735,0.0003600094266852854,3
12.453690485535194,113.96110137992636,1.953125,3734277.359240753,-0.22579788665583087,0.9968843522018946,0.0006291533075673786,3
12.552570489631345,115.8880380808925,1.953125,3797102.5562167964,-0.03612465206121366,0.9971694452548988,0.000830020803774363,3
12.65163568084055,117.78475849739698,1.953125,3859570.9475822994,-0.6620558860862124,0.9972998905414245,0.0008600890407412426,3
12.7511036334732,119.66383059176135,1.953125,3920825.1250600535,-0.41850913079906604,0.9972589151998474,0.0004230169262261172,3
12.85117725260247,121.52131656751015,1.953125,3982010.4402897204,0.08255494550758158,0.9974076751402162,0.0005062112797480022,3
12.951043294765851,123.34593833924937,1.953125,4041481.7731356793,-0.5096991737591452,0.996970200727913,0.0002274797224559077,3
13.050644709172872,125.17346521645646,1.953125,4101684.068584855,0.1521202824963742,0.9970803798085095,-0.00025525830994841314,3
13.149800869444068,126.95799261320614,1.953125,4159844.435385533,0.14491457144079808,0.9973319443254214,-0.00013124850738304838,3
13.249058910426042,128.74260897241768,1.953125,4218637.763497499,-0.15611895574572068,0.9970447490541522,0.00017102813029524098,3
13.347260850089294,130.49792633388665,1.953125,4275847.733744733,0.27597486104423297,0.9968439889386227,0.0004967804701728494,3
13.444692365316637,132.23135684323879,1.953125,4332957.094947682,0.18579336247906517,0.9967835550663329,0.0005633388350837075,3
13.541834428342144,133.9496163503367,1.953125,4388954.549510432,-0.5923690249874198,0.9963056294599485,0.0004901695523546353,3
13.638369678419618,135.65480894197592,1.953125,4445136.778399654,0.2442675080007272,0.9962009101660737,-0.00019757628643038216,3
13.73474153730854,137.3435153210194,1.953125,4500166.865687786,0.0019573006393329706,0.9964695821463827,-0.00030728215627401313,3
13.830999824512437,139.01592731298757,1.953125,4555273.903450922,-0.9567268090989577,0.9962322842275009,-0.0009201473678879879,3
13.832988530649724,139.00235573215343,1.953125,4554829.022599225,-0.05102641671692254,0.9963174110098755,-0.0005860555253202871,3
13.83793129703833,138.9719692043514,1.953125,4553833.254191014,-0.47632456731056055,0.9961153768131149,-0.000579059297792666,3
13.845411137505229,138.92989853810587,1.953125,4552454.155594736,0.1726068212252964,0.9964414719975282,-0.00020026919017624966,3
13.853308539457748,138.8854229653094,1.953125,4550997.228392662,-0.13896113607067187,0.9963902854559313,-0.0001637407703131405,3
13.862049866427812,138.83573462815082,1.953125,4549368.302949965,-0.7344890368452374,0.9963581120002334,-0.0006240101152484151,3
13.869851402636547,138.78918542147275,1.953125,4547843.877460594,0.23425965830756468,0.9962316290327469,-0.0008964169965579743,3
13.877055382066239,138.74272498785444,1.953125,4546320.772968176,-0.12655634786521355,0.9963358314131885,-0.0010317050939401581,3
13.882415937814924,138.70484769677375,1.953125,4545080.446394791,0.6050206037277045,0.9962905507350654,-0.0009889062851890184,3
13.885507771238498,138.68077724640918,1.953125,4544291.453256213,-0.6940332664671587,0.9963780368844611,-0.0005513234591777092,3
13.886224907655674,138.67474746569187,1.953125,4544093.9837992415,-0.18395362896747733,0.996411276295823,-0.0003833156268171617,3
13.884753170609725,138.68764370161017,1.953125,4544516.6968689235,0.2838453082889221,0.9965824936094078,-0.0008876812589593809,3
13.881892316151703,138.71430570948843,1.953125,4545389.976152369,0.04307008568866877,0.9966590835528037,-0.0007886929949180581,3
13.877802615948692,138.75318889956927,1.953125,4546664.481058242,-0.2695682049513077,0.9962697184648365,-0.0007951997476200376,3
13.872665403378269,138.80206433084322,1.953125,4548265.376855078,0.5868035541316203,0.9961389271118528,-0.0007542573264548703,3
13.867156196053052,138.85504709424765,1.953125,4550002.150608435,0.4670317400984156,0.9961311040118043,-0.0010261884392884545,3
13.862156257122235,138.90148066024335,1.953125,4551523.193232986,0.03828874118698877,0.9961601261975354,-0.0005819100373159531,3
13.858012510093841,138.938613953008,1.953125,4552740.501361893,0.14507434071977818,0.9960707457941794,-0.0005344501569284026,3
13.855123060688912,138.96353842196743,1.953125,4553556.979459395,0.16237634832699163,0.9958410474468086,-0.0006961004997828517,3
13.853515256612171,138.97682311285968,1.953125,4553992.4971191175,0.148550731986082,0.9960086099146792,-0.0007590494142301047,3
13.853191520772084,138.9794056390748,1.953125,4554077.093700848,-0.17661751912358645,0.9961169464649959,-0.0007138899456083956,3
13.85376306272795,138.9749889066922,1.953125,4553932.300654634,0.0002846801095680955,0.9961546162621855,-0.0008622265195482887,3
13.855688940308783,138.96086170210287,1.953125,4553469.515856768,-0.9452838417952686,0.9961999410640086,-0.0007782432244380312,3
13.858555926796747,138.9404696936995,1.953125,4552801.020484621,-0.30546118497659336,0.9962223471886759,-0.00042033054207855864,3
13.861712088613544,138.91757487693198,1.953125,4552051.092517364,1.1772570143863657,0.9961355808660105,-0.0007886775419224596,3
13.864735927720664,138.89574867240776,1.953125,4551335.627302825,-0.7272578188834208,0.9962455154503085,-0.0005949458471350439,3
13.868060437124129,138.87169986256447,1.953125,4550547.85355707,-0.18867017366695413,0.9962195944675772,-0.0009097538249719535,3
13.871020739241516,138.8494838220189,1.953125,4549819.68424124,-0.003948565588264803,0.9962578905789962,-0.0015797450498574112,3
13.872283328966699,138.8396953538613,1.953125,4549499.088740011,0.04913876171243222,0.9961782941938752,-0.0019376938913851602,3
13.873218544792573,138.83227874211744,1.953125,4549255.957892515,0.3750179720385252,0.9960777834041371,-0.002097475215405371,3
13.873185564568221,138.83254849284918,1.953125,4549264.792394817,-0.30248858117192867,0.9965279903007126,-0.001594992698630663,3
13.872165881705666,138.84108240233374,1.953125,4549544.543567457,-0.47790150791115593,0.996696582587488,-0.00140600371408877,3
13.870871983824394,138.85217540661344,1.953125,4549907.885352352,1.189589779740345,0.9971416125782024,-0.0013661200215525566,3
13.86937176904025,138.8650759181242,1.953125,4550330.777471239,-0.6250324816561866,0.9968630310114042,-0.0009547107208782615,3
13.867481451679588,138.8813978900411,1.953125,4550865.379799363,0.6701194177609674,0.9972963071984129,-0.0005849869249963111,3
13.865610002734483,138.8976997782563,1.953125,4551399.79492099,0.23896824266194017,0.9974744534886661,-0.0007001540724800304,3
13.86379633555364,138.9133298442662,1.953125,4551911.736760442,-0.36066496011456667,0.9978074808969088,-0.001207936726912231,3
13.80396883865501,138.51819891094993,1.953125,4538857.7489255825,-0.2885981203592867,0.9979231205341974,-0.0010364215343130164,3
13.744067675331973,138.1061547158483,1.953125,4525462.2084916625,0.8782708950117618,0.9978038868904722,-0.0009914768457125703,3
13.684823251733201,137.68646813375133,1.953125,4511606.035465215,-0.6829371783266348,0.9977304262007529,-0.001053165914620787,3
13.62629013140712,137.25992700457311,1.953125,4497733.13589136,0.268365120683787,0.997566049391542,-0.0011761666508044025,3
13.56795752034701,136.81810028548475,1.953125,4483152.097334977,-0.5805338897868447,0.9978414264120113,-0.001325775509644859,3
13.510384289008428,136.3674242588167,1.953125,4468487.694276482,0.3385411959873939,0.9986114613184737,-0.0013288760652607656,3
13.452538064301235,135.91029861464705,1.953125,4453404.244677676,0.16890010432204386,0.9985733775148536,-0.0009365401969677833,3
13.394994349482184,135.44717489056683,1.953125,4438332.987650246,-0.49078852965612896,0.998883054586301,-0.0010354660030109765,3
13.33747053299795,134.9683710042782,1.953125,4422539.234342789,0.8859485157396799,0.9990445049004746,-0.001162028555759426,3
13.28001333628498,134.48738885368115,1.953125,4406882.723421254,-0.22594486182182058,0.9990599214361774,-0.0014918704903908188,3
13.222271759107308,134.006438828566,1.953125,4391017.586453556,-0.3107128172353744,0.998750677427354,-0.0017795192193800864,3
13.164400850067421,133.52092300820254,1.953125,4375213.56134694,-0.24151129986785236,0.9985959741254912,-0.0020215240976141687,3
13.1059769292277,133.0224687186483,1.953125,4358772.788397036,0.0566871417601457,0.9984054216623125,-0.001658868520496899,3
13.047238466694093,132.52224250905752,1.953125,4342488.771680315,-0.06579361310529445,0.9984411129912413,-0.001636912027595702,3
12.988509830853593,132.0250819504911,1.953125,4326090.455655587,0.4064554611456212,0.9987431304411416,-0.001805122893226616,3
12.929294256007566,131.51837083763277,1.953125,4309593.850054843,0.20514978465871536,0.9987289384945843,-0.0016107384124656814,3
12.87012383951944,131.00667313293943,1.953125,4292719.40491057,0.1306959306699961,0.9985977274945794,-0.0017553337068704857,3
12.810984116624628,130.4839605545546,1.953125,4275698.297805525,0.10285689790422718,0.9984059287896514,-0.001754434378718109,3
12.751519840505843,129.948617301263,1.953125,4258047.811051124,0.6899655127441898,0.9985853805432651,-0.0019454266902200479,3
12.69255082900543,129.42086350727212,1.953125,4240862.788260234,-0.10879453372156907,0.9986398686051762,-0.001778706444086312,3
12.730010776827497,128.83546243304238,1.953125,4221630.869991594,-0.20819038872650708,0.9992020780182461,-0.001937406656990628,3
12.76714612144228,128.25079489425622,1.953125,4202521.9460440995,-0.9091239181604275,0.9993966986269401,-0.0016031408258634717,3
12.804712809346954,127.66131836635273,1.953125,4183155.4117147294,-0.809485391802203,0.9991168812807192,-0.0017675158410937733,3
12.842659627611164,127.06578733864089,1.953125,4163691.657474681,-0.5298272335251871,0.998787241025836,-0.0014544946128707795,3
12.880519340496368,126.47005081472767,1.953125,4144120.180809998,0.2730572220874213,0.9990952466228601,-0.0011628154992101227,3
12.918849755273003,125.86792726043834,1.953125,4124440.2136173486,0.13552936607569185,0.9990704635418242,-0.0011784213092511469,3
12.956878238837291,125.26437295858796,1.953125,4104613.302203193,-0.44719202980559203,0.9993904199014707,-0.001371516437549941,3
12.995167007170425,124.6571202272557,1.953125,4084764.5019758376,0.7166449298383668,0.9991202292271786,-0.0009758370758647176,3
13.034034608916985,124.0368563940158,1.953125,4064388.5515075414,-0.6688439696214724,0.9986334624199329,-0.0010457186193280244,3
13.072487304321761,123.42025923020209,1.953125,4044235.0176459854,-0.11851949031673333,0.9988764371486065,-0.0007926847136236731,3
13.110514708255732,122.8079385592662,1.953125,4024120.46726204,0.21898807429291386,0.9988435804705003,-0.00031030591259568216,3
13.14865203519844,122.18724089684045,1.953125,4003831.4801376862,0.11408660297941726,0.9988803108259363,3.426352824634015e-05,3
13.186967325510516,121.55775124948036,1.953125,3983153.8725819895,-0.21439475149357654,0.9984323409518794,-0.0002661026884111559,3
13.224772427366279,120.93426465350659,1.953125,3962773.914304631,0.8701708552058941,0.9982628133545828,-0.00036699071761188634,3
13.26275339616387,120.30311315745695,1.953125,3942041.438013005,0.5800727484856907,0.9984604081905861,-3.192772677867008e-05,3
13.300466273068995,119.67302338720154,1.953125,3921445.5324810552,0.7844924688312555,0.9988784480269458,-9.400623169397929e-05,3
13.3383057406503,119.03718165613124,1.953125,3900559.0668393034,0.47214675321689964,0.9994040949093534,-0.0001876909150350047,3
13.375955712842508,118.40461796681487,1.953125,3879882.401026688,-0.8027671244478066,0.9997157826460488,6.439263758088452e-05,3
13.414038701058793,117.75638624617702,1.953125,3858588.8338442454,-0.43339175238725147,0.9994454003197845,5.147717436522833e-05,3
13.451511737085077,117.12021578160804,1.953125,3837795.0213719513,-0.13763428368717237,1.0000160263853488,0.00033015051019473344,3
13.489235698420885,116.47564127784332,1.953125,3816620.7228613165,-0.4303317491733954,1.0002903424786056,-2.3680933094682646e-05,3
13.527066632018553,115.82445763791769,1.953125,3795335.6358649055,-0.312101458816566,1.0000544228896735,-3.0311716086377384e-05,3
13.565077955477102,115.17437136999126,1.953125,3773980.2335984614,0.04542220821895171,0.9997509537281559,0.0003686635712915294,3
13.603122595139844,114.51924015176058,1.953125,3752566.274527526,-0.06780667069081876,1.000175637472045,0.00023157233342468487,3
13.699827059487337,114.29066300008948,1.953125,3744754.6897918545,0.1281517438668137,0.9996295525554422,0.00043014953837063974,3
13.79622073721793,114.03401397074848,1.953125,3736666.331237468,0.32039288106170716,0.999614870787258,0.0005136594123925345,3
13.892887660109558,113.77179963643083,1.953125,3727750.798167983,-1.1087015813864127,0.9991582928966687,0.00045730801596858937,3
13.98943521933902,113.48468883851308,1.953125,3718666.023730718,-0.3563979080063291,0.9992903577882162,0.0006004436797583927,3
14.0860778263429,113.18269996357282,1.953125,3708446.5608414803,0.1705581755898796,0.9995993228280129,0.0009238125204441811,3
14.182342492125343,112.85953871979163,1.953125,3698181.030172948,0.3069935679632181,0.9997775615450863,0.0006072250682779157,3
14.143411137711997,111.6437627525072,1.953125,3658300.9714118787,-0.21921655208158577,0.9998761007130144,0.0004253738535289274,3
14.10444739706537,110.42082967798243,1.953125,3618269.405474275,0.08491135891138886,0.9991675129464761,0.00034202318165884227,3
14.065318965515406,109.1914915073789,1.953125,3577944.5606589145,-0.0526341803415562,0.9994343824940256,0.0005718912450135423,3
14.02637267867629,107.96116646625931,1.953125,3537671.1987965615,-0.2668599542424393,0.999265291277678,0.0005650963314257269,3
13.987381553480375,106.72843527192273,1.953125,3497235.02837484,0.3720826139857915,0.9994916398958225,0.0004305955716478436,3
13.94833755158666,105.48867376134358,1.953125,3456652.547195839,0.332654930234033,0.9993960931583011,-8.207813581239605e-05,3
13.909212634643225,104.24451667602943,1.953125,3415841.79299704,0.0414269547315295,0.9996227019525337,-0.0004642207664825123,3
13.870092521539894,102.993577213949,1.953125,3374893.2245055716,-0.3258946922433097,0.9996862136347466,-0.0006318057134673459,3
13.831331653057198,101.75415668509144,1.953125,3334238.520769074,0.8117531855374788,0.9990432268492666,-0.0002515216384101737,3
13.791718005161602,100.48205054446814,1.953125,3292595.3218648257,-0.31180746334939613,0.9984300133771735,-1.6439765269769574e-05,3
13.752712450143855,99.23200095992894,1.953125,3251593.931253412,-0.0333057836117708,0.9986579242469814,0.0002707909930022474,3
13.714027743339972,97.98560937759333,1.953125,3210792.01732046,0.05293992738612966,0.9984261593878466,0.00043089632228815764,3
13.674896431871769,96.7239790667124,1.953125,3169410.037190526,0.3259566810496229,0.998555943709568,0.001032368536971929,3
13.6358460291211,95.45905478910602,1.953125,3128001.89557557,-0.10034511013752005,0.9984909947943645,0.0012147818437208003,3
13.500291882810934,94.4065803612091,1.953125,3092943.7949391324,-0.18919480787371867,0.9983101547167837,0.00107344645242874,3
13.36469083103888,93.30461298412206,1.953125,3057405.135541008,0.909879456507042,0.9984300208099752,0.000876948950927946,3
13.228703011192858,92.1690378831575,1.953125,3019620.6520454288,-0.036870701173029374,0.998362840000424,0.0010031987030088313,3
13.093020197643506,91.01546620760259,1.953125,2982394.442714215,0.41091373220236466,0.9982207622854784,0.0014599200896884081,3
12.95770052618143,89.83030102126165,1.953125,2942988.069112446,0.9304352583276341,0.9983884130875169,0.0015658880574503761,3
12.822599736911906,88.61418981761787,1.953125,2903709.4635441387,0.10769045324802089,0.9984120636923803,0.0019243739811309864,3
12.781430801767534,89.22519521044762,1.953125,2923683.627550878,-0.21182372878926495,0.9983807905851012,0.0018038209911252659,3
12.737219747083115,89.8417530723057,1.953125,2943933.3413935155,-0.5811065581049965,0.9984708322729955,0.001885040572515601,3
12.691180782981949,90.4570229663733,1.953125,2964043.4856925043,0.317077273890997,0.9983499369093077,0.001675422097117159,3
12.644136059680074,91.0740232447298,1.953125,2984311.9345289357,0.7970920632433263,0.9979295211137269,0.0014129187935401897,3
12.596881627096897,91.68661108128609,1.953125,3004334.078836249,-0.4327109634662823,0.9978593449026917,0.0016922404578502707,3
12.550655186338146,92.29388489221105,1.953125,3024284.8057544087,0.13548954781557163,0.9977702396438635,0.0014638397599363254,3
12.506045838284832,92.8877579130935,1.953125,3043697.4263456482,-0.09553519094697549,0.9979548913750841,0.0013204624710922619,3
12.46340993082145,93.47811416484927,1.953125,3063090.29027983,-0.3328374527797375,0.9974487470275223,0.001285698383343781,3
12.423337945193389,94.0485593420352,1.953125,3081740.8249197784,-0.06957499301764376,0.9974441313892929,0.0012427564766311699,3
12.385315670033101,94.61546658606788,1.953125,3100359.4694203017,0.8093745573593575,0.9975076396807925,0.0009639584153382334,3
12.349365704851952,95.16414349135515,1.953125,3118301.029052057,-0.07041379366152493,0.9970907632991155,0.0012815787864170717,3
12.315319524705997,95.6970305466458,1.953125,3135800.296105371,-0.28022181467652746,0.9972877226848258,0.0015335407323829593,3
12.282432434150532,96.21674239960741,1.953125,3152795.1200598315,-0.5576461594888921,0.9972920951665959,0.0014207195836622255,3
12.250198860975058,96.73149656025014,1.953125,3169697.671330701,0.20401822828959362,0.9974047415146654,0.001677664509939909,3
12.217497242636169,97.25471041504436,1.953125,3186806.2449709023,0.016418261350433266,0.997359694550043,0.001961983171725122,3
12.184702088427972,97.77216919024116,1.953125,3203798.434803991,0.675129404777787,0.9973622408637196,0.002391505593279603,3
12.151362683573735,98.28656943458283,1.953125,3220617.0076405373,0.7027517888879325,0.9973228985777295,0.00288401170231795,3
12.11626582662684,98.81626149262753,1.953125,3238011.1961380877,-0.5940407076632255,0.9971917789454089,0.002334405964292007,3
12.079490662545995,99.35295094372282,1.953125,3255556.3937408207,0.5151854819281046,0.9970019213883926,0.002429871852626149,3
12.041096982801644,99.89987574618424,1.953125,3273518.8380882004,-0.23837590988720572,0.9967925587319992,0.0026832917386933057,3
12.002199922508453,100.44078939976016,1.953125,3291201.507577323,0.10002889526731451,0.9967082843374978,0.002456493557777016,3
11.961909738909577,100.9822002313514,1.953125,3308984.111443848,-0.748069709406991,0.9963386618307389,0.002076726412987504,3
11.92138009184926,101.51679415200292,1.953125,3326459.4657055615,-0.34256336376832525,0.9965374627175919,0.002193081358192232,3
11.879968158453794,102.05494153628906,1.953125,3344135.4203425352,-0.16326741319911284,0.9968202666898767,0.002269990221104712,3
11.974794306679952,104.11761000898188,1.953125,3411397.65123434,0.48582097930678475,0.9971918117094194,0.0022758721288212475,3
12.069490482650183,106.14248959944429,1.953125,3478076.149985108,-0.034925673080579145,0.9969153760301931,0.0026630476419215285,3
12.164754881246882,108.14646174551994,1.953125,3543411.327536474,0.7078920154550966,0.996542281652224,0.002195078064659188,3
12.260578911575537,110.11996800699342,1.953125,3608410.3495771373,0.051130474138820624,0.9966213548685384,0.0025513633128277915,3
12.357628025859858,112.08431238818946,1.953125,3672438.687596255,0.25199752351788146,0.9966656503763168,0.0023499431411851597,3
12.455260716771798,114.01737952092793,1.953125,3736120.903344893,0.6438205677513906,0.9966809385835194,0.0017816995240814988,3
12.553670894269185,115.93382138985672,1.953125,3798574.188052882,-0.1632306660952357,0.9969345434928548,0.001612588961064341,3
12.652983916045276,117.83157720555432,1.953125,3861104.757177929,-0.818594998538174,0.996960287685745,0.0014731990877925338,3
12.752332044178438,119.7043835876414,1.953125,3922127.7339415643,-0.700894374322767,0.9967960178256542,0.0016502708917310218,3
12.851560000416358,121.54570826990089,1.953125,3982809.3771474743,-0.39061665087623015,0.9964316262539836,0.0014316937926865442,3
12.95147258697977,123.37304665756837,1.953125,4042337.862828859,0.11946904293411838,0.9964453968625685,0.0016353017134056818,3
13.051036789965735,125.16927041361312,1.953125,4101546.1785830855,-0.19417212382298507,0.9965869184323732,0.00135384398731297,3
13.149965489179019,126.95528335604216,1.953125,4159724.886875631,0.5421473718488414,0.9964071677830171,0.0012617205730889756,3
13.248685849529597,128.72365896369942,1.953125,4218016.329222404,-0.09735339948868689,0.9965146490312499,0.0016037281062506242,3
13.346942580007934,130.48279607804056,1.953125,4275317.538202736,-0.18156555133100483,0.9962679869134753,0.0017945181383439116,3
13.444721874864165,132.22289099037144,1.953125,4332679.0312396,0.7423211308402339,0.9963661147983631,0.0016296862316330612,3
13.541721786045203,133.945947283968,1.953125,4388803.280715203,0.44742352416506037,0.9963205309679596,0.0012163551108406098,3
13.638647906768524,135.65790464698725,1.953125,4445237.536845755,0.7134350900948144,0.9965089011443216,0.0014319302075886569,3
13.735219049205146,137.35364389260099,1.953125,4500469.040114594,0.415726885744031,0.9965666490071953,0.0018160707931207667,3
13.831452852770207,139.0285872623206,1.953125,4555687.960151016,0.01780112572426636,0.9969687137464622,0.0020409682417946553,3
13.83360104223076,139.01396761913253,1.953125,4555208.062407979,-1.025658470954416,0.9971927317902028,0.0026233574368166412,3
13.838786303194533,138.98176440436768,1.953125,4554154.342090356,1.0343501269914366,0.9967599612358478,0.0026161542609824608,3
13.845565006098127,138.94318249656712,1.953125,4552887.756122025,0.3075837685598041,0.9965898735697765,0.002369775919695354,3
13.853740695704735,138.89727652613044,1.953125,4551385.95004654,-0.9693046361596013,0.9961188651349643,0.002046969124695516,3
13.862595591288525,138.84721830029974,1.953125,4549742.801492608,-0.3508110308891143,0.9965114963125874,0.0022076737561666678,3
13.870511072542136,138.7996887550098,1.953125,4548188.136262754,0.012437007535481825,0.9961600200687891,0.0025097192504160326,3
13.87727790298499,138.75549938506657,1.953125,4546738.014615435,0.611555419628227,0.9963265645273147,0.002728849167490368,3
13.882494868446253,138.71883302396185,1.953125,4545538.434053161,0.7213402868098152,0.9964659710903527,0.0027545039366273687,3
13.885428469995922,138.69625892034273,1.953125,4544797.875363348,0.4437981350250387,0.9966605912477916,0.002527462382337107,3
13.886273726810852,138.68927995398482,1.953125,4544569.491478624,1.1212930499495997,0.9969973612545031,0.0027091766401627316,3
13.884899312488669,138.70152960597645,1.953125,4544971.280608577,-0.11328054994616348,0.996983322181024,0.0022857390828411248,3
13.881802004746694,138.73040279382886,1.953125,4545916.337774399,0.2563332419231301,0.9966824615204245,0.0018801025577708246,3
13.877496625053586,138.77138631706075,1.953125,4547260.588112843,0.7732003414566861,0.9964972567375647,0.0017369465099670812,3
13.87268514807056,138.81746763545326,1.953125,4548769.045632844,-0.3513183303439291,0.99681163963993,0.0015283724127799977,3
13.867194965564,138.8698788386015,1.953125,4550488.085501733,0.3027285296120681,0.9973682418112395,0.001419613210520014,3
13.8619715648165,138.91877663327895,1.953125,4552088.863720676,-0.057502884707597936,0.9974344255487518,0.0018097034977549295,3
13.85756279305583,138.9590715462631,1.953125,4553410.63516105,-0.36915527511761564,0.9977331156905633,0.0011849728171411213,3
13.854237120668207,138.98787565127503,1.953125,4554353.559296734,-0.38176525438878645,0.9977519560864831,0.0007841636027012314,3
13.852340896479879,139.00373266560598,1.953125,4554873.780329896,0.23801525866413917,0.9977159282205361,0.0010306491037518554,3
13.851655894580453,139.0091786126229,1.953125,4555052.036919473,-0.5677152132848278,0.9979312076454346,0.0013169027001351924,3
13.852429724464125,139.00325576206018,1.953125,4554857.698315921,0.21723420413157632,0.9982209970623345,0.0013935464877819971,3
13.854326738924941,138.9891996643296,1.953125,4554397.672323834,-0.17802304203966438,0.9981587848108487,0.0006688142483360148,3
13.85674077730141,138.97204690430704,1.953125,4553834.851791304,-0.1579479526723541,0.998550341103318,0.00023122990875747406,3
13.860424283081786,138.94569418762313,1.953125,4552972.330714649,0.522471760633683,0.9993582104358578,8.338028332680072e-05,3
13.863827339600268,138.92130940401415,1.953125,4552172.39315266,0.07623901938980755,0.9995793562124228,0.00036241439512918667,3
13.867193884123338,138.89659074471223,1.953125,4551363.303501371,-0.3405657618629145,0.9998084729621927,0.00044091353259719033,3
13.869678917485489,138.87803782570256,1.953125,4550754.775257714,0.4623403061426264,0.9997130990864624,0.00037281278805514163,3
13.871333720815235,138.8654192124031,1.953125,4550341.723906914,-0.37762122491767514,1.000053955762137,0.0006176995963089039,3
13.872289762193518,138.857721640761,1.953125,4550089.260240552,-0.2734899295088932,0.9998017996053826,0.0008665019116550647,3
13.872760709366185,138.85392089806146,1.953125,4549964.838110097,0.1437567520503459,0.9996544745585407,0.00047260768033831704,3
13.872271157738183,138.85801571448113,1.953125,4550099.127017384,0.20114719863219457,0.9999670019152697,0.0004579594346988702,3
13.871316243912412,138.86621930768956,1.953125,4550367.713305898,-0.4269436126560322,0.9997669599790835,0.0007642112213912111,3
13.869480063546721,138.88209863197025,1.953125,4550888.434421729,0.17952011992019834,0.9999191631275179,0.0005766613198501845,3
13.867460951807939,138.89964058472933,1.953125,4551462.8110118965,0.406850915975762,1.0001216176963186,0.0002375643550172222,3
13.865703720015253,138.91474744339317,1.953125,4551958.228929596,-0.37431340593927115,0.999832080847209,0.0002114154594836984,3
13.863506422033327,138.93355650747068,1.953125,4552574.037018759,0.10852119353876333,0.9994837771086909,-3.323459498885255e-05,3
13.803427512501655,138.5317734890735,1.953125,4539308.879674099,-0.5941427695239933,0.9994178112029252,-5.804700338978339e-05,3
13.74380422527382,138.12252471918518,1.953125,4525998.2827264825,0.15794655258893422,0.9990653687504104,0.0002539326653843926,3
13.684562352207951,137.70759227172604,1.953125,4512303.48753444,-0.15777513060796386,0.9989856126720624,0.0005911614107514718,3
13.626037778294844,137.27926905605517,1.953125,4498366.666667639,0.5194443793770915,0.9991658285077838,0.0006027778505732304,3
13.567608523059862,136.8350371745319,1.953125,4483711.9449922005,-0.49378242640644504,0.9988899589156067,0.0007733519859734742,3
13.510032020938397,136.3883613300122,1.953125,4469173.578970881,-0.023050067147172133,0.9991068247893472,0.0011217829095566186,3
13.452857835018245,135.9308194508524,1.953125,4454083.979283713,-0.6107489654459641,0.9991426433735305,0.0009571620089553126,3
13.395311811206213,135.46333698518242,1.953125,4438862.31006316,-0.29362943976351136,0.9988140005467582,0.00031149843556231,3
13.338129493751103,134.9980427996947,1.953125,4423520.047251552,-0.6974146891795195,0.9987880377587003,0.00020945351715648773,3
13.280792893026646,134.52163730086374,1.953125,4408004.662615025,-0.09399167904848582,0.9982863481107176,0.00023370982220649556,3
13.22264277101121,134.03834052858608,1.953125,4392069.618508705,0.13022483324069375,0.997913301835746,0.0003868814499792977,3
13.16491798567334,133.55303780107306,1.953125,4376265.679177828,-0.2645507112611085,0.9977633209792145,0.00011695627194735459,3
13.106777386288188,133.0664486016115,1.953125,4360221.162408167,-0.218202785574249,0.9975729082902489,-0.0006256999206065927,3
13.04827945450118,132.5685944610059,1.953125,4344007.369220436,0.20928104546207274,0.99796326760406,-0.00024924976867354886,3
12.98863678037298,132.05880437454388,1.953125,4327198.484357825,0.3387459059534497,0.9979569542743826,-0.0006735186150775305,3
12.92937079398112,131.55252603068715,1.953125,4310712.913070508,0.03804095848924286,0.9976757363786813,-0.0007684794322268054,3
12.87001444779698,131.03805682047025,1.953125,4293750.293953613,-0.2115024692817921,0.9975829257722063,-0.0006406487553793012,3
12.81073953284374,130.51745380874897,1.953125,4276795.68131449,0.182336740171498,0.9977528716274833,-0.0011127190164292985,3
12.75153041161649,129.99610307597592,1.953125,4259607.797304757,-0.24072913641672736,0.9972673878196184,-0.0011821789897480319,3
12.692172000729599,129.45836457936102,1.953125,4242091.417957942,-0.17146807197059388,0.9969501708862959,-0.0011933857606502688,3
12.729551108495043,128.8749072394996,1.953125,4222919.839185387,0.034456423499553544,0.9969456834792079,-0.0014172751663523117,3
12.766826587831632,128.2889748218804,1.953125,4203772.834445396,-0.5006864985468079,0.9965048981985799,-0.001493643195992884,3
12.804793330564674,127.69153795085643,1.953125,4184141.3546443996,-0.21639046718701138,0.9962798025954333,-0.0010230874830431864,3
12.842731835224395,127.09481443051665,1.953125,4164642.581185812,0.22899961672495314,0.9962498771990272,-0.001145262223994957,3
12.88102205487475,126.49255812520587,1.953125,4144852.2356620505,0.8989822566133322,0.9958002708777016,-0.0010009096719253326,3
12.919202020588678,125.8902969751531,1.953125,4125172.931017459,-0.39698643471638206,0.9959513622649557,-0.0010516780934567956,3
12.957562078041883,125.28076290229053,1.953125,4105143.6412180294,0.3505246633721981,0.99623690738779,-0.0011114776712783082,3
12.996001348397092,124.67137843930031,1.953125,4085231.4244585205,0.8940147528555826,0.9959762023031498,-0.0012158818583293475,3
13.034673307034257,124.05910228248275,1.953125,4065111.6316096107,-0.32579271969370893,0.9962202329328816,-0.0008724369118787415,3
13.072781299991977,123.44704174536183,1.953125,4045112.236629287,-0.6868726761676953,0.9962440332969493,-0.0007004151244315595,3
13.111127332710378,122.82413297554088,1.953125,4024643.5046787895,0.4229248496061094,0.9960667775302623,-0.0005745851043617205,3
13.149245886747833,122.19940661336824,1.953125,4004229.6730949017,0.5808947518853529,0.9963902410058797,-0.0002412024122817582,3
13.187241621328166,121.57713401859536,1.953125,3983782.180079838,0.7151907532327945,0.996126545489114,-0.00010452311326371566,3
13.225122608846261,120.9519764246306,1.953125,3963353.851372965,-0.6507472313533071,0.9957658768011648,3.632862005948127e-05,3
13.262970501807452,120.32414861876318,1.953125,3942724.44519594,-0.5546032142580467,0.9955660084292873,-5.79622861583853e-05,3
13.300968532332378,119.68634357429822,1.953125,3921881.6322924956,-0.08939017032874592,0.9952725399594095,-0.00014881606615455023,3
13.339177662588623,119.04549491131577,1.953125,3900824.9407463637,-0.05484552716006874,0.9951380959065058,-0.00014880533137323976,3
13.376775969903814,118.41069435367807,1.953125,3880080.9941625735,-0.6463867630530634,0.9952125845588417,-0.0002700623248358922,3
13.414251653718383,117.77636470753167,1.953125,3859238.4193572435,-0.2135346001414291,0.9951419860323208,0.0002381441858446213,3
13.452007377390611,117.13232390255773,1.953125,3838191.429658467,0.9363123242704509,0.9948764629678766,5.448504656085126e-05,3
13.489893866266861,116.4876217030235,1.953125,3817008.5290381904,-0.28025732004243764,0.9948107718785543,-0.00011827493416727687,3
13.527555516143055,115.84157023718133,1.953125,3795895.9509814787,-0.1502169307617199,0.9948076120050264,0.0002862427968517092,3
13.56573274744269,115.18589175659658,1.953125,3774352.013609672,-0.030952376665178843,0.9951092740710803,2.3626835499839947e-05,3
13.603932021555604,114.53286635834165,1.953125,3753012.3485603756,0.5043837100747623,0.9952311091421727,-0.0002932619726352607,3
13.70079690473114,114.3114332396001,1.953125,3745421.4423175915,0.6668934796737934,0.9948052248627115,-0.0003712006397677258,3
13.797365000842474,114.06714341709099,1.953125,3737751.4519851366,-0.7494604622782693,0.9947535210403764,-0.00023850707055978376,3
13.893990387981859,113.79781373066076,1.953125,3728590.7781671006,-0.40060519918915816,0.9946631054964623,-0.00012847084626938784,3
13.990286834253538,113.51544551724453,1.953125,3719673.3117709197,0.27712316545148497,0.9943001880789111,-0.0005335676276563895,3
14.086668275755963,113.21588155364442,1.953125,3709521.4603168634,0.32955499784414616,0.9943204000435756,-0.000505984461877757,3
14.183329124572358,112.89629357840221,1.953125,3699385.0293491767,-0.5310461589979241,0.9942343281222179,-0.0004282369859756655,3
14.144298539870599,111.67710588085566,1.953125,3659396.74731115,-0.18720655603586542,0.9939892438781212,-0.0008579310805513951,3
14.105359759968904,110.455848390492,1.953125,3619416.549331111,-0.07291883804888737,0.9942748949347241,-0.0011757645848659267,3
14.06636116971616,109.2285166025114,1.953125,3579161.2390879737,0.8143507486711314,0.9943979593860299,-0.0012467483982999874,3
14.027471550392262,108.00267885909086,1.953125,3539031.1225253884,0.49121300517072086,0.9939520613867245,-0.0011316089722338885,3
13.988454713247073,106.76931863419813,1.953125,3498577.952665816,0.4128158463766643,0.993848879355474,-0.0012861635510522356,3
13.949506355862034,105.5357636211501,1.953125,3458195.263970745,0.8053889420504371,0.9941211036649511,-0.0015443282062047542,3
13.910509104948627,104.28926103172824,1.953125,3417311.314411065,0.38864277209237724,0.9942745345639529,-0.0016447261887946162,3
13.871364318227668,103.04022367030329,1.953125,3376421.367471754,0.42638104846507,0.9942200099176193,-0.0018626197458063262,3
13.832111337169016,101.78391130070679,1.953125,3335215.768822948,-0.9190259176442245,0.9938431958257886,-0.0016143387069392746,3
13.792624781893192,100.51840557396365,1.953125,3293786.3604808077,-0.2783160495321984,0.9936889413110463,-0.0014724979841536855,3
13.7536095344312,99.26584124783604,1.953125,3252704.7135950993,-0.28693653583104606,0.9934929239933654,-0.0011577771450162204,3
13.71420124675152,97.99327983562134,1.953125,3211042.911716747,-0.1883009524475104,0.9933764598707737,-0.0005706290160452539,3
13.675060589820802,96.73403512952302,1.953125,3169743.088569447,-0.4160719602781076,0.9930465765610279,-0.0008064930486196765,3
13.63570812341082,95.45887816303396,1.953125,3127995.5642249715,-0.16369735319312895,0.9933434662997839,-0.0010700397761456196,3
13.500095426347805,94.40680415283703,1.953125,3092966.5634309486,0.5740838563263727,0.9938905963765223,-0.0013038380604313904,3
13.364624291538528,93.32569544711883,1.953125,3058095.482428831,-0.780182377086021,0.9941028205660725,-0.0010098367949860714,3
13.229039677491858,92.20852163165519,1.953125,3020932.2729643104,-0.36755291476583807,0.9944718113878763,-0.0010030971813099324,3
13.09375653425574,91.04483167063844,1.953125,2983356.239109746,0.6782338183341684,0.9947121683544183,-0.000732465497313759,3
12.958003729398326,89.85527802356215,1.953125,2943817.1677718083,-0.06934151813887486,0.9943830411325455,-0.00040493570041220565,3
12.822704014871997,88.61530467241194,1.953125,2903745.6388878715,-0.46839028015286505,0.9940648601677217,-0.00010434207910971407,3
12.781304588502415,89.2302307021867,1.953125,2923851.5925348313,-0.3757426023997444,0.9942010855999064,-0.0003575122218693904,3
12.737147110178729,89.84994445537517,1.953125,2944201.251999192,-0.2950947381517229,0.9945594793371735,-0.00013717202606870088,3
12.690912119290825,90.4644341102536,1.953125,2964288.8049479173,-0.1341845128821054,0.9945617923657154,-0.000170528476800328,3
12.644156852728884,91.0823346028582,1.953125,2984583.9558826378,-0.4207520266681968,0.9948028172426653,-8.102273950205825e-05,3
12.597279130549113,91.69049317571768,1.953125,3004463.9951429344,0.3141810889513484,0.9952987305482269,0.00031910371474414115,3
12.551249878436865,92.29667977894883,1.953125,3024376.027740415,-0.25652148268151603,0.9953632693282705,0.00032025966181877604,3
12.506564120800235,92.89348112707934,1.953125,3043886.887463928,-0.8572970692572804,0.9954050722097078,0.0005380478967497884,3
12.463975689848844,93.48151367720533,1.953125,3063201.4737874935,0.48901180739145883,0.9955932483758807,0.0005340932145461276,3
12.423941420872994,94.05650295906258,1.953125,3082002.8924231534,-0.49935519572197035,0.9960531855839795,0.0006524579496028954,3
12.38616506180033,94.62064267968216,1.953125,3100529.0015095356,0.4365702124584156,0.9963412614424147,0.0008245382597728063,3
12.350066782221596,95.1745986904143,1.953125,3118644.431975444,0.09223026641484466,0.996328816840338,0.0010156765887319424,3
12.315749444456495,95.71462949496805,1.953125,3136376.958461362,-0.013886796428171996,0.9966819284731355,0.0009939218470036615,3
12.282413334550766,96.24557587032704,1.953125,3153740.336189213,0.07339558969761129,0.9968563876606961,0.0007027069887926623,3
12.250034935590278,96.76039160522154,1.953125,3170644.51127663,-0.08147387412706546,0.9965288621655953,0.0008368459382972312,3
12.217823386247433,97.27583052605213,1.953125,3187500.0756365946,0.21748967660581306,0.9967304430183932,0.0010560924560644642,3
12.184589376536069,97.79919365538227,1.953125,3204683.953349192,0.09926862090651412,0.9967039362341783,0.0007161449194240499,3
12.150497728389634,98.32299352935235,1.953125,3221811.669321329,-0.37844016337476205,0.996552012926414,0.0007448934014918727,3
12.115244317731596,98.84979249933293,1.953125,3239109.866407619,0.49129692549346754,0.9966887307738029,0.0007347718319378396,3
12.078551566344698,99.38377221044748,1.953125,3256568.0627544676,-0.17398057084089183,0.9968053471902394,0.0006356617331988491,3
12.040700087978394,99.9198499640636,1.953125,3274173.311731768,-0.5793634995534376,0.9968225413133012,0.00018545353762558443,3
12.00193436521687,100.45641170046927,1.953125,3291714.208952662,-0.5418079202487812,0.9968347533727734,-0.00013914338082955576,3
11.961883606290767,100.99108128335669,1.953125,3309275.097471589,0.6187188686065687,0.9971393592050579,-0.00013912937360301332,3
11.920805631934648,101.52768923096276,1.953125,3326815.4010500666,0.34222062192444963,0.9970750640750307,-0.00016635050818078817,3
11.879537954899526,102.06790910015795,1.953125,3344560.534650939,-0.10083230599533029,0.996931227726106,0.00023247338731545702,3
11.97399524455505,104.10913486214201,1.953125,3411126.2282996383,0.06672025750594912,0.9966605214185495,-0.00013861005386094256,3
12.068331194571988,106.13337260700483,1.953125,3477777.605325706,-0.8509945562485276,0.9964391527574606,5.0882919326436814e-05,3
12.163169976688126,108.12873244642124,1.953125,3542837.1274742675,0.8705299852590542,0.9962930289795333,0.0005900530402630885,3
12.2596857026982,110.11686047443666,1.953125,3608308.9687875276,-0.17904911306322902,0.9963309410511637,0.0007422236137416053,3
12.356495396708253,112.07451156361346,1.953125,3672130.495577173,0.11845419194893718,0.9967515259539791,0.00061019042523684,3
12.454376231135441,114.01308231521845,1.953125,3735980.546201642,-0.5087572060680637,0.9967500694607475,3.910996986684074e-05,3
12.553103695312833,115.92660652145781,1.953125,3798350.3761138045,-0.2584890080045928,0.9969940475917347,-0.0001349421799234497,3
12.652390784274635,117.81807297038796,1.953125,3860662.5441986043,0.010234532697116569,0.9966387579991183,-0.00019027711599528866,3
12.75188613269677,119.69093473938999,1.953125,3921698.506543185,0.5709228022133175,0.996954247531533,-0.0006692659139781972,3
12.85166097427976,121.54247944359864,1.953125,3982703.919895316,0.23408096561130756,0.996618450768336,-0.0006749705206850896,3
12.951419643325366,123.36589846175578,1.953125,4042119.8248015484,0.7710750330831312,0.9960771772609829,-0.00021779849914035213,3
13.051127399198633,125.17756953395072,1.953125,4101818.5479157376,-0.28565639562899986,0.9958195534530727,6.061222649776985e-05,3
13.150186705540818,126.97195934180486,1.953125,4160287.5039944937,1.3799428704769525,0.9957271905844183,-0.0001995156354405126,3
13.248793982818567,128.74063423721768,1.953125,4218573.008614191,-0.1299784157430016,0.9957193949771364,-1.1180842413741694e-05,3
13.347038402023209,130.49931170953275,1.953125,4275874.167265197,0.2328275775483538,0.9960853090907724,0.0005570263444002697,3
13.44485320000319,132.24652921443288,1.953125,4333454.121473938,0.4796156323015263,0.9960955674128135,0.0008086681326443922,3
13.542064104446142,133.9705101242181,1.953125,4389622.340220836,0.17616576156190908,0.9961575516493283,0.0008788836215502308,3
13.638468554122847,135.67363697218937,1.953125,4445753.454913128,0.3635034800839397,0.9956029410834947,0.000764862902437795,3
13.735298935065876,137.36541160446254,1.953125,4500863.693163856,-0.2697958106752291,0.995869835830215,0.0007450016498368279,3
13.832156382516523,139.05001440378953,1.953125,4556390.595765869,0.8167860269119652,0.9957383097104278,0.0008849121822520554,3
13.834336384460183,139.03523733054763,1.953125,4555905.810104206,0.4412355891278518,0.9955425266887264,0.0009367676717185926,3
13.839494873758579,139.00390632756785,1.953125,4554880.002356785,-0.405335171547146,0.9959246829725551,0.0009823152996545723,3
13.846825053906139,138.96168449963128,1.953125,4553494.752915137,-0.08955116785849289,0.9962639554293182,0.0014155235439762223,3
13.855326872864437,138.91437756403684,1.953125,4551946.273082794,-0.9150807142626339,0.9966586479415018,0.0014094405746078965,3
13.864238373094807,138.86453834540168,1.953125,4550311.267443664,-0.1833628804355006,0.9969317685438907,0.0008775801023488168,3
13.87251693539296,138.81499021229524,1.953125,4548689.5869299285,-0.3701410328297546,0.9972634733890192,0.0007697882516896227,3
13.879451739925909,138.7698442504924,1.953125,4547208.947163881,0.055664943659697506,0.9972026951661866,0.0005662530362663306,3
13.88455647625158,138.73338867027144,1.953125,4546015.631475864,0.41116247151148855,0.9971038852012897,0.00041164351356476336,3
13.887279544140144,138.71221661229833,1.953125,4545321.405453613,-0.06327221591709531,0.9974319471031103,0.00041768484271928474,3
13.887997361112,138.70632220577264,1.953125,4545128.425972709,-0.2753481061299681,0.9972443404467637,0.0004625393185065744,3
13.886431120523063,138.7201567555239,1.953125,4545582.006785674,-0.1284079028312893,0.9974202536652879,0.0005133596310277573,3
13.883304900819455,138.74914420365727,1.953125,4546531.20810904,-0.13783548581341165,0.997503477774521,0.00064703333950469,3
13.878696110066379,138.79319009180014,1.953125,4547975.251951042,-0.017201344717856653,0.9972296779458546,0.0008411673292200523,3
13.873874141242704,138.84009542082433,1.953125,4549511.429302921,-0.556870593229784,0.9973119511676888,0.0006078059528668808,3
13.868631233001103,138.89036037801762,1.953125,4551159.326847259,0.5809085548462463,0.9972444801585941,0.0008706834815633382,3
13.863280558416369,138.9408373554586,1.953125,4552812.505361391,0.8751616157387616,0.9975622604769934,0.0005148308811053384,3
13.859221572335555,138.97769987104863,1.953125,4554021.2336987145,-0.8488557136394471,0.9973349822101558,0.00017709213689606133,3
13.855632175036828,139.00903728781842,1.953125,4555047.430545768,-0.2962043398777799,0.9969550082026278,0.00026398856584113533,3
13.854358821638554,139.01960110548168,1.953125,4555393.919203401,-0.5085968208307653,0.9967161792490821,0.00037850245740773383,3
13.853885054507984,139.02336062389926,1.953125,4555516.999440422,1.1412846408881403,0.9963763863276713,0.00028875919155776247,3
13.854175353090778,139.02115063504877,1.953125,4555444.506836915,0.2438565354217038,0.9968204512502317,0.00036373433203036967,3
13.856300291886923,139.0057420824141,1.953125,4554940.025668324,0.04860169176996957,0.9972370848382629,0.0005983546953834068,3
13.858626145427731,138.9887550244132,1.953125,4554382.911849663,-0.13965867488999115,0.9971049886673642,0.0002601731783877966,3
13.861862505036026,138.96563126647956,1.953125,4553625.766544562,0.921322167301696,0.9972132952118917,-0.0003209033195125579,3
13.86503261823475,138.94280577131494,1.953125,4552877.265355042,0.3983221215494268,0.9974816719260423,-2.8614521531578117e-05,3
13.868239642550707,138.91934781024352,1.953125,4552109.152838084,-0.30211464106832864,0.9974953263010314,0.00023678259946967707,3
13.870658175870654,138.90114430375553,1.953125,4551512.302054386,-0.01614151749405816,0.9976704439933933,0.00021345791497480996,3
13.87272565747838,138.8852165449123,1.953125,4550990.7113134535,0.7118334877159214,0.9974999770994587,0.0004209759924687026,3
13.873910054298033,138.87583444114017,1.953125,4550683.123728123,-0.18859510485829864,0.9969121540247466,0.0006055679850662332,3
13.874194189907625,138.873526156405,1.953125,4550607.531374343,-0.2190920581536678,0.9967027635614282,0.00039347080321029703,3
13.873542406429772,138.87899912352717,1.953125,4550786.953992105,-0.7374222193490519,0.9968079771799114,0.00047125691651676046,3
13.872396266270023,138.88880716701783,1.953125,4551108.1769254515,0.05849723256445335,0.9968302673911897,-3.789602229779614e-05,3
13.871023592704042,138.90058930440378,1.953125,4551494.443864083,0.9168462905484679,0.9964437864593974,-8.201939064840155e-06,3
13.869134109288591,138.9170955260051,1.953125,4552035.026392346,-0.8235218117551995,0.9966345986633222,0.00021784784656260798,3
13.866922048303433,138.9360788526272,1.953125,4552657.39207827,-0.20140823448916004,0.9964320623727935,-4.729340522135732e-05,3
13.865244217685165,138.95029700559732,1.953125,4553123.07913917,0.5517602193237204,0.9959377666118374,0.00013662934260654896,3
13.804991086904483,138.55259086916377,1.953125,4539983.057479454,0.3595624429387196,0.9962660747615192,-9.450878491601362e-05,3
13.745695830005669,138.15056620100714,1.953125,4526917.6445482625,0.656449060991387,0.9965683584848897,-0.0005315981751787811,3
13.686360627884508,137.72920215429644,1.953125,4513002.105560854,-0.3382109460969029,0.9968101295971321,-0.00032184730418613645,3
13.627803169539037,137.3005703966976,1.953125,4499065.055056848,-0.4052853991209607,0.9964820826054761,-0.00025558568097306197,3
13.569631745888277,136.85835702313548,1.953125,4484467.702467301,-0.21465135464071258,0.9962811429317221,-2.1579400303422494e-05,3
13.512199043807374,136.4120725167586,1.953125,4469950.789179101,-0.39351717930306523,0.9955509045865989,0.00023880454939159004,3
13.455093155921798,135.95513192248043,1.953125,4454872.042433792,-0.3443727299866926,0.9953785251345062,0.0007918749846412556,3
13.397684644891177,135.489536070323,1.953125,4439721.105850624,-0.5143207688342954,0.995959185173392,0.00040998753556006077,3
13.34047945049747,135.02112721923123,1.953125,4424267.33180876,0.5959652931827198,0.99585393934786,0.00015447029370821804,3
13.282866606319285,134.54066421085122,1.953125,4408628.4510786,0.0690166081112693,0.9961790033138582,0.0005110057335134487,3
13.225158547947347,134.05785408685006,1.953125,4392702.444343949,0.12503510677440013,0.996361335637305,0.0006450288736305913,3
13.167032915873726,133.56837624046372,1.953125,4376768.485364727,0.7953254632484459,0.9966567105764377,0.0010699430186363822,3
13.108836093658116,133.0756280780928,1.953125,4360516.59782218,0.6180584489981508,0.9965115472045286,0.0012394230364179736,3
13.049985313033773,132.57440641855496,1.953125,4344198.006814262,0.3250671925137188,0.9964537609642198,0.0014963061952739762,3
12.990600345180042,132.06894640894427,1.953125,4327527.656318829,0.48438135628142237,0.9965489679898097,0.001502115804542891,3
12.931569567053684,131.5635997590566,1.953125,4311075.93852645,0.025903999933992356,0.9970737851975086,0.0010234381729589694,3
12.872313895566297,131.0520063400879,1.953125,4294203.717991206,0.014755432388483314,0.9968168093126832,0.0008537926958299899,3
12.81253470919697,130.52628617977905,1.953125,4277085.178732517,-0.0030255373118658704,0.9968237605162488,0.0006441201134785228,3
12.753177651302678,130.0009091186462,1.953125,4259762.949750521,0.24036668020077437,0.9966350066612836,0.00024452665877051243,3
12.693860439985793,129.46268324010788,1.953125,4242233.0434452,0.08543677748457412,0.9965375355603032,0.0005724595104152439,3
12.731719991995012,128.87453425432042,1.953125,4222908.110421937,0.2759670273165587,0.9969154000865491,0.0008600263634202958,3
12.769240693950161,128.2885356504437,1.953125,4203758.522245944,-0.1976500593458089,0.997068422753653,0.0012717572954200702,3
12.806891897322899,127.69340763593247,1.953125,4184204.610081543,0.4860981381801442,0.9966347410233141,0.0012503585918561585,3
12.845037864853616,127.09079039288044,1.953125,4164510.8804775598,-0.12617544930496175,0.9965117684216657,0.0008547302287331397,3
12.883161889817654,126.48838115466145,1.953125,4144718.3601454436,-0.3048232126311632,0.9965872179791727,0.0007782363417005966,3
12.921550109382704,125.8825644214345,1.953125,4124919.765233387,0.22342226346881944,0.996628753194822,0.0006200160212855556,3
12.959824981975144,125.27553860636986,1.953125,4104976.233604733,-0.329082664315744,0.9964958679169996,0.0009242182131767201,3
12.998131167511724,124.66659524670379,1.953125,4085074.8909698413,-1.116945236128231,0.9961848715967379,0.0010189384820330474,3
13.036355848183403,124.05612203973146,1.953125,4065018.605371547,0.05033888351802792,0.9962801987525831,0.0012066352057851022,3
13.074853683250812,123.43711220468772,1.953125,4044787.2197993235,-0.5956123703350992,0.9961631697975946,0.0012737389971911055,3
9.82204034081633,0.0016763075396267503,25.78125,53.590190141765476,0.4594705488355733,1.0031783519895052,0.0013147374309522865,4
9.822076439936303,0.001676476884890558,25.78125,53.61081999454988,0.570641356868388,1.0029790683178454,0.001041955615980854,4
9.822368410059967,0.0016744489734399147,25.78125,53.419948135806635,1.518894455199188,1.0032008552628262,0.0010751720083056419,4
9.822468469394066,0.0016757846906338878,25.78125,53.506985807510695,0.10967614328546915,1.0034937972446782,0.001057941947224711,4
9.822322077091913,0.0016718551273506885,25.78125,53.44034441743369,-0.22221115877497746,1.0039115303352817,0.0011648101368054503,4
9.82251426236886,0.0016794310301770593,25.78125,53.76801449041806,0.315504960896457,1.004329603731948,0.0014731696595083352,4
9.822380784110624,0.0016829240374825038,25.78125,53.936210465498704,0.6131964550392391,1.0043983692087477,0.0013783884648547917,4
9.822397336573465,0.0016835379057670804,25.78125,53.962908194500386,1.4601963238140645,1.0045825896201181,0.0016847098256925772,4
9.82250069218482,0.0016773640151648344,25.78125,53.719206270865335,0.8950350555108647,1.0043811511638205,0.0013149973119874001,4
9.822392012730848,0.0016722903178903012,25.78125,53.508668081527695,-0.14242564255255274,1.0041190693870594,0.0014389777822505672,4
9.82258008482945,0.0016664361905844498,25.78125,53.238378083837816,0.7601327366101032,1.0040815815563213,0.0016760908752736458,4
9.822730674534718,0.0016797023491227899,25.78125,53.73609316807166,1.0285853526317321,1.0045409597887416,0.001599698738988314,4
9.822189992227544,0.0017593561614984623,25.78125,56.56017374866413,1.2302474113057542,1.0044225376422375,0.0014251120635791915,4
9.822155806663716,0.0017589887190060318,25.78125,56.53517123361308,0.9015919950785852,1.0045341068652038,0.000952392131062147,4
9.822286436272494,0.0017577755055453615,25.78125,56.4451802661497,0.5622830491265631,1.0051713751999103,0.0009316974811458734,4
9.82210424918274,0.001778481691121868,25.78125,57.05174915621463,0.7674455323358416,1.0052214164359725,0.0009040912296597369,4
9.822237993579035,0.0017910691193314078,25.78125,57.41002424555555,1.4471983242171216,1.0056300716573816,0.0008734527004335606,4
9.822295760996758,0.0017820569478104941,25.78125,57.13826308609763,0.5715186191700923,1.0055008411678419,0.000869684317735932,4
9.822155598198169,0.0017828794987246725,25.78125,57.221446649224866,1.2194059212961292,1.0054043716272663,0.0009284727833113722,4
9.822142193150254,0.0017838209343732274,25.78125,57.246973482995735,0.8024772646786005,1.0054192318165434,0.0011048703312841472,4
9.822064607712358,0.0017778921211908472,25.78125,57.083338268555714,0.4293098619903806,1.0057943285542783,0.0011736154287920904,4
9.822301348444922,0.001775447815770174,29.6875,57.09429881620648,-0.09638248346406424,1.0059933866496884,0.0011231644557786712,4
9.822398047107466,0.0017776849131161444,25.78125,57.130855389190444,0.5967994225793518,1.0061097355542183,0.0005907568155855026,4
9.822352998840891,0.0017805634871774613,25.78125,57.20785146088364,1.4402268696806761,1.0060731048992255,0.00019379364020649203,4
9.822503544661734,0.0017701335361466662,29.6875,56.807206391314416,1.0266032136326733,1.0064429039024414,3.660179878144121e-05,4
9.82303662967501,0.0017730166314220415,29.6875,57.103479751051836,1.0749483199239573,1.006538535308719,-0.00020758510010733622,4
9.823020858952074,0.0017731416751758558,29.6875,57.11326357953698,0.5876854550090987,1.006250962684166,0.0001364101038051418,4
9.822834471112674,0.0017536705391420094,29.6875,56.4069861247818,1.253931065829723,1.006674677411386,0.00026103862967028196,4
9.823220064499132,0.0017278026916010888,29.6875,55.41093360709016,1.276820237822297,1.0069505230681584,0.00024239239145276503,4
9.823600143675726,0.0017251342302284905,26.171875,55.46985461136134,0.20521070904336133,1.0070414145929314,-0.0002293973835599753,4
9.823679644423175,0.001727590542624208,26.171875,55.52051188531992,0.1997503949702756,1.0069035281264271,-0.0003605475930614549,4
9.823721481896767,0.0017263769278825678,26.171875,55.49649452174695,1.26471112127183,1.0069205605198412,-0.0007548092833210846,4
9.823822744348709,0.001728520567931884,26.171875,55.52841831996121,0.5627133509272729,1.0072518813709879,-0.0009082099029064753,4
9.823886239085146,0.0017302720629559774,26.171875,55.6099171035747,1.2115432420202221,1.0070876665720427,-0.0009183518202886675,4
9.823848905856057,0.0017300220641120652,26.171875,55.615775366046954,0.9106765246845802,1.006672363717373,-0.0010414906724290115,4
9.824122268612772,0.0017453272439891141,26.171875,56.21739150153005,0.9513829367739769,1.0068761637220842,-0.0012381752176619596,4
9.824097967326962,0.0017480094657254467,26.171875,56.31394380380887,0.008665552813909017,1.0066931772220025,-0.0014022133672869255,4
9.824044434677363,0.0017441634910129516,26.171875,56.168787970123276,0.4957782333270491,1.006866036891831,-0.001136606638602721,4
9.824370610268891,0.0017247830692307163,25.78125,55.41310674484472,0.45307827810999396,1.006864253619338,-0.00109926995328268,4
9.824207553186273,0.0017355022758679141,26.171875,55.70143928702186,0.9311534817704038,1.0070414325188024,-0.0007094224071672932,4
9.82412701284966,0.0017478695014434612,25.78125,56.13798222707073,0.7648285175297739,1.0071654167709907,-0.00046338789213471983,4
9.824263034696717,0.0017540828212549056,26.171875,56.39346589484181,0.5083469053485411,1.007107698566695,-0.0007326529417257487,4
9.824195049983926,0.001752686671501449,26.171875,56.3731951935965,0.5580714573431275,1.007648291959562,-0.0010022487272178116,4
9.824540448523317,0.0017416947896500509,25.78125,56.13777803145943,0.4411843530457797,1.0076817049352627,-0.0013728603561362156,4
9.824513092270381,0.0017407973235815438,25.78125,56.11791734499025,0.8567092250899199,1.0072709197134793,-0.001335825495403928,4
9.824363489946204,0.0017416105252068507,25.78125,56.09175303685686,-0.04069916422304232,1.0071437487038044,-0.0013641584321518966,4
9.82424412972547,0.0017346807657041292,25.78125,55.90693245741318,0.2935546691721053,1.0076152388159525,-0.0013402785374068485,4
9.823906757706336,0.0017544348734802103,26.171875,56.4323945044551,0.5361197534778815,1.0076689387009425,-0.001382960589330356,4
9.824006763258053,0.0017532430928033271,26.171875,56.35579235146513,0.15709674559548148,1.0071554007930177,-0.0013661499667114402,4
9.824275816733785,0.0017491984248181175,26.171875,56.32278994509381,-0.053049967256811215,1.0070590286225714,-0.0015364870966959909,4
9.824288924593311,0.0017496143336415762,26.171875,56.33167927516424,0.8215317288401517,1.0075645210845094,-0.0016044315970222673,4
9.823839665462199,0.0017579670946971597,26.171875,56.43614544625264,0.7207772461309409,1.0075040865648464,-0.0013752252792331864,4
9.823481183346402,0.0017528410096585825,25.78125,56.40428138725051,1.2610676787541404,1.007951436268485,-0.0007444285099491113,4
9.823405440196126,0.0017546581205499195,25.78125,56.43576827211336,0.5267999219455911,1.0078551203447963,-0.0005343576094021864,4
9.823390099671842,0.0017526823567970355,25.78125,56.376739129521894,0.9466862589530743,1.008180699748634,-0.0005020910029845534,4
9.823155163996995,0.0017594729767500547,25.78125,56.510075541360024,-0.0788492493108303,1.0080338621396885,3.9736910287339633e-05,4
9.823712865708416,0.001764483135236028,26.171875,56.44806660444221,-0.32375285273519694,1.0083363668137175,-0.00032150101227558406,4
9.823610610042861,0.0017680959658925599,26.171875,56.52276964772397,0.7632931831697837,1.008033210773614,-0.0005209666669191446,4
9.823475258174055,0.0017705281687357003,26.171875,56.66014170917526,1.0850001653331371,1.0080699656751224,-0.0005151760864804479,4
9.823670018582423,0.0017741234649142252,26.171875,56.85883333624191,0.47528513355064206,1.008288426222272,-0.0010189770396229552,4
9.823518101719298,0.0017854535024424557,26.171875,57.29145894777463,0.451398162736344,1.0079912279470906,-0.001064833021620595,4
9.823148892479463,0.0017803929983736223,26.171875,56.97387483855606,0.9452471215663536,1.0077125794000452,-0.0012817829479326109,4
9.823390490131054,0.0017928636921671355,26.171875,57.27837153386211,0.2657367638615445,1.0079363638903,-0.0013292350676257633,4
9.823452322136944,0.0017954906693313055,26.171875,57.391469829522755,0.3547905341947626,1.00788921859558,-0.0016570240790219164,4
9.823186070434513,0.0017914775544476155,26.171875,57.373444440192834,0.27471214757315465,1.007964440317769,-0.0021399170309176507,4
9.823279830284587,0.0017891928779587717,26.171875,57.33743449642845,0.7022004968021065,1.0078556485913994,-0.0025248737680654445,4
9.823232818919642,0.0017885396280664747,26.171875,57.33529358711336,0.13396427927485396,1.008226456916013,-0.0027354341605591278,4
9.82368886833645,0.0017837220454185497,26.171875,57.356797836352406,0.15809690868021184,1.008038434451556,-0.003477233641737149,4
9.823758023070441,0.0017903961099907666,26.171875,57.549171366369144,0.7216064891460215,1.0081604680795104,-0.0034116376764200657,4
9.823865082580358,0.001781949664319528,26.171875,57.31301509122618,-0.16207435201916573,1.008182420696194,-0.0035404108833232023,4
9.823625890773828,0.0017775047555648826,26.171875,57.255396431916175,0.06735049981701498,1.0076087981292845,-0.0034394887562371025,4
9.823379522544348,0.0017874523791160664,26.171875,57.49062890500878,0.4876930889561966,1.0080065246976313,-0.0034976553499087575,4
9.82330484283079,0.0017837857809342,26.171875,57.39840462580012,0.3420673223396686,1.0077807378437427,-0.003072898198772198,4
9.823485686650091,0.001779404259408179,26.171875,57.32093438573607,-0.10269572089843375,1.0078871906470992,-0.0032933979612720316,4
9.823360142207854,0.0017743738886215842,21.875,57.20072875684344,0.7921991097161177,1.0083150145334927,-0.0035764953777176673,4
9.823581351858559,0.0017615236334195658,26.171875,56.855775522077344,0.9405987360538953,1.00830297657016,-0.0033443796326454605,4
9.823720440770872,0.001763053153958563,21.875,56.858405059511746,1.0142810682555137,1.008097618294153,-0.003437120030227915,4
9.823879629421718,0.001737946574511875,21.875,56.08996035937033,-0.0720532707722062,1.0083540942982718,-0.0035889982454692443,4
9.823775758798366,0.0017362491710936757,21.875,56.068841117913784,0.6565165129904926,1.0086335400118627,-0.0038147817445204775,4
9.823953478213872,0.0017305110719298441,21.875,55.93820585165582,0.2906024097113307,1.0088899832798366,-0.003922223628804369,4
9.824168529007958,0.0017138877239828384,21.875,55.32378276511099,0.10797207084518352,1.0091653826521894,-0.004072881384982933,4
9.823803599009318,0.0016981692851917802,26.171875,54.68349261938622,0.25442371382693335,1.0090068387574904,-0.003972558248048627,4
9.823982593998371,0.001682398680248571,26.171875,54.10210773630549,0.7423037189740475,1.008724895429037,-0.004155775148190312,4
9.824287852073187,0.0016737505787621657,26.171875,53.92765598734823,0.1525399917178826,1.0089963212679482,-0.0038396012624875,4
9.8241098865795,0.0016697271507764425,26.171875,53.85650410556536,0.2884081292480308,1.0090502318854306,-0.0038715475066729114,4
9.824125116894065,0.0016693941087927,26.171875,53.850688240093376,1.0223957591709525,1.0087506300779072,-0.0038663068971608503,4
9.823811347560072,0.00164593830601405,26.171875,53.18371760962922,0.2217617383224327,1.0081353106572866,-0.003674151167875679,4
9.823508643111248,0.0016587523332961692,26.171875,53.50567218250441,0.5710234604872918,1.0081399004040348,-0.0037142062419331834,4
9.823122992550736,0.0016358252221762772,26.171875,52.87811985592071,0.5973250532794433,1.007848097094917,-0.0038834119348627426,4
9.822915813969033,0.0016203260337473715,26.171875,52.30498765679593,0.6633489684233306,1.0079942354765596,-0.003524369287393392,4
9.822978222519275,0.001629477414905002,26.171875,52.58465206076332,0.8186955369346833,1.008426018540587,-0.0036833976648059947,4
9.822612971869757,0.0016386370317407117,26.171875,52.76140680449847,0.5215717752532024,1.008094631758469,-0.0035527472384696062,4
9.822823446579116,0.0016305897074067087,26.171875,52.42263963454816,1.1973768776758031,1.0081049454359974,-0.003541481647499234,4
9.823093779252998,0.001637068129400122,26.171875,52.73081700686464,0.5369641900567027,1.007349171487162,-0.0034223866213389798,4
9.822930728791407,0.0016307468482174912,26.171875,52.57920304985133,-0.009770941866008798,1.007374749720813,-0.0033765144163740487,4
9.82328094102896,0.0016308832850083308,26.171875,52.69703766473516,0.7186905981749684,1.0075807075060095,-0.0031217761364673384,4
9.823264577999772,0.001632045962577145,26.171875,52.74023645130142,1.6157539675247488,1.007191059863909,-0.0033109233944157456,4
9.823587247925046,0.001635729993329975,26.171875,52.95794259583588,0.5735711656792167,1.0072096511309419,-0.003208088637924788,4
9.823427210378226,0.0016337996850846767,26.171875,52.9402628203896,0.5002032406215827,1.0068897307451188,-0.0030272730493274354,4
9.823842565252843,0.0015918632092979718,26.171875,51.67653425382703,0.43362023251029314,1.0068034300375102,-0.0032870202695031206,4
9.8235246496799,0.001610809787394974,26.171875,52.37427296656649,0.8352026709835627,1.0065833601046743,-0.0030934548493438134,4
9.822744042141487,0.0016017223748070305,21.875,51.8758485407693,0.2500022549756977,1.0063988723722836,-0.002744777246474056,4
9.823027172041158,0.0016044644282764884,21.875,51.883055244191944,-0.47748583352464874,1.0069551624768387,-0.002698453337244623,4
9.823144459564258,0.0015942923156262985,21.875,51.58460876776338,0.34678408136339084,1.006650924264115,-0.0026971465724048927,4
9.82263696786116,0.0016121093758903918,26.171875,52.30894186364453,1.033344289354621,1.0067438757493434,-0.0030279499509179024,4
9.822551730571536,0.001618132936503175,26.171875,52.4839025637399,0.9799649957834239,1.0066274004798212,-0.0030805226239737013,4
9.822781984795514,0.001622263301255717,26.171875,52.55630391573007,0.3642304721433902,1.0063605237826108,-0.0028179013671046377,4
9.823050585905074,0.001619057712297428,26.171875,52.52435063492668,-0.0760378240144443,1.0066386801755718,-0.002633518092411748,4
9.823105004061373,0.0016214621789996191,26.171875,52.58871472289794,-0.4481145918155865,1.0066210389406465,-0.0020815344069969747,4
9.823050061807562,0.0016192300077133518,26.171875,52.50080963971858,0.5848357253732198,1.006898882604586,-0.0017206978239673858,4
9.823114630492976,0.0016187911720068014,26.171875,52.46882939094204,1.0438106452505356,1.0073779429193652,-0.0019201606763277449,4
9.823236799194513,0.0016070899116431728,26.171875,52.1184733088271,0.7756846980337286,1.0076518137251742,-0.0016565194582150047,4
9.822778341356047,0.0015972873178839795,26.171875,51.91264290984409,0.5036517711935934,1.0076565188358537,-0.0018190994284228864,4
9.822806446408945,0.0015963205778419683,26.171875,51.88758992821258,0.5611579116108866,1.0076972603492504,-0.002191541678680384,4
9.822756004350888,0.001595131217426964,26.171875,51.86037775686273,-0.23208129273310382,1.0074299522006074,-0.0022552035024361386,4
9.823029204524817,0.0015655616166070285,26.171875,50.95224159825791,0.35635717998836,1.00742203654436,-0.002667598873868898,4
9.822834219428962,0.0015636496249330206,26.171875,50.92999189852242,-0.17779140160200768,1.0072043445663625,-0.0023499626812211252,4
9.822842078345902,0.0015639079831936962,26.171875,50.940033974737865,0.3196186503167458,1.0070890246676203,-0.0023931177837958496,4
9.822602591450893,0.001534488476103535,26.171875,50.022106264575065,0.24876816532196244,1.0070467941180143,-0.002024778102077248,4
9.822561132035368,0.0015396610036450182,26.171875,50.18388956101613,-0.11159667437944638,1.0073009863880136,-0.0022373326366301955,4
9.822296776544068,0.0015583050711721388,26.171875,50.84204896682549,0.5496897487792012,1.0074188393655026,-0.0027324813620693334,4
9.822253308076677,0.0015538691332305163,26.171875,50.68924056226366,0.5023043140681693,1.0070951135692507,-0.0030633850895353406,4
9.82218359232115,0.0015502788694237246,26.171875,50.58348587366425,0.4045066952300355,1.0072328577006542,-0.0034204223700221646,4
9.822093242084284,0.0015360774212060102,26.171875,50.102661129598246,0.3596819469482095,1.0074300810330408,-0.0031050589193269192,4
9.822177591218155,0.0015393908285748494,26.171875,50.196307949113624,0.42797498837050324,1.0073938351649223,-0.002770119807351414,4
9.822205990779683,0.0015414280122812642,26.171875,50.26814020282664,0.3248943156892589,1.0074821999502213,-0.0028899872914349787,4
9.822424810656836,0.0015633218466412266,26.171875,50.94506718594643,-0.31216489224001026,1.0074377768942344,-0.00272558265928232,4
9.82253965383982,0.0015693678207681645,26.171875,51.164823401261074,0.3861361368605382,1.0069512487622378,-0.0024947505659559197,4
9.822735934348778,0.0015884733387758047,26.171875,51.75336096219339,0.005241854033859757,1.006793180217036,-0.002109460986810957,4
9.823154714497305,0.0015789166474424225,26.171875,51.517188992280936,0.3039166568305518,1.006752303896896,-0.001785493116448426,4
9.82306641100807,0.0015728494595247814,26.171875,51.33314438642649,0.5636758620057662,1.0066115113047258,-0.0015976565440342652,4
9.823090337045425,0.0015743371474653718,26.171875,51.38580556944766,-0.47479216735761537,1.0067002163609993,-0.0017295626870305924,4
9.823068394293378,0.0015719711537681743,26.171875,51.31183200535952,0.5782453246805138,1.0064990423846885,-0.0018565392535516549,4
9.823624789521997,0.0015655229438932003,26.171875,51.1801438566867,0.0793253047534866,1.0065266560366897,-0.002101754641698225,4
9.823804851806957,0.001559836315541702,26.171875,50.97026230111198,-0.1339469025915605,1.006636402933165,-0.0022004497607228885,4
9.82377827811673,0.001560531787623324,26.171875,50.989397239981734,-0.15998907140480392,1.0069197427135286,-0.0025181271264865033,4
9.823567757672059,0.0015460899139879795,26.171875,50.54384679110255,0.5239894081156914,1.0065319845973182,-0.0027099336471967626,4
9.823705859986832,0.0015449798623239318,26.171875,50.524053749927724,0.9148871164276594,1.0067995335211297,-0.0022929796911773347,4
9.823958989267286,0.0015385373496990084,26.171875,50.28159965822295,0.8844110351771329,1.0067851511384203,-0.002098497298037139,4
9.824366233638044,0.0015458513599954716,26.171875,50.56963896650935,-0.007736961775663076,1.0069557847319246,-0.002405292725035755,4
9.824186554857688,0.0015412681700662622,26.171875,50.437344196546704,0.037512910209140195,1.0072661928482136,-0.0023486817095779307,4
9.824257912922102,0.0015461721971871602,26.171875,50.6045561324004,0.029045964680941932,1.0069745872635898,-0.00194639808304138,4
9.824248965589621,0.0015467408459008886,26.171875,50.62398318414769,0.4350954178480606,1.0067238878804512,-0.0019301840884581197,4
9.82443831873613,0.001560143393045029,26.171875,51.07872185233065,1.3646740536823927,1.006477366402786,-0.0018159041439353223,4
9.824303007394532,0.0015648135985074662,26.171875,51.241437623416914,0.7930989713349845,1.0062184290106602,-0.0020158114552920135,4
9.824333094985267,0.0015640511766309962,26.171875,51.21844449368116,0.7341958866005976,1.0061975958210514,-0.002210328649949026,4
9.82392393921758,0.001612367265247768,26.171875,52.822837489413594,0.8549686554761138,1.0056814037367314,-0.0025143106650063777,4
9.823788747174454,0.0016114201081084678,26.171875,52.78601930323516,0.8568812178831043,1.0052435022755843,-0.0029202172325003967,4
9.823703448403318,0.0016187179808925913,26.171875,53.02894341559409,0.3780223444615937,1.0054820130304865,-0.0030451876924006394,4
9.823782416004349,0.0016209861868313068,26.171875,53.10634923219853,0.34275859146994964,1.0055110634550024,-0.003111873077986226,4
9.82406254880714,0.0016381891856923354,26.171875,53.65727999597635,0.16246679513763715,1.0058158210070451,-0.0032406692403293587,4
9.823625209687199,0.0016515521696365211,26.171875,54.064928937739474,0.671587623606077,1.0055377071091918,-0.003075838603157106,4
9.823420781926982,0.001647557699700931,26.171875,53.94972859827585,0.5567028309390784,1.004988117486148,-0.002947890870474338,4
9.8234269597534,0.0016477292021736555,26.171875,53.95577992429458,1.4483477703033714,1.0047884312701836,-0.002561237543660153,4
9.823017546566161,0.001624038773701773,26.171875,53.202514834272925,1.2446343233835553,1.004601139996429,-0.002271913953787188,4
9.822803497118281,0.0016140550540513657,26.171875,52.864701765107945,0.9676044214150655,1.0044480434705474,-0.0022835075366512128,4
9.822805811460224,0.001613951382431725,26.171875,52.861172916605035,0.5727660152927759,1.0047140088330753,-0.0022300486784844397,4
9.823349674061237,0.0016024829684109843,12.109375,52.50668256069436,0.5610062237186261,1.00510949559215,-0.0025473464372946374,4
9.823292861395354,0.0015957868913035677,12.109375,52.28837298803992,0.23880805232571825,1.0052312006849289,-0.0027429658650850474,4
9.823114385720851,0.0016052593437209794,12.109375,52.59457565912058,0.7228303367968086,1.0050624050408086,-0.003004592202694901,4
9.822720044128921,0.0016212542273974608,25.0,53.125165865333706,0.5110219165374777,1.0056127775219212,-0.0029803264701129773,4
9.822590136506008,0.0016183286529940868,12.109375,53.02829492932567,-0.33085084661191405,1.005347278302395,-0.0029697815047132364,4
9.82242114854411,0.0016091743809948846,12.109375,52.729419605742486,1.0096127252812341,1.0053501641006224,-0.0030462421012711948,4
9.822201848099054,0.001611841718122406,12.109375,52.81504442218082,1.0008018278555635,1.005499429941811,-0.002941311428114668,4
9.822347589996145,0.0016084942103780238,12.109375,52.70242802630692,1.0779510326356103,1.0053851853491305,-0.0022967531977428593,4
9.822024292097971,0.0016069475655969044,12.109375,52.64028956257317,-0.1650496087507539,1.0052716413127998,-0.0025387545711405067,4
9.821953356030745,0.0016074300765974506,12.109375,52.65920112785637,0.3794777169180937,1.0049596834807508,-0.0025981594288533158,4
9.821920128637828,0.0016064097057869717,12.109375,52.624354291084934,1.0265290824305946,1.004790538052334,-0.0026908604981693025,4
9.8218065536908,0.0016063835546885523,12.109375,52.62802241889182,0.4237086323785964,1.0043553921637425,-0.002680099961184561,4
9.821738525386586,0.00160992381916299,12.109375,52.741420955477004,0.9964544308095356,1.0045623656144023,-0.0031480592455319055,4
9.821831823384116,0.0016080015479394195,12.109375,52.67436083789237,0.602898845103482,1.004498426772628,-0.003553081044784559,4
9.822017404622947,0.0016091567812116412,26.171875,52.71975232428204,0.4539805653136379,1.0049103416357383,-0.0032138811293772056,4
9.821978713389372,0.0016116185177241626,26.171875,52.80170548961783,0.30287626284310437,1.0046125659002634,-0.0030834387416781277,4
9.82152965725825,0.0016346894232718149,26.171875,53.53671762117664,1.0927196022239514,1.005091862845961,-0.0030277441627350006,4
9.821344060300177,0.0016345903134127818,26.171875,53.54374144171544,0.1854013628423369,1.0052924198339035,-0.002676552614897843,4
9.821087697702962,0.001623692595446192,26.171875,53.1718627334759,-0.07908318041518214,1.0049550798196878,-0.002261454239732088,4
9.82118144479628,0.0016188165747000585,26.171875,53.00560417158513,0.7074329381866846,1.004694218603648,-0.002207908571160898,4
9.821082829176158,0.0016296741303577352,26.171875,53.35394525251065,0.8008181478762708,1.0045868344891815,-0.0024237004708899733,4
9.820897402174628,0.0016135850164156165,26.171875,52.840197819678316,0.591301903523951,1.0046974766551555,-0.002517136003560734,4
9.821141003602614,0.0016221445545398904,26.171875,53.13493581118158,1.0266884554730495,1.0048888450999178,-0.00224694491971765,4
9.821491392745997,0.0016143760627219902,26.171875,52.85864198908027,-0.4541588426339634,1.0043533315473219,-0.00211962805437813,4
9.821563700380642,0.0016099832376599446,26.171875,52.71984227648005,-0.16964172814429426,1.0048288795018756,-0.0019997441191253744,4
9.821079271044098,0.0016255138739443707,23.046875,53.2543777217497,0.4729316898774414,1.0044967951836392,-0.0024312764462705435,4
9.820883469087093,0.0016358884906033343,23.046875,53.585826578640884,0.2402600720973472,1.0045367572007335,-0.002528364107182163,4
9.821029341143381,0.0016535157397393864,23.046875,54.15546571258919,0.19292016677233428,1.0047341298090635,-0.0021060763306244056,4
9.820946645533368,0.0016513226112666569,23.046875,54.07846335882278,0.4048578730956554,1.0046405873855564,-0.002182549911390361,4
9.820918455884145,0.0016499045534987971,23.046875,54.033798227174316,0.2703581323864152,1.0042672125418723,-0.002176918111671081,4
9.820853451679167,0.0016521397812854503,23.046875,54.102808909258094,-0.371319864934776,1.0040885172056664,-0.0022806210346388027,4
9.821184148719096,0.001629397443963491,23.046875,53.331764121488426,0.008927711985355321,1.0040349784141729,-0.0017416540384598202,4
9.821377697685795,0.0016261388058372039,23.046875,53.240968980070896,0.08914785977685824,1.0039044663209673,-0.0018117557526824638,4
9.821162228749582,0.0016452770701663633,23.046875,53.8829978965494,0.5438675635232357,1.0041867694840498,-0.0019498671460399341,4
9.821148448500951,0.0016456647303380297,23.046875,53.894838491910754,0.17296370439847428,1.0042951788501318,-0.0026021535840519863,4
9.821067401399905,0.0016525468574726879,23.046875,54.125244642129644,0.26279447759952745,1.0044325711114266,-0.002878630019139465,4
9.821086287977899,0.0016538054475268675,23.046875,54.16756440942116,-0.021865886733091127,1.0039756142952685,-0.00295841072024476,4
9.821294755400526,0.0016745960924973674,23.046875,54.835635228160676,0.5220563951503815,1.0039174786802316,-0.0031189594096199544,4
9.82100635674925,0.0016893554456254296,23.046875,55.29631712015488,0.19169617098305025,1.0040528737607166,-0.003533425302412521,4
9.820976591777114,0.0016910884679510094,23.046875,55.35572593613736,-0.4698309232335305,1.0036063049654989,-0.003258039161421003,4
9.820863367073109,0.0016986942193891912,23.046875,55.59467084330768,0.4025831984739246,1.00313101880471,-0.003213522858844821,4
9.820955395853735,0.0017027655283761306,23.046875,55.71910468414775,0.5829562081404825,1.0030296336931037,-0.0037129926441570684,4
9.820943604333195,0.0017024782220011769,23.046875,55.70850018402337,0.3444776141453379,1.0030195931290367,-0.0033845487115601296,4
9.821417780848801,0.0017156670959788357,23.046875,56.08526663801943,0.19763589379605642,1.0030205138364847,-0.0031255474872539895,4
9.821612352120834,0.0017088721157131669,23.046875,55.88712666732951,0.756353613709507,1.0030821741447526,-0.0030176838785154324,4
9.8218061936831,0.0016988039681701183,23.046875,55.53279225174424,0.8099963422852549,1.0028264491304644,-0.0031005864497034514,4
9.821992909604328,0.0016921027106205774,23.046875,55.336772665861645,0.756811496468193,1.0030966198553517,-0.002811181846265786,4
9.822304400430088,0.001699250247534388,23.046875,55.53039331809778,0.20891370318228533,1.0031523652728693,-0.002715935037070616,4
9.822530515200365,0.0017066479185511066,23.046875,55.80289741066123,0.20568724060164337,1.0031842721520294,-0.0027991637162763493,4
9.822376335469757,0.0017052115975606083,23.046875,55.77443296615027,0.10244902759829226,1.003525530379675,-0.0026374589555527464,4
9.822413821275553,0.0017038063828283797,23.046875,55.732673913038376,0.4003629143541427,1.0031643053435184,-0.002797637051597165,4
9.822423700702164,0.0017035653427509834,23.046875,55.72365459893636,0.9373835656042502,1.0032981823283393,-0.003054018806854022,4
9.822181933423547,0.0016871759881118024,23.046875,55.15718387635187,1.108975371626002,1.003133017122156,-0.00295846079039243,4
9.82202568291853,0.0016804489719457671,23.046875,54.95620736642856,0.2398173353249149,1.003196504147987,-0.003090719374414232,4
9.822213229873062,0.0016606803359252862,23.046875,54.329666878451434,-0.2026912126542205,1.0029798741763667,-0.003125714437346435,4
9.822145608667995,0.001660688141060231,23.046875,54.3370147875992,0.5442834170135029,1.0028581119565936,-0.0032368665142050008,4
9.822090614689289,0.0016637322362808879,23.046875,54.43101865479465,0.6283182407860295,1.0025245412899135,-0.0034550432760795716,4
9.82229271230227,0.0016662223198318452,23.046875,54.48979867506363,0.9162328711706019,1.0021284970845548,-0.0027644395268869547,4
9.822328248684157,0.001663928015038091,23.046875,54.418824592834156,0.0041918200586223975,1.0022785612634335,-0.002758427444588529,4
9.822488557425672,0.0016825313020273512,23.046875,55.00878928384956,0.883795443916218,1.0019051614977965,-0.0025264106653906503,4
9.822764686506861,0.0016929546537561907,23.046875,55.38310228905806,1.1496620052542614,1.0013578346088319,-0.002300694253393682,4
9.82253523251675,0.0016979343518925116,23.046875,55.56969865683295,-0.002000701835640939,1.0014678722929833,-0.0020254447664392852,4
9.822718118909012,0.00170141436366304,23.046875,55.69992881105067,1.6837271878078657,1.0012372586174647,-0.0014894926494133977,4
9.822844020159888,0.0016904086381200904,23.046875,55.32837798720426,0.35583789408216643,1.0012173330548768,-0.00161741964353029,4
9.822994599105389,0.0016793332358738826,23.046875,54.97839212369131,0.8290894485411021,1.0016154668722415,-0.001594436944142279,4
9.823184314378564,0.0016790741382925807,23.046875,54.95336446330531,0.5622824761764301,1.0011573817422434,-0.0014748411717782058,4
9.823128836706697,0.001687839804219499,23.046875,55.23531606075262,0.4705653681739932,1.0013352404988896,-0.0014504616471189362,4
9.822754895207847,0.0016887839308224258,23.046875,55.29795200945228,0.5955926983842801,1.0020470240101598,-0.001498247972505148,4
9.822723181903472,0.0016891631438050376,23.046875,55.30804537891999,0.08710438376147067,1.0022817123680074,-0.0008758324594705642,4
9.822402601106539,0.0016981408523733912,23.046875,55.62277285646805,1.4243282471773757,1.0026246931903486,-0.0013606074179495868,4
9.821809054827064,0.0017245155821744317,43.359375,56.443670812617306,-0.44803932442421984,1.002459616327581,-0.0008562983025192967,4
9.821682549336996,0.0017216605765907193,43.359375,56.36129325861396,1.1328184812700783,1.002314897553199,-0.0011672407324076698,4
9.821864648087002,0.0017091505690516368,41.796875,55.96561016463613,1.0814559229911538,1.0024691393133038,-0.000746350731954921,4
9.822165183452546,0.0017009480120534642,19.53125,55.672152779597994,0.7507291576560723,1.0029264495340418,-0.0005893382827014556,4
9.821792200742244,0.0016838435692287253,16.796875,55.07281831125307,0.8750726082204588,1.0028092963842155,-0.0009893306246776831,4
9.821603467721433,0.0016706594377130532,16.796875,54.66160173632582,-0.04997458866030987,1.002287328211282,-0.0008030161809470705,4
9.821564653445174,0.0016707324659478407,16.796875,54.65990752023581,0.3547485755116213,1.0025296392461736,-0.0007289649301686469,4
9.821768359819803,0.0016853045813584027,16.796875,55.114337153796534,0.5056068987881494,1.0024702728347317,-0.0005520575918843825,4
9.821798745704102,0.0016849397307416901,16.796875,55.10599545758361,1.043203983596565,1.0032123900157737,-0.00037968696002840216,4
9.821632149692029,0.0016933670652504492,16.796875,55.40087993752257,0.48076883648294216,1.0031469544791354,-0.0005497261020451116,4
9.821448001291472,0.0017012886484589881,16.796875,55.63963670626738,-0.1238413514693093,1.0031625914648505,-0.0005121645003981952,4
9.821808624135006,0.0016814398134339659,16.796875,54.94202476711349,0.19129154559292752,1.0033437033742896,-0.00045225283796165676,4
9.821806879815506,0.0016813435273984934,16.796875,54.93862062379871,0.1627507067799646,1.0036752399888247,-0.0004006572496490451,4
9.821295938230731,0.0016660111906930122,41.796875,54.500634252437976,0.9181580181442163,1.0036300932047166,-0.0005587954599060837,4
9.821269087176393,0.0016660740551932623,41.796875,54.499734528431794,1.0250253406981453,1.0035984786631147,-0.0012710985191164274,4
9.821060635785022,0.001662070616869499,41.796875,54.390286069963146,0.43849771271804155,1.0037698755009414,-0.0011844692529127513,4
9.821387733369336,0.0016627621916827072,41.796875,54.44131540680483,-0.7098395517483974,1.0035036821955268,-0.0015358783191421733,4
9.821453782684983,0.0016655677068991757,41.796875,54.52808333472121,0.08146625033502157,1.0032681885263564,-0.0012922699184259952,4
9.82166722657777,0.0016795066673805945,41.796875,55.000489590914924,0.3642145802490025,1.003097606064861,-0.001064167880154336,4
9.821326830751094,0.0016864182608495903,41.796875,55.245756413563086,0.691184262589862,1.0031754674779205,-0.0010764135018517889,4
9.821126124732805,0.0017089317951208718,41.796875,55.97332088623336,0.33602101317228517,1.0031579446978829,-0.0013824252871761902,4
9.821204230242985,0.001710796086988532,41.796875,56.02974300208872,0.7767776162363589,1.0029910122325822,-0.0013845958544143793,4
9.82091467144055,0.0017336273548125211,41.796875,56.75708762606585,0.6785520244278208,1.003176003813976,-0.001484054886699768,4
9.821062151089487,0.0017419692538388654,41.796875,57.01773387741883,0.750087180382252,1.0030206069061873,-0.00162290258131464,4
9.820814404101295,0.0017288364461303968,41.796875,56.56285329588008,-0.2616336245276519,1.002809002293968,-0.001786189212794508,4
9.820665274949722,0.001739355982630307,41.796875,56.9228138727105,0.1114220041417866,1.0028574417378633,-0.0017626111333072475,4
9.820432090330076,0.001739194977772662,41.796875,56.893040241407085,-0.6874069028587352,1.0029515643281697,-0.0014247366013514448,4
9.820158953356536,0.0017616999148813732,41.796875,57.65881956478123,-0.7885329627339767,1.0032582835560286,-0.0016337171261582662,4
9.820398302471405,0.0017675458749437018,41.796875,57.87119266533591,-0.1588885379508914,1.0029593392864837,-0.0014404150928800383,4
9.820082568668033,0.0017725709502552796,41.796875,58.05756620156873,0.697175637124019,1.0025582058176554,-0.0015974541958894647,4
9.819754251458559,0.0017941862887529817,41.796875,58.743145053806884,0.020834374549546435,1.002874189591938,-0.0014027718343008549,4
9.81977273470948,0.0017956177853898352,41.796875,58.788563645347025,0.4383280710305068,1.0025045475962961,-0.0014989882346505591,4
9.81973930339534,0.0017944232555926884,41.796875,58.74667177464711,-0.008897317045921227,1.0027451891427774,-0.0018563051808863618,4
9.819785190285081,0.0017947159844852905,41.796875,58.752370738262016,0.13205967899799967,1.0028955088488614,-0.0023262525016394925,4
9.819594911885185,0.0017860841598428619,41.796875,58.45190683672975,0.5812365628601887,1.002731473321077,-0.002331334527162949,4
9.819702591037599,0.0017831578563203396,41.796875,58.34499729617601,-0.0176441911450335,1.002237545575722,-0.0023327725903248115,4
9.819416322097902,0.0017906872991554571,41.796875,58.55872845950131,0.39848999964791193,1.0020336294615517,-0.0024659678990277345,4
9.81976824591711,0.0018126932873447027,41.796875,59.231900541698415,-0.3344927085818199,1.0020789951184756,-0.002544750115237184,4
9.81961216655372,0.0018151251587688558,41.796875,59.287737230604044,0.8675397502532481,1.001860572378224,-0.002847901502535266,4
9.819725633558582,0.0018209915470486495,41.796875,59.46162567103832,0.7452718458783542,1.0017027043963107,-0.0030740166525494096,4
9.819507760969762,0.001804226758818481,41.796875,58.87469356613647,0.04565356215607608,1.0014360855812998,-0.0030149166399909442,4
9.819944608595906,0.0017306466362573421,41.796875,56.378890813735154,-0.07287059696439731,1.0014543371657103,-0.0030916892566584175,4
9.819781912968775,0.0017363464885002471,41.796875,56.53091145869915,-0.1436649299939745,1.0012033468674073,-0.0029611630379614592,4
9.819841509086631,0.0017389823756877635,41.796875,56.60412025791245,0.5057376181066502,1.0012151289487934,-0.003315621576656334,4
9.820211296988239,0.0017163181745264325,41.796875,55.93938205090321,1.3804325277948617,1.0011653023804798,-0.0033138380880567606,4
9.819886718514855,0.0017002495084105671,41.796875,55.473854595370476,0.5148139366453203,1.0008380230197145,-0.003539420512917665,4
9.820119605081857,0.0016823002387255882,41.796875,54.92521417077662,0.022577395297654828,1.000764326092498,-0.0034192502949502005,4
9.820489952966284,0.00170337327172812,41.796875,55.55121848362792,0.04941116112968302,1.0007179286659091,-0.003690427751513296,4
9.820732600439031,0.0017013183784475884,19.921875,55.527169747376945,0.9494317441628178,1.0002916729454514,-0.0037236249690497276,4
9.820840580269053,0.0017106943919451268,19.921875,55.815616872800824,0.41621218236590113,1.0002810377635158,-0.0036187419505719328,4
9.820866269191214,0.0017122233009892142,19.921875,55.87025473491576,0.0354777645309999,1.0003683074660201,-0.003676658433162246,4
9.82078588516596,0.0017097829611700994,41.796875,55.804212066875586,0.29032452695294825,1.0002632379214569,-0.0036104830674461097,4
9.820735770166708,0.0017140443487883826,41.796875,55.935219083882366,0.17268879853266603,1.000486314752083,-0.0033666469409003416,4
9.820728898508898,0.0017142443720724316,41.796875,55.94296652864649,1.5199963727488164,0.9998640928342384,-0.00382417915814859,4
9.820559247636925,0.0016968213140220103,19.921875,55.34168746247087,0.6843725355453595,0.9997165739142894,-0.004047144129083537,4
9.820419649255077,0.0017027716605282634,19.921875,55.561788068448024,0.47084453129233833,1.0000104227114055,-0.004364956379743663,4
9.820055430977034,0.001714102205853236,6.640625,55.86484833676793,0.3184464090918482,0.9998919519576607,-0.00457681141147244,4
9.819987005819609,0.001712725399450053,6.640625,55.83321257059096,0.9378936845217444,0.9996554191747331,-0.004871932040757348,4
9.81970581793397,0.0017055768298531537,6.640625,55.5416151963016,0.630724267608457,0.9993052067323412,-0.004289236858061349,4
9.81972962943169,0.001707129077489204,6.640625,55.58738451005878,1.8832148077369009,0.9998195838620341,-0.0038169919510165416,4
9.819710557949918,0.0017074193226931783,6.640625,55.59278790860774,0.72735049708596,0.9999098785479092,-0.004116573166386769,4
9.819481744448009,0.0017081359653910507,6.640625,55.66397700029001,1.35906872845347,0.999742441966048,-0.0041637801935485086,4
9.819264843907046,0.0017087269338072776,6.640625,55.638204155488026,0.27502924593378947,1.000533470042339,-0.003857785316145328,4
9.819249056223658,0.001708690326787114,41.796875,55.640394126050325,0.5512472990206637,1.0011077971170126,-0.003805851215084073,4
9.818773321091841,0.0017019681880984208,19.921875,55.310815883963805,0.41158760569912073,1.0009187224903857,-0.004022843240559273,4
9.819093588346897,0.0016942007334273068,6.640625,54.97435211707984,0.45917096322834067,1.000894386853345,-0.0045616371075212145,4
9.818853289934355,0.0016925623054490004,6.640625,54.85477023493321,1.0192998345240387,1.000824791810891,-0.004325029336539795,4
9.818742011807156,0.0016918483059240746,6.640625,54.862358690825864,0.4552473041124661,1.0003509409234999,-0.004639035464409153,4
9.819048006295963,0.0016862305957064583,19.921875,54.75929615140035,0.3690234520751498,0.9996513673284821,-0.004636006794243223,4
9.819440497317697,0.0016611709263866803,19.921875,53.83310806556346,0.8754038646863288,0.9995159580329783,-0.004602065168112714,4
9.81945337403694,0.0016623722347525005,19.921875,53.876078597894704,0.00248810834455071,0.9993904722267573,-0.004395237652965119,4
9.819175329177087,0.0016785594388141242,6.640625,54.48171537195617,0.35502221893693786,0.999368535335386,-0.004279239286303787,4
9.819070443244703,0.00167433912375438,6.640625,54.31564631495076,0.14005048204732398,0.9989566547311202,-0.004131577812606702,4
9.819105696505698,0.0016759503969801341,6.640625,54.35894622954232,0.7009458901702601,0.9994783594620004,-0.004297851949314091,4
9.819231607904467,0.0016758293515041962,6.640625,54.38853007763274,0.7545927296802498,0.9998026119488649,-0.004231273725181896,4
9.818985976928497,0.0016819677143723253,6.640625,54.652132132420405,0.8432827044343867,0.9998190976155343,-0.004591581957380122,4
9.819432721563173,0.0016726659037899915,6.640625,54.450795057790934,0.3159631846926156,0.9997157874614362,-0.004370910753570738,4
9.819188848573804,0.0016822879755959857,41.796875,54.81705244090653,0.8257882484019016,0.999982029759997,-0.004844952185422158,4
9.81888943615152,0.001686060735909497,41.796875,54.87756611908364,0.1026772640022197,1.0000468875687778,-0.004657228395955093,4
9.8186953923615,0.001686761225634379,41.796875,54.94209157931077,0.6580908997178389,1.0002500336541862,-0.00462843675995423,4
9.81887781744254,0.0016728337205484814,43.75,54.52254730119598,1.6984771280670732,1.0002638690740615,-0.004426618965754324,4
9.819028182152902,0.001668388369798076,41.796875,54.34668089714386,0.7503815215435073,1.0001530079290462,-0.004640923213568874,4
9.81905157856086,0.0016677195990318992,43.75,54.3295631879284,0.39003660288047587,1.0004399790828642,-0.004424225240124585,4
9.818902217719028,0.0016534598281190672,41.796875,53.89207443283101,0.07383325055828512,0.9999378584427165,-0.004347696366452335,4
9.818884678077769,0.0016549468297833735,43.75,53.93737969939821,0.666527266115736,0.999813435586702,-0.004365790639265399,4
9.818428933943904,0.0016346028042638927,6.640625,53.3530876212273,-0.16552976147189233,0.9995530250445346,-0.004162926909385972,4
9.8182224695543,0.0016560114295089503,6.640625,54.01898926459034,-0.06269926269669668,1.000151205751853,-0.004096023598728084,4
9.818236450836533,0.0016554743608745413,6.640625,53.9988777604751,0.9340206512145718,1.0003700997636875,-0.003864452458400945,4
9.818167993507759,0.0016512618721071974,6.640625,53.848354247777515,1.1430205422378397,1.0004912440592164,-0.003675574255481911,4
9.818364582306996,0.0016409431319633742,6.640625,53.47265866665806,0.27213675721820135,1.0004553103953293,-0.003846893351523965,4
9.818190747846748,0.0016609690690161938,6.640625,54.09353615976503,-0.03234238094834533,1.0002818232617874,-0.0037369073198401472,4
9.818108504808473,0.0016525266136568173,6.640625,53.833856777542174,0.5734295152506093,0.9999272555996852,-0.003868935133606266,4
9.817999294594458,0.0016480389574192948,6.640625,53.66418365743799,-0.0811193455629109,0.9998839558533127,-0.003964204254206006,4
9.817770488631032,0.0016711011153051247,6.640625,54.466382217759566,-0.3526628685661611,0.999796853322111,-0.003835899814616875,4
9.818025234207049,0.0016903395635228004,6.640625,55.14452043971762,-0.13084233938207035,0.9996100256143293,-0.003880277387898956,4
9.817692540079555,0.0017144645978230877,43.75,55.990983758741784,0.49786615596773726,0.9994778383374263,-0.0037370582412051905,4
9.817342749881151,0.0017044868226990335,43.75,55.605027597858815,0.39113511449007393,0.9998005761348873,-0.0035273245846177024,4
9.816998666996202,0.0016909874128389075,43.75,55.22078497136758,0.2173779835817792,0.9997424999337731,-0.003498718381629574,4
9.81704124117291,0.0016898376782693196,43.75,55.18976065022068,0.02141935541051983,0.9996192103842823,-0.0032673077927525686,4
9.81714194779317,0.0016894790224871107,43.75,55.16208578473687,0.48719935241751955,1.00026135617359,-0.0033952054006221146,4
9.817499796053731,0.0016896670726181666,43.75,55.22181093054988,0.5058116028655301,1.0005936339520942,-0.003305691994873909,4
9.81726009898311,0.0016943311796785267,41.796875,55.40582915422606,0.3778656056905068,1.000773685999577,-0.003509679060050554,4
9.817277027029272,0.0016949855298127074,41.796875,55.42933090106704,0.5055914065439234,1.0008700318625663,-0.0032782886702330924,4
9.817137681388665,0.0016971192312451818,19.53125,55.5154916708484,0.8317308741522235,1.00066286067954,-0.0034510710409725357,4
9.816984509496226,0.0017013856618700415,6.640625,55.63736929440098,0.6135102956201687,1.0005247464527174,-0.003431430463483169,4
9.816814776351189,0.0016985588761766583,6.640625,55.5645119080141,0.8460169790329625,1.0008020877502863,-0.0037974487024935648,4
9.817363132950357,0.001718759158040121,6.640625,56.277404969999694,0.7796764096177261,1.0005210327201668,-0.003731345768445872,4
9.817073805802686,0.0017393299317722808,43.75,56.970419490464415,0.5407788730153698,1.0003038791254526,-0.003616716044044987,4
9.816779219917139,0.0017535669766864665,19.53125,57.417592352826944,-0.09112283693442198,0.9998721699158952,-0.003625712487977357,4
9.81648668104601,0.0017776372144654943,19.53125,58.22555771669027,0.9009344607038656,0.9999736790274664,-0.003971591354985001,4
9.81636083206841,0.0017861247623040236,19.53125,58.496091639434944,0.7233542469475651,1.0002345224931637,-0.004159950864816716,4
9.816314406922633,0.001787938015721971,43.75,58.55842761092974,0.37309980999513453,1.0003503496561896,-0.004355110359666518,4
9.815816088624793,0.001818641362420694,19.53125,59.52580095071569,0.8906273892935133,1.0000165927520803,-0.004447471752894224,4
9.815951550390995,0.0018224826593220209,43.75,59.63833542812753,0.62754840193035,0.9996017483998344,-0.004626390714922638,4
9.816173109326737,0.0018346376807977783,19.53125,60.057820098647916,0.5905976449964024,0.9998297153157077,-0.004570755521487727,4
9.815901111740448,0.001850777790179814,19.53125,60.6083128825249,0.5883078641769922,1.0001194286271506,-0.004248836144543118,4
9.815848534013188,0.0018569669091186734,19.53125,60.80731799167729,1.1025250266672326,1.0000653780530175,-0.003975019631508649,4
9.815991986778938,0.0018587226217649977,43.75,60.85355997605545,0.7408469326195094,1.0003983737958435,-0.003892768286564612,4
9.81592311318088,0.0018574646375967725,43.75,60.80643906197942,0.5373131221858785,1.0004638170202411,-0.0038023346740202035,4
9.815532447693089,0.0018273672385560945,27.34375,59.84955013027809,-0.2769630109857341,0.9998061117122845,-0.003542612823502313,4
9.815829498542216,0.0018189584656098366,27.34375,59.58962869427067,0.9749425111076562,0.9998950937927408,-0.003535527628123846,4
9.815763087110609,0.0018181289955321004,27.34375,59.56514919663687,0.8321909527585376,1.000019791362651,-0.003301215265377434,4
9.81575634224776,0.0018174151131493941,27.34375,59.54149561048535,1.19470588547847,1.000606224552878,-0.0031566467650897497,4
9.815917429936592,0.0018258910850312692,27.34375,59.812114774073535,1.2219369982255255,1.0005637005804726,-0.0028847363296215407,4
9.81567826049203,0.0018155033539305526,19.53125,59.45801936571229,1.4333701787630464,1.000087254869369,-0.0033570971567434046,4
9.815768722412392,0.0018121574115319693,19.53125,59.34221674156919,0.7999297758651664,1.00045910545397,-0.0031976387601678575,4
9.815649308298415,0.0018027374747333156,19.53125,59.024587842953515,0.46700815073321184,1.0007540643817554,-0.003392461194820202,4
9.815851167646823,0.0018104650461601458,27.34375,59.260539786885886,1.358380124392473,1.001414712524041,-0.003500081939994217,4
9.81560369340071,0.0018209017913764845,19.53125,59.57772072359872,0.7910670789933647,1.0015347923431526,-0.0034190357209057083,4
9.815898051281867,0.001806254085319824,19.53125,59.06300782795238,0.0672374793975905,1.0015177425863684,-0.003982570499357151,4
9.816206204068816,0.0017769356531096186,19.53125,58.138526932417754,0.8835050309874836,1.0012772195539301,-0.003966367399743055,4
9.815854937885032,0.001774844926281779,3.515625,58.103721661010866,0.5424932530659134,1.0008307355196695,-0.0035021386437037567,4
9.816201806933718,0.0017908740801686545,3.515625,58.65431159165914,1.1721574877871415,1.0008006653245218,-0.0038849683151668613,4
9.816345032756537,0.0017743851271828015,3.515625,58.10449144314284,1.442921242293475,1.0005966154819192,-0.003750150038344282,4
9.816566522927932,0.00176917783604118,3.515625,57.94799775918134,0.29549805019875447,1.0004820392612912,-0.0038086674745390608,4
9.8167385703533,0.0017920525949256054,3.515625,58.68685394631012,0.8680519167646708,1.0005758602054537,-0.004099197180514231,4
9.816660340159459,0.0017882009915719142,3.515625,58.55513595114207,0.0924534879826145,1.0002514108564216,-0.003819993377177486,4
9.816624241272644,0.0017859720387281238,3.515625,58.48468939980745,1.0146415331376677,1.0000403472748902,-0.004656666373473717,4
9.81654338619001,0.001784447846930539,3.515625,58.428820987462124,1.380058965676047,0.9998430306975401,-0.004946492103606576,4
9.816593574290637,0.0017862349976214365,3.515625,58.48348989566499,0.6945613798731453,1.0000000935499627,-0.004973606090431408,4
9.816723487459189,0.0017838689930607127,3.515625,58.415696963061116,0.38882187162622966,1.0000125539442166,-0.005382245840187034,4
9.817014418792914,0.0017811843130717123,1.171875,58.30438658004069,0.7045079776229007,0.9999710294031539,-0.005685707546531564,4
9.817124970850927,0.0017825711050166563,1.171875,58.35935100657656,0.9256622506897353,1.000041537527866,-0.00515983263536337,4
9.816836123288665,0.001797498181287424,19.53125,58.869580050697486,0.3370527507480195,0.9999620946436695,-0.005246603590739019,4
9.816759669270992,0.0018009904297408362,19.53125,58.97896163138041,0.3540973746094096,0.9996233999019708,-0.004927427529780968,4
9.816635002129356,0.0018084151540576087,19.53125,59.23029659392309,1.0008867854849086,0.9997924827191152,-0.004542026209187306,4
9.816426013328055,0.0018096689678371836,3.515625,59.25732339123166,0.8424613837111489,0.9998824541848588,-0.004351277285202895,4
9.816346574647293,0.0018053895229665669,3.515625,59.12277541518701,1.7874894041657778,1.0000957202290015,-0.004602553530866806,4
9.816833277123317,0.001805975935425767,3.515625,59.167767410075,0.8603317673635805,0.999893806081703,-0.004413773097691286,4
9.81694423726801,0.0017950224698533774,1.171875,58.8043338259075,0.005531021825542363,0.9997549300607349,-0.00410498148677268,4
9.816494955190436,0.0018008558081855919,3.515625,58.96896983938356,0.6516434298076396,0.9999473980645627,-0.0037938693283274577,4
9.816422748824184,0.00179892892836064,3.515625,58.91098271014705,0.4235853100096089,1.00013008033311,-0.0037894462329332327,4
9.816120490618333,0.0017782520414717342,13.671875,58.20959387858411,0.45377197564812377,1.0000365246029932,-0.004200343637479534,4
9.815860714046112,0.0017765213423932638,13.671875,58.17374069080747,-0.1826610925879019,1.000304608142396,-0.004224212662306529,4
9.815557658599806,0.001772161516737548,13.671875,58.006114771817714,0.33196708929972374,1.0000394451996573,-0.004273464074204063,4
9.815271437350312,0.001744512231207133,13.671875,57.12364847215644,1.2832007375060737,0.9998456506814253,-0.004145929050159529,4
9.814932915791726,0.0017410782942398548,13.671875,56.98269719360306,0.9743519046460278,1.000173419331895,-0.004182917864214087,4
9.814782267990845,0.0017223105605389721,13.671875,56.38129447433567,0.3817976181926497,0.999947680877059,-0.0037070911485828414,4
9.814311973565411,0.0017313456473214517,13.671875,56.6300410756902,0.7595471782903284,0.9998137216799591,-0.0038516979785762416,4
9.814178819353968,0.0017273849059151168,13.671875,56.51512281603748,0.17514197145404373,1.0000678266418952,-0.003632991840675185,4
9.814280172237785,0.0017387311360966223,13.671875,56.89745379975853,1.0007987622351113,0.9996665775298987,-0.003482259158695774,4
9.813875599270073,0.0017319987645357821,13.671875,56.71220403187737,0.2716060331258632,0.9999157776132672,-0.0033445278029781344,4
9.813819487955996,0.001724396718579389,13.671875,56.4588371911866,0.5178639680088963,0.9998784994624383,-0.002893385941004674,4
9.814166617377989,0.0017670322515679997,13.671875,57.82495878168185,0.011039455224818084,0.9995936404851107,-0.002644876861634799,4
9.814132807720643,0.001767787758284087,13.671875,57.846277799066264,0.3715802714662762,0.9996100621616391,-0.0023786615672549724,4
9.814227891154134,0.0017733058564060366,13.671875,58.01702611752237,-0.05531933161789008,0.9994106662540432,-0.0023645112464975413,4
9.81435766860822,0.001783587784786549,13.671875,58.3675394019764,0.3792856452600972,0.9992681856142038,-0.0023160067343676364,4
9.81424198870953,0.001780256115517425,13.671875,58.26955507516577,0.7833506833922002,0.9992688399543905,-0.0023839306128878397,4
9.813921597560075,0.001760918645237815,13.671875,57.602769511893065,0.9568497707199034,0.9989321142780901,-0.0024595972505004108,4
9.81389911584292,0.0017610425942772142,13.671875,57.60937563139054,0.10055503314409482,0.9991373350638861,-0.0029989332758016047,4
9.8136867537374,0.0017496842412256265,13.671875,57.21182793453556,1.518450754960213,0.9988502006707689,-0.0030919509341669803,4
9.814023954201852,0.0017636018062610927,13.671875,57.62154281793447,-0.09691911024128785,0.9989432995602039,-0.0032182023803860454,4
9.81386253978114,0.0017476647474086488,13.671875,57.07449946926754,0.9929058348740606,0.9986731283235434,-0.0034573587142687815,4
9.814034337633938,0.0017469209451000734,13.671875,57.02183646749077,-0.0068802258125894395,0.9987469590727434,-0.0028933636976452015,4
9.8136398447918,0.0017854494442635957,13.671875,58.21205658766202,0.09296291229232641,0.9985669794863381,-0.0024780016681453547,4
9.814108590605807,0.001746860591153232,13.671875,56.8484309318134,-0.4555232378055128,0.9986899432131399,-0.0024743695557584515,4
9.814149392582465,0.0017469543075263653,13.671875,56.86070416367356,0.2976909223968202,0.9984387101039257,-0.0022413607662803156,4
9.814281640505056,0.0017397499096478784,13.671875,56.59440744349199,0.1113025893670662,0.9983761860671372,-0.0022425337958545113,4
9.813881759117052,0.0017533891509272773,13.671875,56.94297936348307,0.6468221913479889,0.9984273167730185,-0.002151890815652729,4
9.813667207182968,0.0017322568890804455,13.671875,56.30459364715888,0.7436821440787753,0.9982568818479042,-0.002280998944852421,4
9.813888256856432,0.0017177133672332543,13.671875,55.880590253264145,-0.5453368343793651,0.998537472447399,-0.0024625706342255825,4
9.81412252658742,0.0017285400293342284,19.53125,56.179554784480075,0.355820434022462,0.9984468539409908,-0.00240210807910262,4
9.813919509530297,0.0017293163999451482,13.671875,56.1537267812975,0.430468709362079,0.9983486866224947,-0.0027004527014266384,4
9.814402901111825,0.0017752023051509954,13.671875,57.52437216947931,0.6159851662899504,0.9983911460770416,-0.0025587467581720006,4
9.814185907994379,0.0017852865273357192,19.53125,57.790153759544374,0.5694683139566526,0.9985314532774942,-0.002260292481124321,4
9.814138879493687,0.0017871186445738896,19.53125,57.8644637455382,0.6537227232802252,0.9987710158016138,-0.001957902781779057,4
9.814005603367347,0.0017735199255375553,19.53125,57.37802923590615,0.9154474264287273,0.9985069697839765,-0.001715013352275018,4
9.813894839469194,0.0017631408064841766,19.53125,57.071942604759144,-0.23702553909364119,0.9985038023046124,-0.0013704925968130368,4
9.814368525371094,0.0017823930629248307,19.53125,57.83920100923429,0.1241511029281052,0.9988699431331325,-0.0013875835880685647,4
9.814738328674585,0.0017712563581343743,24.21875,57.36904538751544,1.1899773422652895,0.9991330073589553,-0.0014163132411356574,4
9.814872124200667,0.0017765032102071063,24.21875,57.58008065994265,0.2504788071467677,0.999376710624955,-0.0014759295302472085,4
9.814585294743981,0.0017899739389206555,24.21875,58.10137206096141,0.9630256653787607,0.9993135729550152,-0.0018077174022151665,4
9.814953877897242,0.0018051364406608322,24.21875,58.69295214594448,0.8034260717698393,0.9988932826202765,-0.0019686769944150455,4
9.814983644150443,0.0018062250896529227,24.21875,58.72130478876611,1.287045388574673,0.9989465626975393,-0.0023168647021765514,4
9.815044700103122,0.0018032940108186936,24.21875,58.640211662039604,0.9487824705502135,0.9988859545139027,-0.0021463371280414176,4
9.81534626712663,0.0018231450072847234,24.21875,59.21445936341261,-0.023624756933713797,0.9993916907735987,-0.0017042035003196848,4
9.815260133599706,0.0018219891460321605,24.21875,59.15371711706041,0.8842424563554232,0.9995785236347959,-0.001899740219484039,4
9.81525251725182,0.0018221230466521833,24.21875,59.16014637898812,0.8950078268317156,0.9996624568516772,-0.002226210593986363,4
9.815269882604614,0.0018212202551678323,24.21875,59.13520437630151,1.5068694440536394,0.9997053206431377,-0.0016425052011722278,4
9.8151980342991,0.0018213646710201407,24.21875,59.15892709868469,0.37973475980834337,0.9995991856669861,-0.0015773840472389402,4
9.815174472480212,0.0018199231910042274,24.21875,59.10550224669819,0.9869421453865167,0.9991288897574832,-0.002128447727893591,4
9.815382989844236,0.0018185238247075302,24.21875,59.003277980491845,-0.10539672059530858,0.9991977181259245,-0.0020424845512458864,4
9.8157649188396,0.0017970592145904914,19.53125,58.40100468681608,0.11639749204793286,0.9986071893643803,-0.0019435628396685717,4
9.8157575795152,0.0017973344866915868,19.53125,58.411873567781875,0.49049492043801973,0.9988337493582803,-0.0026129691559646628,4
9.815767903400685,0.001797235680563577,19.53125,58.41123048443472,0.6284492360646254,0.9991189357520274,-0.0028938111981234946,4
9.815638980153873,0.0018037018694463407,19.53125,58.65492725667113,0.38833441161599086,0.9993546620897784,-0.00248500351541705,4
9.815659459007616,0.0018012620816236558,19.53125,58.57993333040142,0.12539665952135692,0.9997039087844254,-0.0020991895101403475,4
9.815940951939998,0.0018355312034102885,19.53125,59.6323740979262,0.9043306860379138,0.9995588640246013,-0.0021957125371507564,4
9.81579914614916,0.0018253927329011596,19.53125,59.26267957994936,1.4585120958896975,0.9993123164341993,-0.002089655053655818,4
9.81573087989305,0.001821217924402707,19.53125,59.14408569368813,-0.3614494000551834,0.9995466188596637,-0.0020043652182915096,4
9.815842290875127,0.0018209685870512005,19.53125,59.164972158949745,1.0452753228370664,0.9995147934340715,-0.0017157629817511537,4
9.816114431519969,0.001800362285543846,19.53125,58.41733540878822,0.9450666888466609,0.9998774073059593,-0.0015542047707911408,4
9.816487285367463,0.0018009965293331995,19.53125,58.536094422756904,0.6266331703433631,0.9997770658269741,-0.0017110864693921622,4
9.816304528262535,0.0017789708435279267,19.53125,57.859053152552065,0.048837146818793066,0.9996136978658724,-0.001989743217031169,4
9.81634600027647,0.001780019783235267,19.53125,57.9032627879407,0.11888591307797469,0.9996958386980326,-0.001941763096922845,4
9.816224666233031,0.0017774328722524478,19.53125,57.84663041891773,0.6657357026900476,0.9999758351879201,-0.0024702805286084826,4
9.816111178767109,0.0017854500468041587,19.53125,58.08305034676775,0.36586356827926164,0.9999613299817501,-0.0028043374232412923,4
9.815816627243326,0.0018000032091263103,19.53125,58.62640707456304,0.35391150580714265,0.9998861327137234,-0.003019103011799054,4
9.815573476703099,0.001804468062606872,19.53125,58.718243156151836,0.8979223626265593,0.9997055454332344,-0.002621579244031719,4
9.815921654648006,0.0017892167707241969,33.59375,58.13374683814728,1.0136349002629383,0.9995516710655407,-0.002758820375986141,4
9.815936431048245,0.0017889593071107905,33.59375,58.129068084914834,-0.04029178631996425,0.9996865842160776,-0.0024075723075284152,4
9.816332699280354,0.001791229200607836,33.59375,58.097718587220335,0.07319958421309518,0.9995824376764725,-0.0024035767469099824,4
9.815953614806325,0.0017971823034470757,33.59375,58.18201402958353,-0.4148472162523831,0.9996673925415868,-0.0023470559982777537,4
9.815888091085222,0.001787559238726838,33.59375,57.88650598667337,0.09423738874708458,0.9994483199021266,-0.0022057733199153055,4
9.816205034647226,0.0017768904648929275,31.640625,57.62881302200866,-0.42843420971621526,0.9992358175259339,-0.0018926953405753106,4
9.81627553164379,0.001774190869197177,33.59375,57.52048056136817,0.5257804058661956,0.999455479783593,-0.00236468864330354,4
9.816631695694818,0.001775598161334252,31.640625,57.663658373574556,1.0928971798894054,0.9997632772076508,-0.0024550746000470405,4
9.816387416662169,0.0017721628396417258,41.40625,57.61285566587458,-0.1698107529155095,0.9995842669416501,-0.0025416397189779514,4
9.81640597552403,0.0017728161775424627,41.40625,57.63879700600567,0.5890907745973285,0.9997903508061625,-0.0027868625505061656,4
9.816395008143894,0.0017711057464928545,41.40625,57.585417632084834,0.17939985040963316,0.9999388125515306,-0.0030271822000377596,4
9.816543340349318,0.0017804435911689556,31.640625,57.92671056638127,0.33843596381969593,1.0001006176761456,-0.0035798940472531837,4
9.816609159393135,0.0017820758425437762,31.640625,57.96470593544452,0.31299567746464163,1.0005376012749865,-0.0034549736506409466,4
9.816280458863684,0.0018022346182402925,33.59375,58.54366105145608,-0.369608127643005,1.0004598142345102,-0.0034796993344089738,4
9.816272854437651,0.001801379233353446,33.59375,58.517599788615364,-0.022281829359902378,1.0005192897428414,-0.003237365063346935,4
9.816365837046245,0.0018131509800241282,33.59375,58.92709336443475,0.9917348663778588,1.0005937527191717,-0.0033092699377327956,4
9.81628032125997,0.0018165532660027817,33.59375,59.059928500403004,0.5026132766821926,1.0000305219630123,-0.0034107059804213457,4
9.816294984843916,0.0018163784542690406,33.59375,59.057812899649925,0.49559241701596574,0.9998952359164797,-0.003171538095221498,4
9.816109019747037,0.0018269863867427464,41.40625,59.45000681029045,0.41233736500847346,0.9997734596318839,-0.002979578384714533,4
9.816264519822322,0.0018359956703474303,41.40625,59.780770976858726,0.009179833780459981,0.9997569466129446,-0.0030235075167982578,4
9.816416815927338,0.0018441536729339333,41.40625,60.01329287429698,0.03162419607421422,0.9996608391301355,-0.003248019018440224,4
9.81659959530263,0.0018442669436608593,41.40625,60.058586888399496,0.00817202764180062,0.9995928565103431,-0.0031366227802385664,4
9.816557245709346,0.0018449896797539615,41.40625,60.09159163494459,0.9851015414436309,0.9996317711332373,-0.003298863181975745,4
9.816669072319577,0.0018416578968397416,41.40625,60.006466456491665,0.4828449586239003,0.9996135662752543,-0.0030763783109969477,4
9.816453697252784,0.001837311041841339,31.640625,59.908040491111066,0.04911616003664676,0.999522049490855,-0.003258949343191425,4
9.816799238283563,0.0018526398311225268,41.40625,60.4745943040584,-0.5380310502635742,0.9994283010131548,-0.003181465202714355,4
9.816523100351496,0.001825609017328438,42.578125,59.63457653881323,0.20676591830609445,0.9997292044841496,-0.0029178249343589672,4
9.816545821324148,0.0018284818127802733,41.40625,59.732252345397,0.8583556085432065,0.9999429334230268,-0.003056010881745255,4
9.816618919884439,0.0018248565485867742,42.578125,59.60194988489662,0.4343954716847899,1.0001504719100207,-0.003159431616973738,4
9.816498723833613,0.0018191817678047,42.578125,59.39631177750893,0.3151405925200379,1.000488243349153,-0.00316212982480844,4
9.816347656855735,0.0018314396755587463,42.578125,59.822569317293265,0.7720042547540894,1.0005647657920644,-0.002818693128965347,4
9.816426078553842,0.0018312935695160499,41.40625,59.82995733922822,1.0364442045780986,1.0003807319248141,-0.003290243706440988,4
9.81604429297003,0.0018453536542746962,41.40625,60.34419624849916,0.6118910104050883,1.0005524916631443,-0.0035896756287573267,4
9.816647344590038,0.00184281899904019,31.640625,60.32621424662892,0.6466403398177741,1.0004677386673795,-0.003378934767705837,4
9.816852909754454,0.0018359848491357356,31.640625,60.082768324379145,1.4140824319535266,0.9998953459497465,-0.0033342665222105936,4
9.816920714103919,0.001836594154253889,31.640625,60.10947354672819,1.1424490097500286,0.9997205404175434,-0.0034989911126305116,4
9.816792098934611,0.0018535180724620313,31.640625,60.67599258839564,0.49151511237141676,0.99874285634638,-0.003613341932501207,4
9.817035168384193,0.0018234325101830426,31.640625,59.70978423371333,0.3016050468443912,0.9986737983070277,-0.003988686503923555,4
9.81709565025774,0.0018243413697447326,31.640625,59.735041833181235,1.158986906985471,0.9990109926389215,-0.00412913067245049,4
9.81702737515595,0.0018263989085071472,31.640625,59.79706837635942,0.4669381269717026,0.9988133810612488,-0.0043422851573103,4
9.816804185214071,0.0018257950571811895,49.21875,59.79378418592266,0.2323556402370741,0.9981211565411116,-0.004534467527596724,4
9.817122202989081,0.0018390940877416398,49.21875,60.24744144007665,0.2454645266504182,0.9981303703389653,-0.0038234153085396723,4
9.816759777662275,0.0018614654658099515,49.21875,60.99279645372945,0.4557441817232757,0.9984751709385556,-0.003993662491119975,4
9.816570303201505,0.0018710311512436521,49.21875,61.30089363113035,0.9629511243232022,0.9985932979759111,-0.004394238202392538,4
9.816306016424006,0.0018534605702858848,49.21875,60.731957026558035,0.5839883221002916,0.9981915857860616,-0.004368225041032787,4
9.816558609403177,0.0018714294862859496,49.21875,61.32299886823207,0.5225224522279556,0.9977417150387908,-0.0043859385318282896,4
9.816766656491428,0.0018652154637414727,49.21875,61.11783945686597,1.5363752586902895,0.9974821121805814,-0.004401659581571053,4
9.816919534848493,0.0018588513579494842,49.21875,60.91070720463158,0.13238772159578124,0.9975541432319384,-0.004424207007464036,4
9.816983506708077,0.0018628821865419268,49.21875,61.04238710384253,-0.005093724112763691,0.9971349122507118,-0.004423645757071724,4
9.816903693615759,0.0018593664696015917,49.21875,60.92630613718863,0.809792017526585,0.9971647132962653,-0.004170815807546862,4
9.817128321843471,0.0018516802726207947,49.21875,60.66973301985932,1.149034046762002,0.9969512994725215,-0.004088935991649823,4
9.817304710278739,0.0018594541224011192,49.21875,60.92844528444985,-0.1970351989463476,0.9970236738970968,-0.0031897782470552707,4
9.817566791527733,0.0018700403926332463,49.21875,61.268688559087515,1.549977916443216,0.9966890321300019,-0.0030424648693141267,4
9.81721370843552,0.00186893529343174,49.21875,61.216403455230626,1.0566031880116498,0.9967758059639856,-0.0028591833260818026,4
9.817112890705909,0.0018646918478865929,49.21875,61.08277708600436,1.1479261989649483,0.9970729793201801,-0.0029483594457636775,4
9.816989661016716,0.0018526870177594003,49.21875,60.68268394859809,0.6118191056327001,0.9969542484941568,-0.003265458998788747,4
9.817242673159082,0.0018441065973400753,49.21875,60.38460641888131,1.5341033140624252,0.9968348081630849,-0.00307610522829818,4
9.817723817633041,0.0018282803190514368,49.21875,59.89457953222156,0.6695177748915739,0.9972939779458007,-0.0031123844924943887,4
9.817489505622959,0.0018303898164375044,49.21875,59.97212290427086,0.7660832830054763,0.9973255371632612,-0.0031616823720157596,4
9.818027409573062,0.0018257261229139847,33.59375,59.825019996428935,0.39842628648451256,0.9970769510880161,-0.003428532027445206,4
9.81794303242728,0.0018190836440668393,34.765625,59.606535508182965,0.534883420545763,0.9972200049885477,-0.0030771433897899374,4
9.81806316088168,0.0018222320867910728,34.765625,59.7077259022688,0.5739311346126973,0.9976198104910433,-0.0029696649242361537,4
9.818253720787123,0.0018117949868771018,34.765625,59.36842056959575,0.2622319504468275,0.9975947346068322,-0.002953190921881388,4
9.818267949196565,0.0018110723738595025,34.765625,59.34462278170491,0.7222053734694782,0.997638141279914,-0.003001689956270668,4
9.818499557168977,0.0017904124299519195,49.21875,58.667928368441615,0.960826430869929,0.9974220210061303,-0.002987309713533358,4
9.81794045999415,0.0018202200574761885,49.21875,59.63088016856481,0.9335371656998177,0.9975553651017961,-0.003156918618505274,4
9.8182197694732,0.0018143770345668065,49.21875,59.42485617582373,0.40372291130067123,0.9976206998450914,-0.00328345798048332,4
9.81837564463702,0.0017977388402305586,49.21875,58.88841173717244,0.6078841997562753,0.997463109921672,-0.0035216293603161017,4
9.818167095477822,0.0017911120471359593,49.21875,58.68048934907126,1.2155861959933343,0.99731967805327,-0.0033606128589375923,4
9.818031893708872,0.0017916699105386758,49.21875,58.6931142383795,0.9312357837261516,0.9969265603938396,-0.003396491553662338,4
9.818050855263303,0.001792170918500246,49.21875,58.70864236246472,0.2743190729440054,0.9965365830742039,-0.0029609906161246857,4
9.817899971561689,0.0017979865854890957,49.21875,58.89129707122014,0.33479521591895417,0.9966039558392347,-0.0027976617295637045,4
9.81805049303202,0.0018043491671147426,49.21875,59.09040545897128,0.40198021086568286,0.9970208798822005,-0.002546976979544718,4
9.818098660703665,0.0018002892992579765,49.21875,58.960535129759634,0.27498364336012554,0.9971611403054377,-0.002335439176897683,4
9.81793328268374,0.0017815289995566637,49.21875,58.35550163416266,-0.4265051642517695,0.9973315929668547,-0.0017486452833856611,4
9.817778623936102,0.0017956743118329782,49.21875,58.809994528014556,-0.08236194302662625,0.9976586065715723,-0.0018366859792102097,4
9.817857287989629,0.001803901683664501,49.21875,59.074399423908325,0.7023454223563022,0.9975951366798275,-0.001276622218997235,4
9.817963893002982,0.0018094318597714344,49.21875,59.26254757534477,-0.2622786021711363,0.9973891835974265,-0.001219165907070403,4
9.818109998216423,0.0018071204911968518,49.21875,59.17711445723611,0.3838934517346691,0.9972263168355985,-0.0010689089856530077,4
9.818146574257703,0.0018047850925678203,49.21875,59.10314623658402,0.17249603031086735,0.9970551359647041,-0.0013226185440977523,4
9.817949722600016,0.0018023010445245508,49.21875,59.034011008938144,0.9583843323877469,0.9966326090446109,-0.0013940371023485102,4
9.817725031430186,0.001806742496007039,49.21875,59.165347311959444,0.3668370778686949,0.9968835090044755,-0.0011304594627736969,4
9.817705487121716,0.001807405471701741,49.21875,59.18843834223896,1.011356710006415,0.9970436664298153,-0.0015146638425259722,4
9.817541674527607,0.0018163547036374645,49.21875,59.46945771554666,0.9971941572172606,0.997001512955306,-0.0012292303466263565,4
9.817224867332452,0.0017921347693945632,49.21875,58.6978811768987,0.729313623590618,0.9970918196794616,-0.0009084191502076494,4
9.816932363341328,0.0017962785513519436,49.21875,58.81352775892033,0.5352352475650454,0.9971536250439504,-0.0010024919108979952,4
9.816805945488477,0.001784907784517768,49.21875,58.45032146633388,0.3300827236477441,0.996695068295059,-0.0009801845967255887,4
9.816733690911091,0.001780878675369073,49.21875,58.313056399870526,1.0222009336393967,0.9965805246853549,-0.000917695855215853,4
9.816578992856074,0.001784202057503853,49.21875,58.43275630598886,0.3331241242267424,0.9964556550417183,-0.0009549741950021488,4
9.81661840585917,0.0017810707876584956,49.21875,58.332651547422536,0.18949416499526706,0.9964165899187264,-0.0010417736933950464,4
9.816926333282538,0.0017982783137086243,49.21875,58.8742609057044,1.0208150026616447,0.9968018791780098,-0.0003526903974398009,4
9.817136716088601,0.0018235982971942881,49.21875,59.71981812211467,-0.3933579644059743,0.9967089976527759,-0.0005592268267479544,4
9.817138826771782,0.001823448189101223,49.21875,59.714754547668925,0.016747111506750418,0.9962630265368695,-0.0004891726793499665,4
9.817303551662778,0.001810904912155461,49.21875,59.314161922096986,-0.44807690343198675,0.9961005568117038,-0.00026847516447485497,4
9.81708925512176,0.0018208923689172418,49.21875,59.65233226425784,0.25646988473332993,0.9961678705337964,8.371199588512907e-05,4
9.817203049873633,0.0018195234894585349,49.21875,59.61204221558716,0.11191404977216735,0.9963892443649922,-5.940308535603013e-05,4
9.817276996895263,0.0018265610702355624,49.21875,59.8397794966564,0.47576537826049997,0.9958883107743903,-0.00017692195850111422,4
9.817472363692678,0.001833321468732824,49.21875,60.06810986226026,0.8851192722577252,0.9955802794377931,0.0002193383975516044,4
9.8177124551449,0.0018342248474047494,49.21875,60.088996294779975,0.35792643024615245,0.9958577188953824,0.00011007664839910391,4
9.81763422425872,0.0018400826464501675,49.21875,60.27728881090731,0.25416246331830433,0.9951819391059379,-0.00023627653241403525,4
9.817577665039241,0.0018408122654029438,49.21875,60.30388022407221,-0.19017257206481494,0.9949975779431587,-0.00014802814005368512,4
9.817818257777226,0.0018303609179139947,49.21875,59.9704819020498,0.7349930321252032,0.9953721291014874,0.00016131326042036036,4
9.8178682672153,0.0018339975131085268,49.21875,60.08807258239643,0.14013128360844954,0.9953424763065162,0.0008390256599054548,4
9.81808604050824,0.001834660512008583,19.53125,60.115451603142446,1.0471149876975687,0.9951611096612776,0.0006965290368966676,4
9.818144938060772,0.0018343289922376502,49.21875,60.10336587654966,0.537063173007482,0.9954578351056309,0.0008205187974988995,4
9.81808741102445,0.0018316363543881933,49.21875,60.013720013710035,1.1908058726827828,0.995723727553875,0.0007564440434105157,4
9.817945466606501,0.001831246318834939,49.21875,60.004034422096446,0.7885923880227589,0.9955848655646763,0.00029089737086448417,4
9.817563048756666,0.0018304524679629266,49.21875,59.96666951904994,1.1627560082694497,0.9956438152768224,0.00023233781600122112,4
9.817750921404052,0.0018158007852594185,49.21875,59.477475389538256,1.1597782980716147,0.9953484276313496,0.00013883366261474767,4
9.817704053149807,0.0018156049268156344,49.21875,59.468429874983485,0.8897833915301211,0.9958949247370096,0.00033976891413688154,4
9.817572057906533,0.001812458195627179,49.21875,59.37234978494165,1.0566218805215613,0.9956588104801801,0.000231671635991822,4
9.817577144825838,0.0018126401156464465,49.21875,59.37855909389379,0.6189668899229824,0.9952966472617195,8.411190237801502e-05,4
9.817943047926402,0.001815749148069878,49.21875,59.45825996524197,0.793918896735704,0.9947597369100506,0.0008584184164955152,4
9.817602035091449,0.0018126392332315703,49.21875,59.32778757397967,1.1990639242164132,0.9946227664565168,0.00082830873902317,4
9.817796554892642,0.0018031336935530654,49.21875,58.996601595402176,0.18186345439729243,0.9944649095767143,0.0008223858395562187,4
9.818139381392756,0.0018033585209948344,49.21875,59.037037368904805,0.5162063771082709,0.9941938460728141,0.0009618931736899047,4
9.818802894340418,0.001881133319262495,4.6875,61.51458794307933,0.2968682794162305,0.9942745137500097,0.0008692462761273219,4
9.818834286636118,0.001880452949001432,4.6875,61.49630175025371,0.611388532572164,0.9944083095198265,0.0006675832144527577,4
9.818916115063498,0.0018829105226964985,4.6875,61.56624840419751,-0.298392691808355,0.9943230788480317,0.00016761574824242188,4
9.818940516816761,0.0018825170474257033,4.6875,61.55655687811568,0.8354279653273503,0.9942312088294992,-0.0001696938673913506,4
9.818603304671141,0.001892188547839455,4.6875,61.913724084149045,1.2104420051788718,0.9943843531015399,0.00031060577384450235,4
9.818675024839788,0.001887139397860062,4.6875,61.75587340537237,0.7020920212101677,0.9941356931178355,0.00019762566306644064,4
9.818635115743616,0.0018904217061869817,4.6875,61.86751109211019,0.44575501028642367,0.9943173318948311,0.00020965173439439405,4
9.819102867075898,0.0018726992006848553,15.625,61.32685353928038,1.1221483989890355,0.9942071170741229,0.0002141348228873499,4
9.819314158048117,0.0018763541518579578,15.625,61.43029274119214,0.40345432662312913,0.9939365823756499,-0.00017401993928933273,4
9.81935313231205,0.0018783700569948237,15.625,61.499581489542024,1.6236767414460094,0.9937743077019411,-0.00029134058128038105,4
9.819528695107635,0.0018854685180165307,15.625,61.71684121903532,0.839577473456302,0.993541209421808,-8.170152862931393e-05,4
9.819847012134337,0.001859674005824919,49.21875,60.89793573260626,-0.04825385163591515,0.9937745201627739,0.0001335742819494355,4
9.819726695073937,0.001853956216309065,49.21875,60.718797704404324,0.15393976896060244,0.9942342996830611,0.00024714672301382287,4
9.819901057056498,0.001863415495022848,49.21875,61.03899164496189,0.3686470485202638,0.9940515997495691,0.000833006860573679,4
9.820140913195894,0.0018388933565967203,15.625,60.22085968605548,0.8105175324890297,0.994569786053557,0.000883776919164988,4
9.819978827180348,0.001823508626173084,15.625,59.704738285436,-0.30681440369274543,0.9950474892687899,0.0009963382865798114,4
9.820087465911888,0.001808927042469286,15.625,59.217925811876476,0.5849089823035077,0.9949487983116208,0.001331652269397676,4
9.820096640727794,0.001808341493544844,15.625,59.199528785448706,0.5521968145064117,0.9949386964675185,0.001368611502752268,4
9.820150549725891,0.0018061335280965575,15.625,59.122455887859864,-0.18973908450910434,0.994745616637269,0.001356545561281443,4
9.82027865318746,0.0018074528318379537,15.625,59.17659691190752,-0.6207780632078842,0.9948533456938256,0.0014997298159826315,4
9.820249340037044,0.0018072074651826313,15.625,59.17090202170909,0.4906865768607531,0.9952063000421573,0.0015947389800260426,4
9.82011629959717,0.0018002424776953475,15.625,58.931576826168595,0.298807940571957,0.9951126242315069,0.0015504119008861214,4
9.820268884784612,0.0017930123397794972,15.625,58.68050491249321,0.05157184623991876,0.9946682431694042,0.0015421165058761839,4
9.820098592108206,0.0017941084971173221,15.625,58.698824677433066,0.10562901052253437,0.9946163193737607,0.0015539479520783968,4
9.820353444090136,0.0017962033807869663,15.625,58.73758143643769,0.6539133523025763,0.9944854466074327,0.0018358313491726164,4
9.820253966409568,0.001806053400534265,15.625,59.047525392431176,-0.050435471812913114,0.994782678567375,0.0014214739000451826,4
9.820440768472913,0.0018086926312478383,15.625,59.1081787824357,0.8430245241712934,0.9947339744235999,0.0021430927017513685,4
9.820147661754811,0.0017806214182321848,15.625,58.14320442717278,0.46726685175599414,0.9946893824479842,0.001799720542236974,4
9.820298603173727,0.0017636352653531496,15.625,57.56116172501106,0.2541780250455001,0.9947793473064466,0.001701436458545701,4
9.820465885030192,0.0017489428486572986,15.625,57.10782559092214,0.5600038667713912,0.9947326250084587,0.0017402001824267125,4
9.820618179248727,0.0017297535835389738,15.625,56.45351963798986,-0.8173073817742988,0.9946291725507755,0.0018911625940583633,4
9.820974846486632,0.001723655157101894,15.625,56.31104623204406,0.6940281021743431,0.9943218904643527,0.0019058312533033464,4
9.821003149240113,0.0017221551207915312,15.625,56.25764587860522,0.7170724306646056,0.9946091395786202,0.0021198620517099594,4
9.8211622491224,0.0016969395804143923,15.625,55.45457597883001,-0.2552986772134318,0.9950242603481044,0.0021980292188297666,4
9.82125524654183,0.0017040253096328578,15.625,55.67340580870482,0.6692649944404062,0.9947098343995013,0.002678716986479721,4
9.820882022063369,0.001701777618071575,15.625,55.540452931701026,0.6246634234654872,0.9947138812543554,0.0024449714752172434,4
9.82127351910291,0.001686576326697763,15.625,54.97032293617802,-0.41543153031307156,0.9946438262923388,0.002051357263411136,4
9.821391268498957,0.0016733948826825448,15.625,54.561109069767724,-0.1725851920370284,0.9948485780548868,0.001852910009998078,4
9.821278257120824,0.0016723548445870052,15.625,54.54797621179929,0.77131579794271,0.994565490846945,0.0022475556244224617,4
9.82128396784901,0.0016723060081242217,15.625,54.54741222850093,0.8410950281771269,0.9944965493672984,0.002099732836300674,4
9.82116035412841,0.001680415424468673,15.625,54.835049149123186,0.1566133755550254,0.994299612556895,0.001880259526371603,4
9.821155904555265,0.001680256823465732,15.625,54.82908090595021,0.4680164705569041,0.9942411213016087,0.001772901418067416,4
9.821144379140044,0.00168046623636331,15.625,54.83793787467081,0.7324772709386403,0.9944558954552168,0.001807042214707517,4
9.821028138374345,0.001673061293310975,15.625,54.57477380109002,0.5636030646467892,0.9940397441722114,0.0018341748048396583,4
9.821237857331521,0.0017017825997725279,15.625,55.47665381885411,0.5141622226534915,0.9942434326432414,0.0013625455760501637,4
9.82126392454181,0.0017012083978890224,15.625,55.462875068369975,0.5216245132457212,0.9945189029602737,0.0015328409729550188,4
9.82137423281024,0.001701563446179731,15.625,55.4528910713369,0.452947298734216,0.9944468944270043,0.0015951767432245902,4
9.821271657357698,0.001700452817668403,15.625,55.39567971131001,0.6152236102110086,0.9938993227956808,0.0014996773029552015,4
9.821272900354813,0.0017005513029132457,15.625,55.39865037373506,0.5573552680604431,0.9938786788756906,0.0018592399848909903,4
9.821746315680148,0.0017024939652516818,15.625,55.55267570118786,0.6137522195507094,0.993394622749095,0.0022753756340507967,4
9.821769836685633,0.0017029550012267836,15.625,55.56363985668624,0.7548917126478045,0.9934914973992522,0.0025024431440871363,4
9.821771614858834,0.0017029065684318915,15.625,55.5623672913404,0.1418056860808671,0.9937478264503299,0.002738977319975037,4
9.821896032474342,0.0016949777117572856,15.625,55.28005053184149,0.4517345191416098,0.9938395612620944,0.002447272613138924,4
9.821805861513853,0.0016859353202639366,15.625,54.96680576316126,0.15080503806772563,0.9937010144892255,0.0024567490373873214,4
9.821838939191183,0.0016832530572156012,15.625,54.872564278438446,0.3126440937448933,0.9936628938621823,0.0023817267261227945,4
9.821705560707024,0.0016847984617722842,15.625,54.89687528013053,1.1605910834429476,0.9937067070256804,0.0022971483564679764,4
9.821310351974773,0.0016586688371184463,15.625,54.11528289897245,0.6825235041542328,0.9939507987368834,0.0021858528640762063,4
9.821214626404034,0.0016590923762111764,15.625,54.112025962298425,-0.027565546943757607,0.9941063520619419,0.0018928249460540272,4
9.821250150934318,0.0016609545194737844,15.625,54.16653277939074,2.1412689015948367,0.9937596353614916,0.00225956535622594,4
9.821177202072361,0.001663127128179424,15.625,54.22409349445626,1.333362650343285,0.9936441633950924,0.002659823691151559,4
9.821232427471484,0.0016660718701097747,15.625,54.310035354774996,0.877205758508353,0.993276207410465,0.0025166669497040457,4
9.821320909833743,0.0016685901472177132,15.625,54.40936340004372,1.0517069509102537,0.9931347068168277,0.0030341679085765802,4
9.821463810815954,0.0016818494115669177,15.625,54.81644101831693,0.17059879530279431,0.9930002292695789,0.003230375879183325,4
9.821332285828195,0.0016820442702328577,15.625,54.79642286922265,0.23050090060496586,0.9927241670864282,0.003044306953516242,4
9.82131659292436,0.0016842150411424354,15.625,54.8707645612312,-0.24137068542161919,0.9928108249516281,0.00295173136204081,4
9.821401389368344,0.001679749296541418,15.625,54.74149632544145,1.4919589663780546,0.9929455593747093,0.0028573848709585476,4
9.821646309616098,0.0016703383296594377,15.625,54.38254248477976,-0.07943966414798827,0.9933095438619939,0.0024544065122507892,4
9.821591755387535,0.001674901436038549,15.625,54.5202657237571,-0.14276820671390547,0.9935854539923263,0.002029905319127077,4
9.821751995854193,0.0016851544448101047,15.625,54.82044684786655,0.6014009244887953,0.9935152398672678,0.0019833424322614978,4
9.821458530038953,0.0016732271783930462,15.625,54.35970606308657,0.586328182350068,0.993544748522825,0.0015735660584591375,4
9.821759224222808,0.001672393640225087,15.625,54.25490830999003,1.0549600563766337,0.9934831178544657,0.001469224912224891,4
9.821946477052741,0.0016554791512238146,15.625,53.749602640806465,0.24916878268292444,0.9933643775684378,0.0013544254072299761,4
9.8219178815935,0.0016557669985142653,15.625,53.76630748419296,0.11400521950660429,0.9932196942811315,0.001464172726391944,4
9.821816200584575,0.00166046377210522,15.625,53.89410738802151,0.033579715169859504,0.9929838703113909,0.0016663249403537793,4
9.82167733712838,0.0016753085422285777,15.625,54.41602123128833,1.0067606087589713,0.9930837046756213,0.0016447753237161687,4
9.821793563971923,0.001670020869420596,15.625,54.271479882363224,0.8224337870415184,0.9931218481435193,0.0014652637712704959,4
9.821666975438001,0.0016727690628256257,15.625,54.39181144694109,0.8939915912063346,0.992894657925953,0.001462019079932368,4
9.822030507045868,0.0016738790583452176,15.625,54.50929864276717,1.5858924312051386,0.9929567341708717,0.0014040392398549392,4
9.821658872497313,0.0016824631748442258,15.625,54.864553196969254,0.5141405551003118,0.9936161506720187,0.0008215893441415751,4
9.82164811236996,0.0016841479338530474,15.625,54.91774492192114,1.3203661971783731,0.9936507260034937,0.0008409441334906911,4
9.821741243319584,0.0016845764296601643,15.625,54.91403330712583,0.8243172960574157,0.9932417853268561,0.0006909216303364621,4
9.821765076270463,0.0016876496415850664,15.625,55.019333457027834,0.606541984136129,0.9932236786576699,0.0008068863236052634,4
9.821966554400598,0.0016773888737883899,15.625,54.643072650718615,0.8858233082998291,0.9928097901376468,0.0006485292328509074,4
9.821718589644975,0.0016670616410138083,15.625,54.25174464308821,0.6760238064028575,0.9926446658650258,0.0004450287337630875,4
9.821084393217978,0.001645171000188636,41.796875,53.66176769116082,0.8146936718452101,0.9926917770379139,0.0003498011500240888,4
9.821301752871335,0.0016474654906299207,41.796875,53.77453041821784,0.6389294021488846,0.9925048628028138,5.991787136803284e-05,4
9.821066720810718,0.0016455383096196576,41.796875,53.74852849014386,0.6174382871092045,0.9927345194979413,-0.00016737353324137135,4
9.820734360906874,0.0016408351655902377,15.625,53.54082482194348,0.12238189425382491,0.993060612523898,-0.00024501432279634726,4
9.820824062675726,0.0016416596679051138,15.625,53.55213765466887,0.19871334284471232,0.9928741911756983,0.00025672959428874037,4
9.82080469018673,0.0016424362884948733,15.625,53.57412509641054,-0.2750866685601068,0.9932111773809785,0.0002477342504433803,4
9.820796969671978,0.0016426449434661886,15.625,53.58234450693822,-0.059224816769225676,0.9930597365395039,0.0004506271404991054,4
9.820486913926155,0.0016717750537959602,15.625,54.478298957332875,-0.47559879376907094,0.993077213157154,0.00021731959733314158,4
9.820360995052468,0.001661421406263492,15.625,54.163581139144284,0.10735196469007253,0.9933069586284378,0.0002806064397339977,4
9.820364517916165,0.0016615816068719677,15.625,54.169502505861644,0.26757050763869,0.9934531993387065,0.00033078051495646725,4
9.820319150390109,0.0016608897587979622,15.625,54.15541226215222,0.29594003344148706,0.9938130737468737,-0.00025110161516457585,4
9.820782678857766,0.001617586730753046,15.625,52.81639491783822,1.2219132865611755,0.9939958522423178,-0.00016162827259816147,4
9.820878409415265,0.0016222076137885077,15.625,52.952456859299346,0.18128044033801416,0.9942646021958919,-2.55717109853349e-06,4
9.821095343714036,0.0016340438908491654,15.625,53.37424260788135,-0.0042726142225243775,0.9946087808042956,0.0001973325844330171,4
9.821023143040696,0.0016378554952163169,15.625,53.509751418254375,0.08161215633663232,0.9944046184830164,0.00019936634569145992,4
9.821439294518726,0.001619444074833933,15.625,52.96094161784658,0.014771675889884742,0.9941826768348491,0.00014157127207827623,4
9.821544525646186,0.0016252395608584097,15.625,53.13814005919191,0.5391782307063598,0.9940484018841017,8.550051442911797e-06,4
9.821514680095872,0.0016262050193221508,15.625,53.16603985666406,0.9446562332013855,0.9936762266582113,8.57761228764727e-06,4
9.821378471242447,0.001618517972946152,15.625,52.93072789032395,1.2117721776182104,0.994405613860688,0.0003266548967355957,4
9.821552069643383,0.0016139620833861652,15.625,52.80080579993034,-0.09689060182184524,0.9947262897026097,0.00029866251425782176,4
9.821291210775929,0.001578127269253648,15.625,51.65195634978933,-0.165885575524347,0.9947750210751218,9.103160968063518e-05,4
9.821438087242656,0.00156658822875647,15.625,51.28617613156638,0.4988979701605179,0.9948536467802107,-0.0004074484716835148,4
9.821359190823683,0.001573347037554472,15.625,51.51368886673193,0.38723123676269705,0.994440659698168,-0.0005564633696583473,4
9.821342616930055,0.0015725330067782458,15.625,51.4857797024115,-0.11037426287051251,0.9941171189278981,-0.00020226737854609405,4
9.821061933343396,0.0015784301049645104,15.625,51.69750182297873,0.41581709430829505,0.9941645493953933,-0.0003543444951756683,4
9.820904256992725,0.00156142642496286,15.625,51.13057611388166,-0.5175850492450991,0.9937640613590704,-0.00017019694935000904,4
9.820767595824272,0.0015591026143954726,15.625,51.06297335245433,1.0259722701618255,0.9934336553767585,-0.00022775417485717406,4
9.820768826669239,0.0015591787498293822,15.625,51.065539547535785,0.6890947590303161,0.9931984735304457,-5.840132924988842e-05,4
9.821151914927745,0.0015458529045378501,15.625,50.60186560567339,0.7031964858433639,0.9931706617950924,0.00037043606709985554,4
9.820917637653508,0.0015310959694827106,15.625,50.09705141012804,0.28604056191640365,0.9933085768978377,0.00043447608817544377,4
9.820533684386879,0.0015562880697576839,15.625,50.955503969601445,0.5697582747173632,0.993500541099737,0.0005840306733952514,4
9.820678645815452,0.0015553530721967562,15.625,50.93479678703485,1.5556078377048834,0.993692073802325,0.00015654218681111095,4
9.820473060466217,0.00153898092916082,15.625,50.41003686075419,0.5355747712734834,0.9933859508497168,0.00023535533626142547,4
9.820155568198537,0.0015707082552262872,15.625,51.4304102695649,0.6556203275795269,0.9931589073710048,0.0001292816871995296,4
9.820303086071066,0.0015719308982499727,15.625,51.45927364179609,1.2807424387477415,0.9934587519581045,0.0006625606844905061,4
9.820111961997945,0.0015922594219863252,15.625,52.108766910957215,1.1265102005600056,0.993457128230857,0.0003354856701972798,4
9.820028018838473,0.00159658792494204,15.625,52.25820292563305,-0.07651429874143408,0.99319673751003,0.0003821666559777648,4
9.820378486317694,0.0016438423277746752,15.625,53.833375262483756,-0.0852114515582798,0.9931193998816298,0.0005118268900616607,4
9.820360295735401,0.0016432632977772194,15.625,53.81556977197239,0.12854258850226566,0.992753938820466,0.0003875804600665882,4
9.82037532341819,0.0016438017798350519,15.625,53.834163443550565,0.5984192042706127,0.993010296306088,0.00019859698577801105,4
9.820717155724665,0.0016569807003170072,15.625,54.240769984107295,0.16034396567556541,0.9930560699508758,0.0006722309493861548,4
9.820832756946139,0.0016584421036497606,15.625,54.29805001742694,0.873012988755363,0.9929148652390566,0.0008153988747523269,4
9.820948707842907,0.0016510385415176101,48.828125,54.04602758435341,-0.0730523867920662,0.9931658288215645,0.0006985760477951275,4
9.821399298745922,0.0016467161840650864,15.625,53.9360679632785,0.17517390309027783,0.993157230009541,0.0004190153682285273,4
9.821113835056659,0.001615369023801316,15.625,52.922066473682676,0.7084243443556867,0.9937452729109555,0.0005665424443298315,4
9.821136120527008,0.001616046243639979,15.625,52.945061986923015,1.6674600942084605,0.9938503278729309,0.00020546696770153892,4
9.820959757506575,0.0016181689767551658,15.625,53.019837364515844,2.0315435915266185,0.9938276526335122,4.06851615547862e-05,4
9.820667820305593,0.0016352493802209028,15.625,53.5697855256809,0.4145906067788019,0.9938109895284291,4.4336087289098466e-05,4
9.820709503844533,0.001635049260908204,15.625,53.56138126910847,0.35061463515497354,0.9937171703951366,0.00024168521276474983,4
9.820502388900772,0.0016276925307501706,15.625,53.309451386449396,1.459204581644978,0.9945177893009397,0.0004478299858471828,4
9.820173986712684,0.0016336768192528306,15.625,53.52146623711948,0.8575902116669264,0.9949525912726556,0.0005211967291935992,4
9.820298412096266,0.001641134948359356,15.625,53.77004038184901,0.2700812057604101,0.9946010941278233,0.0007230327309678236,4
9.820461202925477,0.001645000344772207,15.625,53.891020099552584,0.9079612009227276,0.994689134011601,0.0013206370235346746,4
9.820834234241588,0.0016400912276562287,41.796875,53.740607510298354,0.36639151461349684,0.9947859783100186,0.0016579817963283325,4
9.821236218933949,0.0016272085740386465,7.8125,53.306826932964015,-0.10346842485644932,0.9946079821922902,0.0018816510493193423,4
9.821284629332258,0.0016233673673518101,7.8125,53.182921153466125,0.16239567039034833,0.9946958125177409,0.0014819058405298718,4
9.821056499874715,0.0016288234798981045,7.8125,53.36888971172763,-0.04403849890998875,0.9947374715871885,0.0015453964160360594,4
9.821318828277871,0.001640102975114805,7.8125,53.74253966354478,1.0390919871388178,0.9944082412265012,0.0016388567815694352,4
9.821195035192087,0.0016320270758470984,7.8125,53.47825042319379,0.21400600583122772,0.9948976904575481,0.001881578339800851,4
9.821359324214098,0.0016187263062504436,7.8125,53.041313584602186,0.5379677121515366,0.994674340313488,0.0016842909902400128,4
9.821311265824738,0.0016135860805570178,7.8125,52.87222330649952,0.15461785732865488,0.9951017916926852,0.0018329334094205757,4
9.821438020681443,0.0016223662885138297,7.8125,53.15747854299947,1.4872385718081205,0.9953289321563009,0.0018407846272626934,4
9.821565812867439,0.0016226148436205108,7.8125,53.16809355871739,0.6247798072593772,0.9953066138550128,0.002119333065594087,4
9.821736418897972,0.0016445222588141832,7.8125,53.88241839230404,0.14774345565213784,0.9954949753891317,0.0019000426949453031,4
9.821648898955752,0.00165163269732052,7.8125,54.11285833428405,-0.24578576421724088,0.9958099567861356,0.0025893152005875162,4
9.821702924657231,0.0016539680539495692,7.8125,54.18755558643094,0.21652237753247996,0.9956479937579027,0.0025485125057901734,4
9.821222509160487,0.0016443416110723573,15.625,53.8474503234444,0.356742869658774,0.9958866901944976,0.002551767039115604,4
9.821154778117732,0.0016393195439395574,15.625,53.68728066030389,0.8903746526739269,0.9957142461132077,0.002396891066377963,4
9.820995382216706,0.0016406192997956194,15.625,53.71905293388223,-0.4661040693887723,0.9958012135113999,0.002377076396143603,4
9.821046208613598,0.0016334214459473282,15.625,53.47939397395718,1.3909349916818126,0.9956543711888476,0.002607054138425894,4
9.820667901074103,0.001631707381708541,49.609375,53.389626254928835,0.33988187337551307,0.9962415254272204,0.0024777416682439752,4
9.820683315091582,0.001633952257755379,49.609375,53.46161841730063,0.0845518934474967,0.9963948053208148,0.002767387428868744,4
9.82084943701559,0.001629294714777796,49.609375,53.32507783305189,0.9696920350082413,0.9962239598850079,0.0026663570207685863,4
9.820937917434662,0.0016297611241638805,49.609375,53.33202284035287,0.7543076376387035,0.996225852166642,0.0028722716577872613,4
9.82094765456663,0.0016286740851075973,49.609375,53.29734548528567,0.12392497921731167,0.9961737699000957,0.0028194974679900684,4
9.820876035477776,0.0016236635514039355,49.609375,53.13990348742669,-0.21587388654976772,0.9962969380195041,0.002783895418107701,4
9.82069520806816,0.0016169055253812924,49.609375,52.9007839031838,0.3235537070480253,0.9962000649665746,0.003000416576946277,4
9.82052965661318,0.0016174317129678559,49.609375,52.93428852791615,0.4742988003818027,0.996181880901922,0.00269956617402584,4
9.820870287172575,0.0016348212005084088,49.609375,53.53191830552988,0.8898264173561378,0.9960464799004718,0.0029863392250377607,4
9.821083263620787,0.0016443259482393016,49.609375,53.82687212365751,0.32768300999790273,0.9960407282335962,0.002910193242333894,4
9.821183739535652,0.001642479633478552,49.609375,53.774525625097745,0.643664618061545,0.9963947455284522,0.0026373272766014536,4
9.820968270019856,0.0016276637472808794,17.578125,53.30429311799333,-0.581478703465109,0.9964425077560382,0.002534902423052885,4
9.821109316205481,0.0016353578274469669,17.578125,53.56475054498001,0.7236402702280126,0.9962019098053061,0.0025267553529494126,4
9.820974154851122,0.0016233772923490571,17.578125,53.17893898876687,0.6283203716059992,0.996308373341045,0.002658988417447639,4
9.820753975319166,0.0016444727619774498,7.8125,53.85855903984435,-0.13489963610239405,0.9958376651495665,0.0030777175183241538,4
9.820923609393489,0.0016531764995281113,7.8125,54.132631291926224,0.7732368136457808,0.9956606440819727,0.0028568293885748576,4
9.82105176012202,0.0016408563763010912,7.8125,53.73750926985397,-0.052467336205154425,0.9960707185333466,0.002876639286653563,4
9.821097039850494,0.0016417814148368042,49.609375,53.76491096943651,0.6806168815540635,0.9959188732905778,0.0033023621182024544,4
9.821534967159996,0.0016274977458852822,7.8125,53.31937320406041,0.03367540398418593,0.9958628883435358,0.0029163060123591125,4
9.8214329828462,0.0016158925562003712,7.8125,52.942532061834996,1.233124697226837,0.995655713015197,0.0027600516740569577,4
9.821298512434375,0.001619157046776252,7.8125,53.0448269815899,-0.18668337597046047,0.9957975775347271,0.002650017482154333,4
9.82135932555802,0.0016211655877113877,7.8125,53.10813906449075,0.4496924899273533,0.9960112280320815,0.0024268953848119,4
9.821395509242556,0.0016152209632821202,7.8125,52.914864561342974,0.14576301138367853,0.9962349904969546,0.002697780740584232,4
9.821517879416982,0.0016104109464401921,7.8125,52.75176737513603,0.8110858586066266,0.9957653377144529,0.0027011949830067724,4
9.82164738644022,0.001617485874286129,7.8125,52.989370631012065,0.2679230191812773,0.9956472559329891,0.002864720037715395,4
9.821694067166835,0.001615390722253226,7.8125,52.91876286199472,-0.7088951591686055,0.9958197486602922,0.002586639832267534,4
9.821997981462507,0.001619496754922875,7.8125,53.06346800586485,0.36465471632254776,0.9962429120150509,0.0027028346855476966,4
9.821840611595885,0.0016080036915968178,7.8125,52.68974486337779,0.03433562226806922,0.9961344396625903,0.0021849707777189184,4
9.822289141679926,0.0015856077697038193,41.015625,51.955183032056695,0.4355377241675645,0.9961082847135662,0.0020149927651042236,4
9.822477079609616,0.0015738964462797226,14.84375,51.57332126779769,1.0426362897887884,0.9958310618261755,0.002345010091654428,4
9.822544967265403,0.0015741720097038126,14.84375,51.58193351064349,1.185182312795708,0.996029246618689,0.002225885255081551,4
9.82246765818218,0.0015661424945750155,14.84375,51.31797918845342,0.46597836312503205,0.9963011989147983,0.0021615731135376792,4
9.822304311483865,0.0015710219464026608,14.84375,51.47919008428039,0.3864138372094506,0.9969422025956963,0.0020493011447729726,4
9.822281458541577,0.0015714616743096855,14.84375,51.493519479970736,1.2447293148106837,0.9966124847745508,0.0022068929661615013,4
9.821969375051715,0.0015748493305349806,14.84375,51.602655570614324,0.5226521754351173,0.9970526510945781,0.0022132688184953084,4
9.82183162036855,0.0015778195652304695,14.84375,51.70159683346006,1.0085850855963752,0.9967528760163301,0.0019153019349535557,4
9.821911283989795,0.0015805257711700865,14.84375,51.7906388118824,0.8129479571083115,0.9968663950734452,0.0017451712747907006,4
9.821849857457282,0.001576583755980773,14.84375,51.66146432747974,0.4398200999785331,0.9967239207392172,0.001354383602583439,4
9.82177775227828,0.0015707958118837367,14.84375,51.47178271503915,0.6415414837732291,0.9966756901969082,0.0018243154133836552,4
9.822114464665514,0.0015673705170579776,41.015625,51.35492806027423,-0.09297055838396773,0.9967147033446395,0.001905744307602767,4
9.822012472261717,0.0015693725729805607,14.84375,51.41766744818314,0.6841967877965848,0.996538708833929,0.0016251872184349526,4
9.822060961165068,0.00157268503441412,14.84375,51.524609502533345,0.4731234200941496,0.9971310746516487,0.0017300576733769435,4
9.821975862202683,0.0015727473092156093,41.015625,51.52346838274499,1.0039761480644909,0.9974181395759346,0.0015293310269380257,4
9.821760196311796,0.0015670753040771448,38.28125,51.34474887932684,0.5054955742040571,0.996982998269749,0.001761001301511942,4
9.822138409120816,0.001574318223305399,38.28125,51.58724749030916,1.0472811507327908,0.9969298374810039,0.0017024194744847212,4
9.8218888088769,0.0015601845289299273,38.28125,51.1223868347179,0.760766009939592,0.9966246022493889,0.0018839553659573463,4
9.821630600704149,0.0015644519705072116,38.28125,51.263936872189724,0.5329907970384132,0.9966706926180209,0.0017208748608306857,4
9.821436991380759,0.0015643868275548446,14.84375,51.26092652221493,0.15308315076011544,0.996300091304272,0.002250630332084915,4
9.821494846857664,0.0015645146117133622,14.84375,51.2643753289886,0.22118758823368503,0.996747036115369,0.002451269488129413,4
9.82157259690144,0.0015618877546909212,14.84375,51.17924013649724,0.3599054988832601,0.996604491251716,0.0023989412878623407,4
9.821699154647575,0.0015613794943295728,14.84375,51.16085026742255,0.8618407265821588,0.997287123117888,0.0022476052318383764,4
9.822152414019179,0.0015215743073638578,14.84375,49.85787609374805,0.6203169346311673,0.9974829163764521,0.0018422957044567042,4
9.822032455478857,0.0015201528381630733,14.84375,49.809404699868274,-0.02877935547561113,0.997266353292473,0.0018007793991205656,4
9.822014050386315,0.001521606826901409,14.84375,49.85740064282303,1.1497419126705306,0.9972182622250169,0.001877038264349733,4
9.82211987194016,0.0015213831454488405,14.84375,49.85166206776638,1.3505900915370148,0.9971352362863747,0.0016042415704079348,4
9.822287965167261,0.0015207250958908564,14.84375,49.82722883404743,1.3719463181308431,0.9967760762072416,0.0018677183141748955,4
9.822085347995854,0.001526577510089661,14.84375,50.013079685577495,0.374722480114239,0.9969339075738152,0.0015551981686187219,4
9.822119965363925,0.0015239271107502059,14.84375,49.92495067580668,0.30299240223272744,0.9967887599313902,0.0010807935723719116,4
9.821623415826844,0.0015507933415929572,8.203125,50.778290111245774,-0.18750374924275093,0.9970643665473986,0.0009164681933485056,4
9.821480267805988,0.0015673349048584669,8.203125,51.32976926589008,1.3716681578431842,0.9972097870797095,0.0007228687293590369,4
9.821193008624139,0.0015699425180421345,8.203125,51.39490506032099,0.7304565530115118,0.9972092655310464,8.942698049633471e-05,4
9.821601731084508,0.0015562486946595173,8.203125,50.907966104551505,-0.5239847486385164,0.9975047136602521,0.00032271716314931153,4
9.82143428191242,0.0015437804932822634,8.203125,50.48058842403873,0.687509352791191,0.9974397008851259,0.00023486200422503657,4
9.821212021352162,0.0015403482473191447,8.203125,50.39270131965194,0.21721977821046798,0.9976470609742139,0.00013528379279428233,4
9.821443850387466,0.0015575845728859456,8.203125,50.97969065996981,0.2156318355749439,0.9978156956270012,0.00014370297732261317,4
9.82172810542782,0.0015608156631691757,8.203125,51.057871347543255,0.5510603177244775,0.9981691662212224,0.0006011317333133276,4
9.821919338019574,0.0015615096951169972,8.203125,51.09982856310146,0.46270831295623793,0.9981448989665768,0.0012586758919288783,4
9.822194911192895,0.0015573263239590188,8.203125,50.93429648924337,0.9558899831342084,0.9979213131482477,0.0011625219472053945,4
9.822188415544714,0.001557648123000203,8.203125,50.94411052319884,0.4154167560858089,0.997832614073511,0.00166023396213675,4
9.822467816714061,0.001548022945352731,8.203125,50.59466615284524,0.1850469949846835,0.998302752904177,0.0014109557694712651,4
9.822476864348081,0.0015479097186413236,8.203125,50.59213859577488,0.37228536040493054,0.9979338613209057,0.0012170989682395248,4
9.822653361069994,0.0015382310905461395,8.203125,50.25095021947258,0.7923441006557065,0.9977911083380502,0.0010324361929914267,4
9.822365822063523,0.0015460831873207923,8.203125,50.464712346313554,0.6057672760204392,0.9979729104049281,0.0008428263696578909,4
9.822303840447981,0.0015454467481761365,8.203125,50.453700060800294,0.4707936670856725,0.9979135051318191,0.0007114841243512774,4
9.822542953683376,0.001542719219636324,8.203125,50.39993593574282,0.9393111530601649,0.9982285880424736,0.0008846418485186957,4
9.822752166672055,0.001536882783600453,8.203125,50.17773414372265,0.09578184242491261,0.9981364344523526,0.0010193570129728006,4
9.822395696742845,0.0015255285913948619,8.203125,49.74633194285026,-0.4660568204223334,0.9984650845077404,0.0006595291479432235,4
9.822000988611268,0.001500728667922378,8.203125,48.99890772489205,0.3003541635941171,0.998597978239348,0.00085488784876424,4
9.82228377135426,0.0014984113341658452,8.203125,48.96342121070958,1.3659276695628553,0.9988351679083415,0.0007146391238721248,4
9.822503477405558,0.001501030807893854,8.203125,49.0182845427237,0.022991803272210138,0.9986052180080823,0.0007544305580677425,4
9.822520081272074,0.0014992401497400045,8.203125,48.96205937768541,-0.15534966948568277,0.9982887511024366,0.0005024099156503125,4
9.822584840434956,0.0015007210501647218,8.203125,49.000923359834175,0.6570187097422604,0.9981821894916898,0.00042004260200318713,4
9.822481417736533,0.0014927535109768707,8.203125,48.723842255262824,0.9403200213249269,0.9982985863924686,0.0002721330940467579,4
9.822253153547733,0.001489056389523077,8.203125,48.63707650995893,0.31775630387225345,0.9983598825523674,0.00013308959232658613,4
9.822238239244145,0.0014882793331257697,8.203125,48.60947177543098,0.39831743835262995,0.9980037069751876,0.0003175720034583982,4
9.822205877934246,0.00149191309988957,8.203125,48.733172618308544,0.5569741496753219,0.9980975278909409,0.0004150684052904146,4
9.822436808519075,0.0014970647417728569,8.203125,48.93302593126565,1.0398512885876698,0.9978501780348457,0.0007942154739825532,4
9.822413183629868,0.001497002142801993,8.203125,48.933953552418146,0.19843760097016153,0.9974506418627235,0.000595677889451638,4
9.822333765691639,0.0014925444792796576,8.203125,48.77772582574478,0.5743265333245896,0.9975697915548332,0.00041075600566316435,4
9.822038329456664,0.001500005737697574,8.203125,49.05791680350863,0.17222313148765048,0.9979221689023456,0.0003202039746079159,4
9.8219131140635,0.0015038030929710184,8.203125,49.16791596132641,1.210191599693644,0.9977952235810417,0.00043366311050026637,4
9.821705451587222,0.0015097148814470188,8.203125,49.38500801730041,0.28255503304778057,0.9980138986012353,0.00023599500514275744,4
9.821827812701715,0.0015085199141162736,8.203125,49.35830110452123,0.20402007592565496,0.9984199211810018,0.00035033605399493567,4
9.821938282194475,0.001500146272878107,8.203125,49.07271682492841,0.4949992618470181,0.9985685431570751,3.977459040182827e-05,4
9.82210931575808,0.0015010286436811628,8.203125,49.11862629147975,0.8173660278929068,0.9989656535096603,0.0005093187670156079,4
9.821936191246076,0.0015115424547419677,8.203125,49.47839418453975,0.03711535754215826,0.9987386549561378,0.00024669166645387565,4
9.821932453590836,0.0015116153406042189,8.203125,49.48047398702045,0.9738619010264907,0.9988792457618152,0.0005419388791219818,4
9.821824770831718,0.0015115195287890046,8.203125,49.485856228427714,0.560805820235449,0.9989738023720293,0.0006700564936131803,4
9.821786464098137,0.0015082914011414366,8.203125,49.37713250490941,1.2580187421432736,0.9992029348758747,8.294682109743942e-05,4
9.821713576928747,0.0015159295185807637,8.203125,49.632938199048304,0.10295872654993825,0.9991488994803387,-5.551825169840911e-05,4
9.821648435460048,0.001517473974838773,8.203125,49.678630207751546,0.8065396831055599,0.9994425223680029,0.0001506912940779227,4
9.821504633707777,0.001511090757723625,8.203125,49.479948132689096,1.070611588700558,0.9996831123949296,1.4391579837072174e-05,4
9.821145941918994,0.0014431033773871658,8.203125,47.22346319933114,0.12214512093729961,0.9992793711138899,0.0002453629728102484,4
9.82121480818072,0.0014430530679071267,8.203125,47.215344536186066,1.1463148910042946,0.9990009044792079,0.00013516042866867082,4
9.821086491809147,0.0014413103469396813,8.203125,47.145354389421534,0.22165770364396545,0.998894017627571,0.0003617795876990911,4
9.821046750829794,0.0014422771785868858,8.203125,47.181141396161834,0.36081498370549525,0.9986540483473237,0.000549403500964461,4
9.82150537706526,0.001441081513022998,25.78125,47.18185552579219,1.5166689323232276,0.9985526717352926,0.0002439011821294835,4
9.821424998845403,0.0014473726524828268,25.78125,47.3935756518489,-0.07752513585122263,0.9988669913295752,-6.668524775089166e-05,4
9.821549132398893,0.001439136745421056,25.78125,47.131474899543015,0.5376429808420653,0.998399697629314,-0.00030743003755008823,4
9.821571537257407,0.0014409786166810015,25.78125,47.19050099273882,1.2749210523907095,0.9981760036006699,-4.9337688246535655e-05,4
9.82150848582238,0.001437789190573077,25.78125,47.08207511185356,0.8137177482785773,0.998458793077838,0.0004764325342684747,4
9.821482379725715,0.0014364657502634601,25.78125,47.04036111168295,0.9158566125734069,0.998271895994193,0.0005844708318593147,4
9.82122697905568,0.0014323367956772103,25.78125,46.88697794120536,1.11381762895932,0.9984221945202584,0.00048484802953267136,4
9.821412221355489,0.0014406011330694072,25.78125,47.1419915476903,0.7854781747979965,0.9988974090915401,0.0004763031049430128,4
9.82147580785303,0.0014424887196690449,25.78125,47.20951831792281,0.525293809343566,0.9985987696456928,0.0006420705269668633,4
9.821470713329166,0.001442008486873513,25.78125,47.19422520942468,-0.38108405691673397,0.9987418334893731,0.0002613471762693436,4
9.82154185885345,0.001440187799233249,25.78125,47.14057594788387,0.8985901013050656,0.9983992680365473,0.00010096238231615992,4
9.8211545199865,0.0014589010438730867,25.78125,47.7806782829269,0.6114854199756034,0.9977437358031662,0.00024874255682424365,4
9.82158985752071,0.0014599279973357695,40.625,47.83283489157333,1.642389006514956,0.9981391940240694,7.282961079377601e-05,4
9.821839493646744,0.001459725549872251,40.625,47.817108572427905,-0.023559542905180326,0.9982291607320459,0.0002544872525757606,4
9.821816274325736,0.0014605732708256802,40.625,47.8438333708038,1.0895934050179978,0.9983349360364696,0.00016240666699281575,4
9.821752800064061,0.001459068680749724,40.625,47.79732668385768,0.15570588796375281,0.9985371317641801,-0.00037058141568334954,4
9.821796106687788,0.0014594554932331905,40.625,47.81175766367438,1.1599532061469897,0.9981159951767331,-0.0005035644053154168,4
9.821743912983187,0.0014593637321221532,40.625,47.81070374649749,-0.11114785317477072,0.997998430170109,-0.0005682497879699247,4
9.821730739057458,0.0014595585014467404,40.625,47.81660986841379,1.6785481306966783,0.9980446589138281,-0.0005179949467070126,4
9.82184797324513,0.0014568350210284596,40.625,47.722629286474806,0.8525885487312431,0.9981917708141271,-0.0005290057693307701,4
9.821514538686195,0.0014617723912591105,25.78125,47.86601854025082,0.4122423388604754,0.998443003188157,-0.0005698747897235865,4
9.821803072456206,0.0014463851085542551,25.78125,47.34000662678883,0.2267000559149892,0.998052001793658,-0.0007221578256172514,4
9.821613606045219,0.001444353181448105,25.78125,47.25614084093733,0.21944074370670327,0.9978483517675888,-0.001197103595449957,4
9.821670360242218,0.0014462016386261863,25.78125,47.31107592461888,-0.1088565991243134,0.997871891284456,-0.0011001994264925035,4
9.8216659933617,0.0014465418262337212,25.78125,47.32178085567992,-0.0236810785063426,0.9975235279638179,-0.000997635497337603,4
9.821940468766561,0.0014526949002096582,25.78125,47.49309430836368,0.6928819253140924,0.9976004594060659,-0.0006340072024266176,4
9.821971404924396,0.001450160545064711,25.78125,47.413711736148116,1.2369569662938982,0.9977618272777217,-0.000541785541170394,4
9.82162654607096,0.0014557059938282789,11.71875,47.63201342649471,0.523050634451162,0.9977341739233188,-0.0006754825528391929,4
9.821665153067412,0.0014542704132277616,11.71875,47.58858328795787,0.11022150493833276,0.9976837730486974,-0.00044580067493548553,4
9.822062230991216,0.001447254359816729,35.15625,47.316877767752615,0.23376442607695935,0.9975415699371439,-0.0004358810878866282,4
9.82196209677483,0.0014399687044967698,35.15625,47.06596805481257,1.0095262138177834,0.9980872124957172,-0.0010682592782307282,4
9.821787929153816,0.0014636072175831481,35.15625,47.86130596576987,0.7081460091479433,0.9978794201125893,-0.0008095319365048178,4
9.82162124898126,0.0014606951721391496,35.15625,47.7460659295873,0.6878369097867107,0.9981041546463572,-0.0007191254361048107,4
9.821740544492288,0.0014544967674614108,35.15625,47.52765456959609,1.6338679167881007,0.9979016992945531,-0.0008078311552271721,4
9.821891835339224,0.0014572259998898692,35.15625,47.63633351831446,-0.0551056141606144,0.9982177468994006,-0.0011676621452597373,4
9.821781879482023,0.0014612228895682562,35.15625,47.7803510764837,-0.1360851577204206,0.9979003661375752,-0.0010709677805728517,4
9.822058083681869,0.0014535070256332789,49.609375,47.556797323642826,-0.20265335696725137,0.9982542225227765,-0.0009209982305933463,4
9.82202510100028,0.0014527057275232412,49.609375,47.53370263208022,-0.05043864693652722,0.9986473796755603,-0.001000949130852092,4
9.822193839383361,0.0014561071898006382,49.609375,47.660224335516624,0.4686869579309132,0.9982572461006696,-0.0012153581520855622,4
9.822170025023274,0.0014554961600912037,49.609375,47.642177666503024,0.36110165672410705,0.9989346682411827,-0.001673939686149145,4
9.821913002524148,0.0014238760521124855,25.78125,46.58276421326257,0.4199995556846261,0.9984295758523645,-0.001163285745574002,4
9.822056507910196,0.0014267339776959387,25.78125,46.661527964605646,0.4342129644683155,0.9980673187024554,-0.001023682263422895,4
9.82197355535174,0.0014260015192644887,25.78125,46.62830715469288,1.0257929017619365,0.998188776996372,-0.001106252287910988,4
9.82198145833734,0.0014258852043453072,25.78125,46.62359385597562,0.2417201814969303,0.998586496986293,-0.0009479750595124853,4
9.821874546217476,0.0014204466557919291,25.78125,46.432780417608036,0.3257286950429261,0.9982957040278624,-0.0010870197145282344,4
9.82159714919586,0.0014055138992807182,35.15625,45.97461447184353,0.7902142319702156,0.9988647990728415,-0.0013126431104384122,4
9.821781401672919,0.001418951182727985,35.15625,46.43283097283805,1.1339967272385063,0.9990932262816026,-0.001231521126279995,4
9.821997404917362,0.0014250591710670947,25.78125,46.61176402117807,0.2704702408930946,0.9989965402545073,-0.0012601168366348048,4
9.822098942107766,0.0014244182647392967,35.15625,46.60111554059439,-0.19616450246879444,0.9991748637238002,-0.0011855540940886007,4
9.82207102152084,0.0014224755217707142,23.046875,46.54018408254906,0.0020090371581318323,0.999215519401815,-0.0011647091952914702,4
9.822029648334412,0.0014259371891361956,35.15625,46.6495548563772,-0.05219996776941116,0.9991272096315851,-0.0008993596920630734,4
9.82210969579559,0.001423869227278591,23.046875,46.57361603357887,0.7051944952860746,0.9995753313367757,-0.0006100930129445721,4
9.822181063235274,0.0014225801738213314,23.046875,46.53868592155004,1.0665330373752415,0.9999016778899441,-0.0005888693025563875,4
9.821998855266585,0.0014366521753874579,23.046875,47.01694536761066,-0.6812682302309744,0.9996673726101671,-0.00040185831113227603,4
9.821955322310131,0.0014345243296817155,23.046875,46.94332093013604,0.2013970929062149,0.9999554023510407,-0.00023793486743253162,4
9.822090214874176,0.0014324276644921054,23.046875,46.861746587210945,0.7518797284113438,1.0003028656859616,-0.0006168108214966047,4
9.82171368746754,0.0014438459890286704,35.15625,47.19366583512057,0.20023165715732225,1.0003265401882164,-0.000305323851023812,4
9.821801990865195,0.0014502705551956616,35.15625,47.392935715053525,0.5058666096326002,1.000510255034094,-0.0007869280884324787,4
9.821198713888373,0.0014655249336660732,35.15625,47.80225933294409,-0.5251571276518613,1.0003401433103953,-0.0006252419338488019,4
9.8213806206736,0.0014676410496241696,23.046875,47.839621786602976,0.7526662522468541,1.000324395884486,-0.0011786770481299945,4
9.821792441689945,0.00145222099970367,23.046875,47.40363137304466,0.5669884216525437,1.0000504028285815,-0.0006285854046285989,4
9.821993002461527,0.0014560957725060321,23.046875,47.49824159102423,0.48755161439839867,0.9997724797156323,-0.00046173008567545267,4
9.821849540986387,0.0014579960655520196,23.046875,47.535747187764215,0.5583086052332268,0.9995916852038415,-0.00039748030170286253,4
9.821842611127833,0.001458687925368163,23.046875,47.559645231862035,0.5184812333112253,0.9995082058525668,-0.0002678735172358753,4
9.822029665737936,0.001487188342885163,23.046875,48.52548267545951,0.6890786929482905,0.9993797287785658,-0.00023204366545041848,4
9.82216586202825,0.0014871061864550896,23.046875,48.49976480732276,0.42583973837827216,0.9994599626056704,0.00037012273418909604,4
9.82229410946476,0.0015006740972464511,23.046875,48.96607342091077,1.0985557820228375,0.9997013823136969,0.0005086333812361373,4
9.822657188985396,0.00151857747591323,23.046875,49.488459526486665,1.5280719960064744,0.9998761186807373,0.000755338846747501,4
9.822641584553025,0.0015189335031453447,23.046875,49.49716992202972,0.06078717592754401,0.9999068734577221,0.0008782696693413288,4
9.82255905511656,0.001526758588466523,23.046875,49.76903465555511,0.9344653927898131,1.0002050723674825,0.000583068666422546,4
9.82269700957361,0.0015117357411214888,23.046875,49.30159909842532,0.46332956930321717,0.9998381128331952,0.0005569309005475963,4
9.822839191477087,0.0015143793178105647,23.046875,49.36261003868942,1.280800583723855,1.0000824513677724,0.000456906333791457,4
9.822758842328248,0.0015205519962390131,23.046875,49.54981573195759,0.26227225381565705,1.000618718707269,0.0004759477710747671,4
9.822577400759428,0.0015118374199810597,23.046875,49.297664837304545,0.871460609632777,1.0007362442109689,0.0007175360167702139,4
9.822858054292011,0.0014983280248822605,35.15625,48.90241530981997,0.6448354563132549,1.0008536026452535,0.0006075886998824047,4
9.823157379310981,0.0014727626452668446,35.15625,48.013924276886726,0.5509474879302919,1.0005914273815972,0.0006956887191719068,4
9.823223480712867,0.0014755635587101737,35.15625,48.117420383611815,0.12123943553645707,1.000626953991734,0.000829862986238704,4
9.823089701620447,0.0014624538833521285,35.15625,47.71067726122901,0.2910581979158451,1.0008235752467975,0.0006248383586229451,4
9.822978925236285,0.0014657821377911811,35.15625,47.80091260744771,0.7362230731159798,1.001057127875082,0.0008220528266936927,4
9.822909514755926,0.001468683729779211,35.15625,47.907881397238576,0.8899367962221731,1.0013169874176062,0.0008398875005020946,4
9.823146932402354,0.0014519904910607888,35.15625,47.399157938426455,0.6055428182250276,1.0012657230887587,0.0007796915148357726,4
9.82324183305881,0.0014601986588429795,35.15625,47.6532648375625,0.5864497269855443,1.0011513550950184,0.000712939001923476,4
9.823311602652787,0.0014575270065332946,35.15625,47.57670122887074,0.8776671878998362,1.001541998071731,0.0012670054352737102,4
9.823680686973395,0.0014643037634344783,35.15625,47.73705155334203,0.5106382912599656,1.0011171481262315,0.0010315890463820318,4
9.82336263905363,0.001481716862312258,35.15625,48.24730560449801,0.05875804194147349,1.001286493680471,0.0003365495392069146,4
9.823226538541698,0.001493265038635028,35.15625,48.65234795552854,0.26710578130951035,1.0012299479192897,0.0001344716950617326,4
9.823366220402477,0.0014935115717428372,35.15625,48.68649656630626,0.6445652515564385,1.0012346142416344,8.557871647271948e-05,4
9.82341978082531,0.0014846678823593916,35.15625,48.38686118754204,1.0990740719935275,1.0017937296809465,0.0004718167200050709,4
9.82338058334443,0.0014833350698178732,35.15625,48.33586324673245,0.3977904375363626,1.0014618112939444,0.0005864893122684051,4
9.823273313171105,0.0014819419686099918,35.15625,48.310019054780334,0.607806742607257,1.0016752807247025,0.0005568014954894092,4
9.823310786448651,0.0014822165912780213,35.15625,48.32575872753369,0.15797101927455515,1.0014170342050988,0.0007897856730045947,4
9.823372791222305,0.00148441988954679,35.15625,48.386752905831145,-0.10968153648839991,1.0013132286490445,6.26593247263044e-05,4
9.82321268448654,0.0014801186241136615,35.15625,48.21571444291225,0.6776382347270555,1.0012187233573127,-0.00028325153764145223,4
9.823245696533967,0.0014838840842766395,35.15625,48.332687000206214,0.41783187406205496,1.0009067205335522,-0.0007146476668625722,4
9.823342624782304,0.001478947394122564,35.15625,48.189551103048714,0.2876537531786501,1.001077340736876,-0.0009086098602953121,4
9.823204097964465,0.0014757965302230884,35.15625,48.11185959833527,0.9427136528684059,1.0018087621893141,-0.0006866731271115094,4
9.82315608780567,0.0014726112444833697,35.15625,47.998769441953364,-0.009192683162837056,1.002213635266482,-0.0006312438179800905,4
9.823208673048088,0.0014710424856057482,35.15625,47.937645839992385,0.07984551802898447,1.0024194232127042,-0.0003810908813390964,4
9.823255580220097,0.0014724498602427362,35.15625,47.992440541371,0.27084076532628387,1.0020009620722043,-0.0006272191709659025,4
9.823137072365743,0.0014742989118632084,35.15625,48.07431192420551,0.8108641275842577,1.0022283135205947,-0.0005581177150826199,4
9.822983657730374,0.0014699970190545659,35.15625,47.90562179647391,-0.7769353324062346,1.0023060819335374,-0.0006859362462932534,4
9.823227830189897,0.0014744076135739883,35.15625,48.00283922640212,1.1332064822478667,1.0024570431216215,-0.0007305817603030012,4
9.82347202140571,0.0014628686092884376,35.15625,47.672041549246394,0.2399923113262048,1.0024850426349246,-0.0009029843394655616,4
9.823408741038865,0.0014613186455855564,35.15625,47.632875440690476,0.20155881210545581,1.003163145422089,-0.0015772614908244388,4
9.823820747510833,0.0014645256826499142,35.15625,47.80722277440639,0.7215685820653258,1.0029432318761915,-0.0015962024335040383,4
9.82399215094588,0.0014826098681616146,35.15625,48.372343450467085,0.3218927929289445,1.0030078022320574,-0.0017273583492424965,4
9.824082642176277,0.0014824996255552883,35.15625,48.38346926650393,-0.27024974067292834,1.0030716125943357,-0.0019559181692764462,4
9.823947673049881,0.001479648356748567,35.15625,48.31102408459656,-0.35206091864044237,1.003089613165011,-0.0020052338096994914,4
9.823745760134791,0.0014784726415666407,35.15625,48.24066161937648,0.7096099884523331,1.002867520981135,-0.0020999580087179676,4
9.823799491687002,0.0014790794740575535,35.15625,48.25162407399845,0.9764327007372534,1.002966006303156,-0.0020017663158014743,4
9.824390208958226,0.0014676082134696374,29.6875,47.96342936901714,0.6344845324868705,1.0032484442039928,-0.0017565538587426693,4
9.824462468355467,0.0014706082942625746,35.15625,48.05223627306686,-0.09597725258330077,1.003370557340952,-0.0010907400618604328,4
9.824319055086459,0.0014730946132122736,29.6875,48.11384030125034,-0.30228023980089347,1.003278241409282,-0.0008287195463035527,4
9.824909088542972,0.0014502249221299728,40.625,47.26852571540573,0.9349631981519148,1.003339947078819,-0.0007401590553528044,4
9.824900384508764,0.001449924862520377,40.625,47.25710759664945,-0.1427782346593934,1.0029768321417827,-0.0008858617325411542,4
9.825123199092259,0.0014258923638046225,40.625,46.4273263053246,0.5384755142937744,1.0026402833673616,-0.0011368269573147054,4
9.825360984459723,0.0014205361801598586,40.625,46.29682366721761,0.11549271289792766,1.003106831930327,-0.0009715136701509265,4
9.82499181517783,0.0013761994906516003,40.625,44.90653429413522,0.39251989673357457,1.0035316121258608,-0.0006289025662877108,4
9.825073279191162,0.0013793523917381202,40.625,45.02244519149519,0.19341715417128094,1.004235012094212,-0.0004350620873114644,4
9.825134565392814,0.0013821652324590636,40.625,45.10518030219419,0.63331455377435,1.0042037681315021,-0.0005317564095324221,4
9.825076481786933,0.0013762363565980372,40.625,44.901732743476614,0.4331977934173968,1.0041781138510775,-0.0006561100870023758,4
9.824672171098763,0.0014043224454187058,32.8125,45.881302707287546,0.30591904883112875,1.0039313744207436,-0.0007126939054444408,4
9.82468078800973,0.0014039817932901644,32.8125,45.871286289494094,0.82551075252195,1.0038544891392922,-0.0006674075613229586,4
9.824773287446904,0.001415297472891535,40.625,46.22952156766148,0.9422045931084236,1.0039709407630688,-0.00025970310847955055,4
9.824940194621595,0.0014273582786560653,40.625,46.646980950896534,0.6824663146532354,1.003534117047996,-0.00048655316211357726,4
9.824835984272031,0.0014271613825876499,40.625,46.65349585464722,0.5817780780016619,1.0036391869963055,-0.00010065940037835087,4
9.825025192440497,0.0014240369694800952,40.625,46.572838890398316,0.38390208689452265,1.003546961669055,-0.0004126109128886528,4
9.825445602148534,0.001409549074883916,40.625,46.046645482598485,1.04365274310112,1.003243880931251,-0.0004720020201658282,4
9.825269143564825,0.001418132153175278,40.625,46.30284776117833,0.7833428037144282,1.003075635232916,-0.0005945766277932768,4
9.825471763416509,0.0014231652865600226,44.53125,46.436495021075544,1.1294168383380263,1.0024082923240138,-0.0009158909578580301,4
9.825453729225721,0.0014252781591515505,44.53125,46.50281529533675,-0.5910129014470537,1.0025391277779352,-0.0009547977540411445,4
9.825562126880046,0.0014370934835243104,44.53125,46.87201364315389,0.5221318785709931,1.0024217593731044,-0.001451542762975223,4
9.825272507910565,0.0014425378755560936,44.53125,46.99863576293142,-0.022302157849480864,1.0022286389116482,-0.001230170272952399,4
9.825000051759247,0.0014415542944980777,44.53125,47.01527025833592,-0.41808750821413315,1.0021820761382338,-0.0012018990344095427,4
9.824887319918759,0.0014377006479327431,44.53125,46.869365753008864,1.005553586112607,1.0024881269338723,-0.001469287933805722,4
9.82485287890206,0.001440558905030763,44.53125,46.96911014794996,0.07887470792290212,1.0028065271587856,-0.0012169517583153217,4
9.825005817420507,0.0014328074936727985,44.53125,46.74119397205739,0.2971710427603587,1.0026772086216298,-0.00140334278951383,4
9.825072750225706,0.001440811669451612,44.53125,46.99224874353653,1.1726262787087762,1.0025702364692917,-0.001782535443973269,4
9.825342977247868,0.0014664352178402865,44.53125,47.87540388863472,0.999647510596939,1.0021332938152536,-0.002021596796326857,4
9.82511650397634,0.0014901659627532405,44.53125,48.685802628186,0.6134873099435936,1.0018902723226266,-0.002240666919490863,4
9.824731937074365,0.0014943854303197917,44.53125,48.766394819047726,0.3720296636056446,1.0014077094986373,-0.00236289695892986,4
9.824477311903385,0.0014867277207603572,44.53125,48.55473586471071,0.7249923770238335,1.0009304725895114,-0.0025267953165417564,4
9.824505477424966,0.0014877386154642659,44.53125,48.59194361771798,0.3503665079709511,1.0008124277109134,-0.00310280519734925,4
9.824300239157662,0.0014643332340159307,44.53125,47.85317685474077,1.642121512122685,1.0003426580267905,-0.00261064653960108,4
9.824601389518541,0.0014546751727926887,44.53125,47.57305465030255,0.8314207799606569,1.0000502933621274,-0.0032764027808308417,4
9.824523430338129,0.0014522329608117892,44.53125,47.501470573096185,0.9779769299881688,0.9999907568771496,-0.003422088265965132,4
9.824510643223102,0.0014536693472129284,44.53125,47.547180653073184,0.48739457968986244,0.9996720408416353,-0.0032303825079696034,4
9.824322241592046,0.0014532696272721198,44.53125,47.55299843886735,0.3000715676013594,0.9996832220833148,-0.003090005260896336,4
9.824289745312564,0.001455340955928042,44.53125,47.61777507459284,1.0033244338034517,0.9995727351459961,-0.0027075954516799805,4
9.82464697189748,0.0014396051205280251,44.53125,47.06354015613718,0.22791162956006397,0.9999321959077961,-0.003007276709820814,4
9.824774009859349,0.001431029929950093,44.53125,46.797234670294756,0.7730224169717985,0.9994259734976351,-0.003107031114341811,4
9.82464756720438,0.00141722935702766,44.53125,46.3585847953237,0.8193547948721971,0.9992290674597067,-0.0032424523662730495,4
9.824602167624443,0.0014174494976777281,44.53125,46.361047552626,0.12206495903713706,0.9995466516800371,-0.0027988114171888937,4
9.82469017062625,0.0014212288834639154,44.53125,46.47529675462317,1.4484420670329807,0.9994466056559472,-0.002732573555784195,4
9.82493034097361,0.0014079241305979026,44.53125,46.06431141625469,0.3102271384110888,0.9995825258592335,-0.0029994488847926953,4
9.824976367900627,0.0014104706281853924,44.53125,46.14325969965375,0.5289684093974453,0.9989512197840748,-0.0032050784305271665,4
9.8248857581747,0.0014141318040915229,44.53125,46.2539737696734,0.06828286377882857,0.9992858959086365,-0.0031283255832054557,4
9.825001892257685,0.0014112874451130452,44.53125,46.14812052410309,0.6815752584455671,0.9991599774808501,-0.003121111001642632,4
9.824828146166062,0.001396459397241904,44.53125,45.64166029940524,1.0314406031150913,0.9991035394517118,-0.003159580362221708,4
9.824635147686822,0.0013883085348513824,44.53125,45.39730567611499,-0.24227132350279135,0.9990786939219548,-0.002942497551287144,4
9.824748500289424,0.001391623844647933,44.53125,45.51815539166298,0.31287473867026466,0.9989194421108355,-0.002706428976197348,4
9.824611500411715,0.001395552893875559,44.53125,45.660540208813714,0.9689258635698934,0.9991500399801552,-0.0025497179579083086,4
9.824581170339947,0.0013932545320894329,44.53125,45.582314279674634,0.1667589305252477,0.9994117509447947,-0.003139432659543204,4
9.82423331416167,0.0014077756977980544,44.53125,46.087936163214245,0.08641315585191478,0.9992048330637429,-0.003054661855423436,4
9.824515224206909,0.0013832417125048955,44.53125,45.3023333211026,0.26569667676570435,0.9991424041478589,-0.0038851871385225684,4
9.824460571582877,0.0013792276992147766,44.53125,45.17375232934168,0.1715911256748465,0.998956401299678,-0.004137446541399751,4
9.824495276042024,0.0013770958978469175,44.53125,45.10566922223114,-0.036691071534733055,0.9985542801358509,-0.004351719163977221,4
9.824490381272058,0.0013769787605643709,44.53125,45.102074408118554,-0.3275298624842738,0.9985718367108487,-0.004464105501295753,4
9.824325193288232,0.0013718544359609967,44.53125,44.92507392695141,0.050982716072515664,0.9984651170888496,-0.0040781490204518074,4
9.824015154273937,0.0013709418361685186,44.53125,44.9107527993289,-0.3703656695700677,0.9987926165764639,-0.0041744196365712935,4
9.82412158928713,0.0013670187526727262,44.53125,44.78609823322228,0.903421242571009,0.9987177970797746,-0.004049835070417,4
9.823803129020368,0.001379182809200672,44.53125,45.19191629621897,0.047019504504229793,0.9987618571592713,-0.003826552979818915,4
9.824176497931708,0.0013550372215887382,44.53125,44.400721664940576,0.3401494026365981,0.9989933354572457,-0.003603055496633986,4
9.824062020936438,0.0013599152669609867,40.625,44.55873790463962,-0.33490750447890605,0.9996332564274129,-0.0034215014200827095,4
9.824069563068623,0.0013605544472049204,40.625,44.579532001740226,0.4957206343703244,0.99961834707222,-0.003605419486154967,4
9.824035375670388,0.0013621423761492038,44.53125,44.63083603785368,0.3656392026253646,0.9993896226368889,-0.003004866964694917,4
9.823954774655506,0.0013567920329441016,40.625,44.45711263226255,0.4771745619630868,0.9993165811720669,-0.002983275326986951,4
9.823846799020675,0.0013566688603840998,44.53125,44.450840748913365,1.0397990705387201,0.9995226047148826,-0.0030039852247909647,4
9.826993285602201,0.0016690082671644217,14.84375,54.68953888881084,1.8296914861942544,1.002785975287544,-0.00015670732396679075,5
9.82684019085905,0.0016568216329846236,14.84375,54.28817046783859,2.730028062040219,1.0029188218537175,-0.00031116004029243995,5
9.826971860044878,0.0016446870655086147,14.84375,53.88756459279906,1.8821006236163764,1.0028889956728895,-0.0003035841433384928,5
9.827108913299256,0.0016466475133553428,14.84375,53.954882606046404,2.1030497863115065,1.002596505352662,-0.0004846623204951658,5
9.82739043096424,0.0016286977112164348,14.84375,53.35904827603281,2.090251611726368,1.0023300543014908,-0.0007719969940576798,5
9.827378145895114,0.001628841877681483,14.84375,53.36331998668924,1.1506240406003296,1.0021258249934233,-0.0006113578737703248,5
9.827179963068048,0.0016129684171080714,14.84375,52.849268289252585,2.3280529675272796,1.002228658176429,-0.0009142880373143657,5
9.827511727329483,0.0016005124459939598,14.84375,52.44554445394318,2.268534624367021,1.0019009581562588,-0.0005524265386491332,5
9.82791945185933,0.0015932961123139374,3.90625,52.202616281582564,1.9319812487325787,1.0018564237754937,-0.0005029524579702074,5
9.827807603786113,0.0015886426323508539,3.90625,52.046453753606514,1.9486077286334573,1.0021843254878335,-0.0007210717531721045,5
9.82766555059609,0.001590874061389039,3.90625,52.124102989968755,1.4660192742630898,1.0024036712240159,-0.000194104807209737,5
9.827643831340852,0.0015906622868818315,3.90625,52.11655662399013,2.5910067417329024,1.0028679998797199,-8.989866675607399e-05,5
9.827834226208902,0.0015916486090407802,14.84375,52.14223254341984,2.368642714962334,1.0026073658144217,-0.0004356122244898896,5
9.828245049292066,0.001605025368608938,14.84375,52.591930621860634,3.0187222195381764,1.0027823019234818,-0.0005846641646624721,5
9.828467659313015,0.0015925979019726494,14.0625,52.179920180522124,1.0374478495614312,1.002650246985442,-0.0006328953683727155,5
9.828861846356695,0.001628742356441315,14.0625,53.370562419771595,1.548857912935394,1.0027117857653929,-0.0011923018012877863,5
9.828777384537924,0.0016428227261738914,14.0625,53.831964726967264,2.035612670806586,1.0028403169143132,-0.0011607333738287355,5
9.828809180358894,0.0016383782792380142,14.0625,53.6862142688758,1.5402031807037322,1.0023444449632786,-0.0009674509874828627,5
9.828639250337504,0.0016167682536034791,14.0625,52.97636003517113,1.746005508950475,1.0020616244489016,-0.0008504108806399067,5
9.828838783120109,0.0016311363387761944,14.0625,53.44271830126606,1.8126341282016558,1.001775349096205,-0.00046198474596664243,5
9.828869341053013,0.0016330113021897441,14.0625,53.50500859529104,2.222092834400731,1.0019110558626247,-0.0008157467399325173,5
9.82886076982809,0.0016322898743206325,14.0625,53.48159669307202,1.367377134920389,1.0019993663758142,-0.00030511480073644394,5
9.829051206933455,0.0016494316790795814,14.0625,54.04711982117311,2.207842139305285,1.0017698586431396,-0.00045450135815631434,5
9.829049404712757,0.001649463986775233,14.0625,54.04820328241845,2.0119886830386045,1.0020302215752313,-0.000776770020562637,5
9.828810269666423,0.0016490164265456535,14.0625,54.028386849645656,2.54454556806013,1.0018172053096215,-0.0006130515692491163,5
9.82855660854467,0.001633913418691791,14.0625,53.53883440733125,1.3075398983758835,1.0019295802171129,-0.0005038640228711813,5
9.82836968332012,0.0016243302544181751,14.0625,53.221284802433814,2.31508309818552,1.0020557403102845,-0.0006739981763569436,5
9.828051606980534,0.0016077587269828378,14.0625,52.68290618012358,1.8241930053239532,1.0023251128861324,-0.00024144382770852524,5
9.827799287669915,0.001628881829094517,14.0625,53.37193314265022,2.867764193309995,1.0022074389164959,1.533912739892817e-05,5
9.827759434123582,0.0016281097241610954,14.0625,53.347405417266344,2.3835707002496442,1.002191267292096,-0.0002456973527219105,5
9.827814116295034,0.0016291514784377182,14.0625,53.38243230976454,1.4125111568161326,1.0024664836752033,0.00018617032814746129,5
9.827766637570619,0.0016274817995845282,14.0625,53.328334688237256,2.5318244198679167,1.0026048856025263,-8.78739793831458e-05,5
9.827644830264205,0.0016334572739612793,14.0625,53.52226606856911,2.271001454513074,1.0028344780681433,-4.0266106794019575e-05,5
9.827987101745432,0.0016371607103581928,14.0625,53.63315245212946,1.961223372653573,1.0022480854734026,-7.052030202860804e-05,5
9.8280101728719,0.0016358596864598197,14.0625,53.59146740792544,2.11302831024174,1.0025359531010245,-0.00041191342101175283,5
9.828124768650362,0.00163371283925009,14.0625,53.516072488822374,1.7316531924455678,1.0022716550190276,-0.0007805600375498048,5
9.828213122637386,0.0016304143929577086,14.0625,53.41195626370664,0.9637044687951857,1.0020327788847632,-0.0010561080996394842,5
9.828386420766668,0.0016154167411572696,14.0625,52.912249425456835,1.9128940972793014,1.0020271731560504,-0.0011437284134602466,5
9.828617371154222,0.001617618481144704,14.0625,52.99497269449213,2.4785840629022764,1.0021073362877924,-0.0009524557540868351,5
9.828755975753225,0.0016146111135052633,14.0625,52.89049912163922,2.337492168921017,1.0017538125698942,-0.0008147635437052619,5
9.828739492566108,0.0016159892375699695,14.0625,52.93486873516912,3.0701747050067447,1.0016518539191965,-0.0009779594471804713,5
9.828930267824841,0.0016125705361655196,14.0625,52.81242008301056,0.9937072286908611,1.0019115439887127,-0.001288430263481257,5
9.829030529806138,0.0016137817083638868,14.0625,52.85788381887977,1.1943379192416614,1.002063280138964,-0.0013702235089889136,5
9.829392889548199,0.001649734670736485,14.0625,54.01200301927882,1.465918602780827,1.0019159907338437,-0.0016628725648080496,5
9.829105728046517,0.0016335278889417347,14.0625,53.455817886556076,2.465226733016607,1.0013686218205367,-0.0017528639611917149,5
9.829130553051836,0.0016328618399649693,14.0625,53.43156727567772,2.091244480322833,1.0010590958477938,-0.0016245704172387924,5
9.82923557988984,0.0016249848217315132,14.0625,53.18343873459035,2.285813313199469,1.0005390513718149,-0.0014831949465701883,5
9.82959932599323,0.001582365006709313,14.0625,51.74920516603683,1.9141414231198723,1.0004774597476327,-0.0009557560220830201,5
9.829788722594255,0.0015886046800956833,14.0625,51.974361653116915,2.095229930830101,1.0004912327865871,-0.00043460503912959596,5
9.829806327552163,0.0015896863807064714,14.0625,52.007982274217994,2.3901947765189107,1.0002742597808103,-0.0010461778959284652,5
9.82954642316975,0.0015859470988740104,14.0625,51.85615406762343,1.8845966373046394,1.0005302955024156,-0.0009373157221742145,5
9.829343471955914,0.0015796972402767392,14.0625,51.6746164585668,2.513088232248265,1.0004562148107667,-0.001235445495423921,5
9.829008364644022,0.0016014728872583111,14.0625,52.34830712745706,1.3539746384097573,1.000610922057523,-0.0011544786098087291,5
9.829090087785262,0.001605793406155722,14.0625,52.479046467345434,1.6092767245439366,1.0009598814369591,-0.0013499912068046513,5
9.829036515692103,0.0016063158383004216,14.0625,52.48882505850692,1.9332415307738604,1.001245298130394,-0.0014524457829506025,5
9.82925079978035,0.00162026580668441,14.0625,52.914695552834104,1.4009622535922972,1.0011181353207774,-0.001619207896585421,5
9.829082147228112,0.0016200400681989208,14.0625,52.880593181542245,2.0589496956332973,1.0008094436900097,-0.001525060733120129,5
9.828885780902363,0.0016238095409570616,17.1875,53.03502666362954,1.8412651680361403,1.000822177926662,-0.0014669352516670478,5
9.828939429247038,0.0016242916859976868,17.1875,53.05883233381868,1.9534570732006007,1.0012681898733986,-0.0011062756689017399,5
9.828767490483795,0.0016155674869015686,14.0625,52.797347782346364,2.044118976500613,1.0012740420157786,-0.0005915431061508428,5
9.828643308722349,0.0016170655778327235,14.0625,52.82901602075265,2.183978300749004,1.0009578755486954,-0.0002756348213629597,5
9.828723120533157,0.001627443909557721,14.0625,53.15736306011544,1.598578952565731,1.0006319218533994,-0.0004856219304601112,5
9.82896960453031,0.0016062264660917957,14.0625,52.49699004516182,1.7393311368432478,1.000505310569239,-0.0007488373743879043,5
9.82909832533462,0.0016174177519439554,14.0625,52.8459874190769,1.5893864108184061,1.0008185265211547,-0.00042392821123216756,5
9.829108628501867,0.0016175985702631902,14.0625,52.85337070519264,2.175487259709674,1.001166404307808,-0.0005911379021729112,5
9.82906384034834,0.001617528087520348,14.0625,52.85731924608707,2.0033540412065727,1.0011112913828388,-0.000640024396379641,5
9.829320405184616,0.0016328682905343837,14.0625,53.39330257274181,2.437332491603835,1.0009201685873224,-0.0005002873663877078,5
9.82955212125681,0.0016219283455425808,14.0625,53.004922245575656,2.2540142906824863,1.0013076445276072,-0.0006834891366002908,5
9.829761221473655,0.0016246226861547908,14.0625,53.12034725987324,1.8610268437235693,1.0015940643295624,-0.00018519248137085988,5
9.829493602924156,0.0016044472540507444,17.1875,52.48978952321368,2.2045961036734902,1.0012145446993916,0.0001272963792314378,5
9.829354042862665,0.001609208143233573,17.1875,52.63044805465809,1.9594867730787275,1.0014709855735242,5.986613904156097e-05,5
9.829734074451256,0.0016320988967862418,17.1875,53.33227287312231,2.600259735065871,1.001407211029028,5.6934797168619216e-05,5
9.82940608661791,0.0016278869458836783,39.453125,53.14499575401809,2.1396700913282984,1.0012917442445972,0.0001828767545295801,5
9.829861607622663,0.0016038952194701872,39.453125,52.27872591548252,2.9751144475291462,1.001464963432466,-5.139744694628235e-05,5
9.8297813871604,0.0016081983987779188,39.453125,52.404216459929664,2.025397913491664,1.0015582993234828,-0.0002716617582398626,5
9.830027169692205,0.0016039013217151474,39.453125,52.21324565117244,2.3389172740680806,1.0021346185795157,-0.00020187126644934767,5
9.829908192856182,0.0016006679289141375,17.1875,52.08158861389761,1.865822243540606,1.001961752012769,-0.0002176723572698297,5
9.829347282853364,0.0016186038213499348,39.453125,52.782375160159525,2.512238440449437,1.0018717487919822,-0.0005750494282966511,5
9.82881592151983,0.0016049977896379246,39.453125,52.22994013766996,2.488008750321266,1.0021004123713848,0.00024104294265363024,5
9.828921597534771,0.0015989464817964478,39.453125,52.008246049412534,2.0919557021491832,1.0020206089497343,0.000523956592647015,5
9.828945811201761,0.0015991354845183005,39.453125,52.01986670186755,1.940312688533595,1.0019364991453472,0.0003715300235820605,5
9.828575878287173,0.0016005156130402462,39.453125,52.14323213061047,0.7082793488164801,1.0023201624629445,0.00027350359603779174,5
9.828422432991688,0.0016014355624155798,39.453125,52.14205311664852,1.899285426605881,1.0029013992356444,0.0005673109777556723,5
9.828320432161357,0.001603995211115635,39.453125,52.246921809944936,1.6239041024455219,1.0030468908320145,0.0004346946933293788,5
9.82831918039289,0.0016039352495393143,39.453125,52.24470347869511,2.2171327469416915,1.002944425453046,8.347592662970207e-06,5
9.828355285943308,0.0016016433316084597,39.453125,52.16224555566991,2.046138535213686,1.0033027796973728,0.0001985453528979534,5
9.828298715851387,0.0015993634043812638,39.453125,52.07583918670299,1.8844036523538914,1.0037002275208295,-9.512499615691293e-05,5
9.828575625108893,0.0015963021189743531,39.453125,51.91524104364879,2.307539239177762,1.0040202987748803,-0.00015220634718785556,5
9.828886180254512,0.0015820235190191236,39.453125,51.514628483231334,0.8261096750272069,1.0040478069258194,-0.00036222488268051507,5
9.828597898181362,0.0015834617368094713,39.453125,51.61854321800563,0.9950565727267531,1.003926295202842,-0.0004645345641063728,5
9.828730131827587,0.001584712201667404,39.453125,51.68374437341115,2.0462283583644116,1.0036258639908393,-0.0010729790271639796,5
9.828671031980244,0.0015880259953791076,39.453125,51.802787645770835,1.4473672068173375,1.0035418756123895,-0.0013523021905216036,5
9.82858765950023,0.0015859947164136412,39.453125,51.72140880681967,3.053894670402466,1.0035588389779173,-0.0013913613621112843,5
9.828380594631156,0.0015710512858533026,7.8125,51.26770509369085,2.029973827654127,1.0034257432304785,-0.0013341959875291685,5
9.828306315775917,0.0015706822890496188,7.8125,51.24303639795742,2.0104312637607413,1.0031563196662885,-0.0009245187810719914,5
9.828214161793875,0.0015696200363636134,7.8125,51.22377867271384,1.9873945991942794,1.0028727118144227,-0.0006542846119908724,5
9.828534401044736,0.001546024201333298,7.8125,50.50030040685055,1.523308308202104,1.002341764738502,-0.0005941424062608374,5
9.82871931522022,0.0015604915975335758,7.8125,50.94648418303321,1.2583497675635347,1.0021546474403988,-0.0008856425921652414,5
9.829214388010396,0.0015816361022319772,7.8125,51.70896952780565,2.4864275901357664,1.002293884091949,-0.0012532272788631838,5
9.828961911230838,0.0015703564096932019,7.8125,51.368677841116344,1.9540829213716886,1.002143691991328,-0.000932814550962305,5
9.828898314320307,0.0015618162019945662,7.8125,51.08184013133631,2.049147189452924,1.0017332060122293,-0.0006540780328110937,5
9.82889787386154,0.0015618178843953483,7.8125,51.08194459816775,1.9546857040307561,1.0019071321454447,-0.0008553294629684416,5
9.829149326842847,0.0015567574092263657,7.8125,50.9422139117763,1.9550383839620433,1.0017540745223226,-0.0008361989338612893,5
9.829427404259098,0.001534338748760161,7.8125,50.17850310591471,1.0009495007216174,1.00212065989562,-0.0008958790508255718,5
9.82950210640259,0.001534009263946655,7.8125,50.176020704592055,1.422238468234961,1.0023650249872105,-0.0005371978274183456,5
9.829266742722668,0.00153148049607295,7.8125,50.116962062301155,2.473776937428435,1.0021259464182888,-0.0008720735286592926,5
9.828964634026633,0.001531581747577299,7.8125,50.08906470207014,1.7331934274249459,1.001743075419192,-0.000862498837728784,5
9.829104810183715,0.001539689318942025,7.8125,50.33821845363286,1.8428929005846537,1.0014724842174796,-0.000887764950692013,5
9.829172168348059,0.001547467340242749,7.8125,50.60118532184176,2.300217839572724,1.0013426151277447,-0.001019578569805381,5
9.829000942799945,0.001552894239132542,7.8125,50.79825717564372,1.9361407824071648,1.0013834337947436,-0.001012977746834798,5
9.828735154385381,0.0015481814735104776,7.8125,50.61313498508608,2.163304015071238,1.0015212751544251,-0.0012564241835893648,5
9.828603118562315,0.0015557714288332782,7.8125,50.877669342115574,1.663603355507803,1.0017956076860257,-0.0007934957911929118,5
9.828714798871763,0.001555291589074757,7.8125,50.87444081624411,1.9992289973791533,1.0019325039426115,-0.0005796660677666152,5
9.828723720163959,0.001555742173191878,7.8125,50.88823747664791,1.2876143505212287,1.0025884644595058,-0.000595219423931361,5
9.82839106866947,0.0015804288826458321,7.8125,51.65735116588916,2.374507119321303,1.0028415414744438,-0.000588927775838574,5
9.828499635262173,0.0015803606171834218,7.8125,51.64054852426641,1.885895917952439,1.0031227502082218,-0.00044551332726747714,5
9.828647485542877,0.0015574430959939035,7.8125,50.909233042235705,2.455009316367068,1.0034799204516696,-0.00028082640862877304,5
9.82859479352507,0.0015577876338532881,7.8125,50.927178139694384,1.6758661518178997,1.0032843346191613,-0.0002999952894406746,5
9.828793246874445,0.0015494813651561942,38.671875,50.67843085790663,2.4478847242365496,1.0030574588962191,-0.0006217507770595503,5
9.828942985283549,0.0015439476631230072,27.734375,50.479661058702334,1.85863185234363,1.003420603567606,-0.0007628693049512619,5
9.82863640777934,0.0015355157849261329,7.8125,50.16307116934337,2.3422038212896346,1.0037082193806668,-0.0010054236141960346,5
9.828650606893753,0.0015352454944282908,7.8125,50.1521988219896,2.3993360642974344,1.0036111086081554,-0.0013707068861237067,5
9.828584608131624,0.001537401897563405,7.8125,50.21331832198444,1.998129660454045,1.0035474571220997,-0.001241312767164526,5
9.82827928945673,0.0015320875503420622,7.8125,50.08092374908989,1.8066211381919857,1.0035686924179599,-0.0014206944399594423,5
9.828162644824188,0.001514251544279442,27.734375,49.48124593533915,1.4702783391755172,1.0032004816779199,-0.0015246829274067671,5
9.828121131695777,0.001515477931303249,27.734375,49.52695378711144,1.8486934902769765,1.0032938822565085,-0.0016409954082522791,5
9.827958767992547,0.0015131365502373724,27.734375,49.42799268323089,1.6550936143927781,1.0032775524523714,-0.0015861730816599834,5
9.827888371095385,0.0015103411239094536,17.1875,49.34624646362045,2.002556577674113,1.003272123562134,-0.0015015515742341935,5
9.82831149921385,0.0014931855422419893,38.671875,48.836479999979616,1.4201465863261546,1.0032268227256824,-0.0017831558655344599,5
9.828309006144504,0.0014933246256806415,38.671875,48.841311383634284,1.8829538323783102,1.003042837847746,-0.001551328144700549,5
9.828393411456807,0.0014943853633957907,38.671875,48.88510236436598,2.0737587431358406,1.0031551389962525,-0.0017311330878225911,5
9.82837265235519,0.0014949596012595059,38.671875,48.906069012328416,1.8766873674758244,1.0033384666585081,-0.0013369645547780713,5
9.828672153163573,0.001505113689086203,38.671875,49.26667443808919,1.7404221826060773,1.0026448602716718,-0.0011147168290803699,5
9.82898548772988,0.0015000675777103792,38.671875,49.07201756065947,2.104229873690201,1.0025265030180384,-0.0009570867314262423,5
9.829121620634947,0.0014942446454065906,38.671875,48.89473456467609,2.334677306401621,1.0024550695466108,-0.0011891362302219443,5
9.829121201882822,0.0014942304514890764,38.671875,48.89430918168215,2.5728892866500246,1.0021818334946637,-0.0014107659163185842,5
9.828990218582058,0.0014940386166537596,38.671875,48.87503752434262,2.731283931972333,1.0025875833386826,-0.0012674583458966884,5
9.828855112649004,0.001482695680018664,38.671875,48.51672825415425,2.719115878249189,1.0031813694558425,-0.0016033698039964826,5
9.82906274220066,0.0014618652150418436,38.671875,47.85237997335657,1.9549503477780188,1.0035509435986687,-0.0015108063668579654,5
9.82906133261445,0.0014618638202418272,38.671875,47.852448337646194,0.8797804291777235,1.0036648782895272,-0.001849535384366975,5
9.829251242043004,0.0014656320907745837,38.671875,47.99010465319979,1.4441049050644021,1.0035782898665595,-0.0013756853000953763,5
9.828912021927295,0.0014458770128762373,38.671875,47.36221305452921,2.4130857911671533,1.0032739409646871,-0.001520023019718642,5
9.829212922923748,0.0014442868619949432,39.453125,47.321041934220574,2.3635325120873554,1.003483147374385,-0.001532988422835612,5
9.829581663022157,0.0014181475865936725,40.234375,46.45029020426889,1.579474939393549,1.0032747392836179,-0.0014686404775981303,5
9.829537151643603,0.0014146740190890104,40.234375,46.33414907685189,1.3810179491932406,1.00291203064994,-0.001053793232718851,5
9.829579278261699,0.001411744922774008,40.234375,46.235853843905005,2.1500381106003865,1.0029520569070582,-0.00048649942812823837,5
9.82967916578999,0.0014158053700259,40.234375,46.37420574171638,2.4296496699353156,1.003071477641805,-0.0005065994055875568,5
9.82959811961336,0.0014144003510723356,40.234375,46.33198517543032,1.6157183560292954,1.0027790223173612,-0.0007101574043279871,5
9.829490313824268,0.001418667694612566,40.234375,46.466642884673085,1.7008435827604746,1.002718228259959,-0.0006639392581520242,5
9.82977414667859,0.001427616308693502,38.671875,46.74260480061666,1.5944573497217789,1.0025783315939174,-0.00047709193717555197,5
9.829747939558713,0.0014258037989584704,38.671875,46.68135198789837,1.3351845000336955,1.001908427972656,-0.0004329998556604008,5
9.829876601716062,0.0014310906858108537,38.671875,46.8448057937609,2.0320545259540572,1.0017151460671252,-0.0006758828272647508,5
9.829936952921418,0.0014316105391259334,38.671875,46.866566153656095,2.8615446684913572,1.001635824591559,-0.0009349373205228054,5
9.829850956619278,0.001425397983769352,38.671875,46.66931469120003,1.931195562397382,1.000881238057611,-0.0009787293504740012,5
9.829942232428342,0.001428702292360946,38.671875,46.783769713183354,1.9310706494203866,1.000962247746407,-0.0009281569714082844,5
9.82970180608307,0.0014312242020128698,38.671875,46.88007143957618,2.7217814327220062,1.000687286713235,-0.0012230352153987057,5
9.82962897394112,0.0014374325505590953,38.671875,47.07976741876694,1.9928310567508258,1.0004472753455111,-0.0011405933265346828,5
9.829382869633505,0.0014288676540788043,38.671875,46.81035050463897,1.6165155630369554,1.00063020196204,-0.0010387178419867004,5
9.82982793420347,0.0014995609205559544,14.453125,49.13707007577809,1.480217079311842,1.0003937036272217,-0.0017065078524330373,5
9.829583565998481,0.00150176831567617,43.359375,49.209505230067876,1.638300198300082,1.00027159594729,-0.0018177970130727338,5
9.829334776952003,0.001496789646993247,14.453125,49.04622307602113,1.254405161998875,0.9999960299725938,-0.0022197216720695676,5
9.829127774811216,0.0015057832684638743,14.453125,49.341326939709425,2.663505424267593,0.9997588945397795,-0.0022473351583712424,5
9.829151425090362,0.0015071896153610047,14.453125,49.387277166145815,1.7299210934555351,0.9997905405873722,-0.002162099950937194,5
9.82916995458968,0.00150650669126478,14.453125,49.3650063810868,1.6848814147027344,0.9999931376836294,-0.0023095996115286535,5
9.82928032304508,0.0015086817615938318,14.453125,49.435307995606074,2.012089986829475,0.9999017254755648,-0.002318952189056683,5
9.829151656358912,0.0015091655283133779,14.453125,49.44902016627707,1.7367541389345813,1.0000664716223713,-0.0022637734796578306,5
9.829525010201122,0.001517985625898697,49.609375,49.725686007059934,0.6233847183054119,1.0000107737935433,-0.0022146141879889956,5
9.829403539311668,0.0015262219676222752,49.609375,49.98958642997026,1.5147437318519223,1.000292678126197,-0.002402252520925647,5
9.829286523395979,0.001533971091367288,14.453125,50.249295209429455,1.7098569695517654,1.0000386370901675,-0.0027882959255434822,5
9.829550106318177,0.0015560791496447043,14.453125,50.98347684657234,1.8973710052050592,1.0004961283627922,-0.002981883810574261,5
9.82970363429503,0.0015638001289403802,49.609375,51.2313555601999,1.7119117471265781,1.0005588638593046,-0.0032727152672193524,5
9.829825512165364,0.001555009647370247,14.453125,50.94750181685306,1.7699237525982123,1.0002018003224862,-0.003646734065688076,5
9.829755680794548,0.0015533802239724092,14.453125,50.89607248496662,1.8660159458728838,1.000677153045815,-0.0037220004660038107,5
9.829843630280374,0.0015491282374241017,14.453125,50.758761760521665,1.8737523779151768,1.0009925099593648,-0.0036539474617383115,5
9.830139824938483,0.0015664952619730019,49.609375,51.31902582251029,1.8729516129933472,1.0007405704234658,-0.003544421665942387,5
9.830010895669961,0.0015675315417662242,49.609375,51.34734798576937,1.2654843380514649,1.00082486032046,-0.004112571873583711,5
9.830170601018564,0.0015786121083411994,49.609375,51.701945827760674,1.8813009022317904,1.0009613270444973,-0.004354286927956633,5
9.830361465948453,0.0015829529550850554,27.734375,51.854138464885345,2.2103735702015306,1.0012818654723257,-0.004471427238009903,5
9.830399097124847,0.0015821103853326853,27.734375,51.82475598749044,2.045857741703609,1.0009795419991532,-0.004303320802826164,5
9.830232758307305,0.0015834773765806202,27.734375,51.86060004416945,0.4094802480722137,1.0009090014815816,-0.004515601401925079,5
9.829967683685721,0.0015517820033975499,27.734375,50.83541022612203,2.6268553506573276,1.0012876512711812,-0.004542141297528716,5
9.829979642405453,0.0015514843725913492,27.734375,50.82615362364536,2.464820988870391,1.0011926836027387,-0.004955402535791669,5
9.82999636724047,0.001550452269609946,27.734375,50.79163715262297,2.569857704535631,1.0015331492446489,-0.0050515666795626114,5
9.83005495944531,0.0015502249689059715,27.734375,50.78654870405154,2.4774365719858906,1.0011025287522302,-0.004934323063145521,5
9.830145121514004,0.001544686010460559,27.734375,50.601323657985795,2.4568531965754423,1.0009167839080158,-0.005095680430788174,5
9.830074569933887,0.0015436860499769029,27.734375,50.565271032803146,2.705965969911631,1.0006313526061161,-0.005497822384193348,5
9.83047046389523,0.0015669825742751981,49.609375,51.30416185450314,1.774199989989332,1.0006937094254553,-0.005411730663861238,5
9.830414608853484,0.0015675435146798114,49.609375,51.31826078386114,1.9149322046275,1.0005485347914589,-0.005343365326343497,5
9.830388478064686,0.0015687532220909131,49.609375,51.35992916943235,2.6832472304777184,1.0004771047375713,-0.005442501681850242,5
9.830705793342538,0.0015577315439883911,49.609375,51.01983487014639,2.199988472253608,1.0007424033786176,-0.005172520499864353,5
9.830320614969809,0.0015551195026155139,44.921875,50.95094589962712,1.7658984835155327,1.0007573994651535,-0.005286457708952052,5
9.830044330050502,0.0015801055900398861,49.609375,51.75869537850066,2.1576022913989923,1.000593106947527,-0.005258306167888637,5
9.830285351057956,0.0015976804891408194,49.609375,52.320912783345584,1.401049743419814,1.0006293189888336,-0.0055331969089586945,5
9.830294216291332,0.0015979182172777952,49.609375,52.32927316250663,2.120679854444461,1.000617402556412,-0.005289610833242082,5
9.830121094455261,0.0016124633487654629,49.609375,52.81599653859028,1.8285345957701793,1.0012580339096888,-0.005596713419216348,5
9.829896365472065,0.001606104106347228,49.609375,52.594115026153155,1.5880095156511136,1.0017762610945216,-0.005704450156166856,5
9.830313819393906,0.0015872329118913379,49.609375,51.94187833182914,3.121331166716118,1.0019434636076974,-0.005710797085913748,5
9.830763075296268,0.0015534591072377893,49.609375,50.87115542485383,2.0577932478081493,1.0020033554562637,-0.005632047948585378,5
9.83040258943825,0.0015581775378662997,49.609375,51.045072243858804,1.681657894799476,1.001831201165068,-0.005430460991874425,5
9.830578600281456,0.0015673124483189156,49.609375,51.35073575484167,2.163349137055775,1.001986739664895,-0.004974592004934513,5
9.83041997426112,0.0015697736404318152,49.609375,51.435350170533546,2.4304821637803493,1.0018447430235453,-0.005068270722248539,5
9.830419035811682,0.0015698272257081108,49.609375,51.43708743820262,1.5382720337280869,1.0013844928476918,-0.005287740248491072,5
9.830557426385782,0.0015873556046588548,49.609375,52.00808047913324,2.5393324613323784,1.001667389449339,-0.005243756411863169,5
9.830702395870206,0.0015834746341837017,49.609375,51.884414999505225,2.8624453144960476,1.0015702597949743,-0.00526483625346953,5
9.830742347873212,0.001583190572026808,49.609375,51.87427807452882,2.6412370483631094,1.0013774690507613,-0.005220999924548889,5
9.831135585971083,0.001572603030383164,49.609375,51.53095064538806,1.3562582329905126,1.000961465694663,-0.005007746601007172,5
9.83103585295775,0.0015731950229032755,49.609375,51.54965233551321,2.085398757969718,1.0008424092244297,-0.004650369574649354,5
9.831396988097076,0.0015679019039549706,49.609375,51.36823081012297,1.8301541672747892,1.0006513857159125,-0.004175106602773385,5
9.83152223227724,0.001551999017505076,49.609375,50.85085946542014,2.5289703808448394,1.0004535833237165,-0.004506014069712567,5
9.831449312425082,0.0015575759256264243,49.609375,51.035304360437365,1.647235154399823,1.0007244224533502,-0.004312941339912684,5
9.831812767863,0.0015701283707321091,29.296875,51.44990294963185,1.972739951948218,1.0002941666259644,-0.0042466304300758,5
9.83158890248697,0.0015731597509342679,29.296875,51.54694716614507,1.7475628141619381,1.000225211073063,-0.0040290870947093495,5
9.831983948049677,0.001589280104493966,49.609375,52.06312957751597,1.7948792101815343,1.0005992188946247,-0.004110757982113384,5
9.831784358731978,0.0015753888936633018,49.609375,51.5979656852875,2.4961563350140445,1.0005235279187064,-0.0042870883733911146,5
9.831865522430126,0.001577616119647036,49.609375,51.66614368503163,1.5288413322571917,1.0002192905513476,-0.0039040819010928303,5
9.832047719306896,0.0015744804591590242,49.609375,51.573574645508884,2.2668680135369264,1.0004401985217297,-0.0041679773883046695,5
9.832268892123093,0.0015792161438161552,49.609375,51.71611301549411,1.2660378902401135,1.0006039655449686,-0.0035326548593903047,5
9.832361221857523,0.0015769352988838645,49.609375,51.647040959175214,1.8524853447379428,1.0004072379774833,-0.0033536309763225938,5
9.832194075759451,0.0015684720765806077,49.609375,51.37855540078843,1.412395540867389,1.0006968158677771,-0.002973282432657406,5
9.832528793377069,0.0015957968940108487,49.609375,52.28612767649031,2.679369279931658,1.0007467996234176,-0.0026981944064728013,5
9.832785694642759,0.0015861851626934422,49.609375,51.96246746841591,1.5673208283114946,1.0005035461133678,-0.0030690610644754715,5
9.832528070708797,0.0016038592623890645,49.609375,52.52854135960785,1.7472105377188807,1.000465393676121,-0.0031303643745993807,5
9.832867956968721,0.0015684688718954202,39.0625,51.34496960530455,1.57114750438753,1.00028903612692,-0.0028826896489704138,5
9.832978610751313,0.0015668909706735253,39.0625,51.30187684301682,2.344454015920443,1.000306818123017,-0.0026988468217489397,5
9.83311391566102,0.0015745157744954392,39.0625,51.54108667962779,1.3662872803324717,1.0005649352583832,-0.0030075925230036798,5
9.83295152197639,0.0016065260812173445,49.609375,52.575646394382396,2.317248616918126,1.0002884994011496,-0.0028385503992679213,5
9.833171713705118,0.0016027109066690903,49.609375,52.42840750962951,2.1883968065364265,0.9998054615441885,-0.00307391347562889,5
9.833041106667473,0.0015870012128165894,49.609375,51.89894918744194,1.9070914653348154,1.0004010734788076,-0.003125418684192007,5
9.83292973438997,0.0015813969081645697,49.609375,51.72789819713312,1.7787407519717817,1.0000241268805667,-0.002837934639648367,5
9.832816963135256,0.0015843208848081416,49.609375,51.8109568723924,1.997556416644026,1.0001106488364788,-0.0027916909741580423,5
9.83268005507827,0.0015869174808371422,49.609375,51.91141786137044,2.3400876237040698,1.000178372226371,-0.0028268943559490714,5
9.832601059366075,0.0015859583946708695,49.609375,51.87126866400175,2.0366290501260664,1.0001851422340986,-0.0028207087583902914,5
9.83266965767742,0.0015845567672855582,49.609375,51.817434479598916,1.6942278206903818,1.0005996821048273,-0.0030095099946621357,5
9.832531036932012,0.0015968113112904243,49.609375,52.202074680878205,1.519360181974965,1.000585060295968,-0.0028064280454001968,5
9.832315902655282,0.0016073678248280812,49.609375,52.573705221207305,1.2798503684146756,1.000879178181808,-0.0027531076546432097,5
9.832003973231243,0.001609311144967525,49.609375,52.59911006718249,1.6282206083257431,1.0008635043152454,-0.002149254446970782,5
9.832373258546678,0.0015830229315958954,49.609375,51.684143228376975,1.8619066672144982,1.000401079404704,-0.0022835398286094903,5
9.83291333712271,0.0015605165558040721,40.234375,51.021955248746195,1.4895018974142051,1.000282388220158,-0.0019570098072256383,5
9.832826300672002,0.0015584523413943237,40.234375,50.964661667977694,1.1334982372475981,1.0003729784990456,-0.0013643822211692423,5
9.833081925931873,0.0015608509889017581,40.234375,51.07077816325353,2.5577071572127656,1.0000112702443142,-0.0011655186675888858,5
9.832645245648253,0.0015553549152344606,40.234375,50.92778439623899,2.3862295427497884,1.0001442312089002,-0.0010640793182575125,5
9.832545498527729,0.001550706707307006,40.234375,50.76809839593199,2.38421831509307,1.0006124703185282,-0.0009573423870194961,5
9.832557168248718,0.0015513307298367178,40.234375,50.78764111009743,1.9404612045436807,1.0008068388378515,-0.0008208782883427844,5
9.832858126526283,0.0015385435630083132,40.234375,50.38912457900042,2.9243652576284753,1.000907528879841,-0.0003433133573389241,5
9.833059162994152,0.0015151073215404795,40.234375,49.6081347502986,2.23008618465974,1.0012697246109816,5.3327941448199685e-05,5
9.83323970949609,0.0015082463490538722,40.234375,49.395138545994044,1.1912050005824615,1.0011804561156803,3.764607746166662e-05,5
9.833399932941951,0.0015043324811919788,40.234375,49.2565024559275,1.6883682109704143,1.0015079671734746,4.128528751909231e-05,5
9.833307239154276,0.0015048934984031657,40.234375,49.268108794615536,2.7436871186279554,1.0017007544246403,-0.00046370062581335605,5
9.833115521909683,0.0015073605359184103,40.234375,49.36234352011044,2.0286727543922702,1.0016078551083525,-0.0004825722573008955,5
9.832923196963385,0.0015165929555788099,40.234375,49.651430318835956,2.1990545579428726,1.0014829447690123,-0.0007128053185500565,5
9.832834340677895,0.001516459151829761,40.234375,49.65355705380519,3.1564379057551073,1.0012532081684966,-0.0007649702678058296,5
9.833048901561401,0.0015156586243259549,40.234375,49.640914729346605,1.9078789850403457,1.0011100185026558,-0.00048654893747240635,5
9.833033727369239,0.0015167727208200694,40.234375,49.678268280442644,2.0486092442685426,1.0010285215999,-4.142750141161729e-05,5
9.832961509156306,0.0015159376275119107,40.234375,49.646738616974986,2.279475746311315,1.0014005280513023,0.00036059905704089845,5
9.83261148463724,0.0014672565130490962,49.609375,48.0685578752736,2.0883176487089563,1.0011663333601775,0.0002694221065123257,5
9.832346594246829,0.0014725119082432067,49.609375,48.22863889328515,1.6303918438485805,1.0008866055930328,0.0005169834922574532,5
9.832488148708487,0.001474675441335822,40.234375,48.2911673233138,1.3907349803060545,1.0007805564208643,0.0010235456152394647,5
9.832552671865555,0.0014776254556430539,40.234375,48.39180973881108,1.842429124165695,1.0006839812932697,0.000969528782345069,5
9.832423735534544,0.0014908574504724583,40.234375,48.83252429727493,2.5564945284471228,1.0005710244971255,0.0011006912415752633,5
9.832430656864544,0.0014911369902041163,40.234375,48.84203610513673,2.43667197115307,1.0008147695809946,0.0012879928717143046,5
9.832407155089419,0.0014913261145716025,40.234375,48.84940463013295,1.9856757862871746,1.0010076371132461,0.0011297145929949398,5
9.832335483596173,0.0014944224691284327,40.234375,48.94718083470364,1.7470203680629008,1.0009623892367772,0.0013302971475564057,5
9.83211989733213,0.0015021247462667956,49.609375,49.209637214582656,3.1979064857453827,1.00087341493317,0.0015618172572121015,5
9.831865015425725,0.001509046315124875,40.234375,49.42421166599868,1.9296294583364215,1.0012817796945004,0.0012116476551935517,5
9.831670382293384,0.001503450975175218,49.609375,49.2505880585321,1.4146163812220038,1.0005346344172459,0.0013335075198544898,5
9.831538046234572,0.001507207618093803,40.234375,49.36734394643277,2.3570070071061004,1.0001616496959598,0.0015899203636911474,5
9.831354882984668,0.0015266931818892415,49.609375,50.01431936120549,3.3421176830282397,1.0001568080295005,0.0014696916053735264,5
9.831265897280986,0.001528998029606091,49.609375,50.08600306958525,1.9850912154082228,0.9997726668062142,0.0014298532269623686,5
9.831046323652282,0.0015310013146665477,49.609375,50.160186200367065,2.4032152508455815,0.9998611534585288,0.001544236339191511,5
9.83077713361963,0.0015140222192004558,49.609375,49.59290841449916,1.8785373310201976,0.9998374377941631,0.0013876065318803872,5
9.830905481939922,0.0015177506417059156,49.609375,49.708209133916235,1.7349781642151356,0.9995685461486081,0.0015791941000079307,5
9.830216558320789,0.001509174530268898,2.734375,49.3718500464557,1.5439161124134746,0.9992966078821186,0.002152577969323848,5
9.83061640744102,0.0014735233803409376,40.234375,48.15725032484641,2.662159365486635,0.9988444323500458,0.001991714890331797,5
9.830831880654138,0.0014562118956250479,2.734375,47.6162844805094,1.0396948282262504,0.9995228699162507,0.0018185979854489194,5
9.830394424489205,0.0014702536226330965,2.734375,48.120432571773016,1.8336937813958987,0.999876016904527,0.0016605273838737615,5
9.829988263726996,0.0014636708830499064,24.21875,47.864266891036024,2.361379133197867,0.9998114791183255,0.0013486868964027797,5
9.830061576780288,0.0014699469878289712,24.21875,48.061466862850445,2.301337458714746,0.999436171300008,0.0017614642532354915,5
9.829772115949819,0.0014682771472151928,24.21875,47.96992415027154,2.0017027052575336,0.9992334285302439,0.0018765899168768942,5
9.82996065641396,0.0015031968034178733,2.734375,49.08723208022746,2.0518091890844516,0.9992534165259845,0.0025515040958228796,5
9.829962328003012,0.0015031637353448224,2.734375,49.08639758415917,3.0457629689602377,0.9991679102471438,0.0028515130841997006,5
9.829683969203819,0.0015400166220819593,24.21875,50.3329161693679,2.1552969368567574,0.9990697820118314,0.002959008660716338,5
9.82954864320566,0.001545687639326128,24.21875,50.50045555040616,2.766899050934929,0.9987783352461469,0.003111853394125746,5
9.82918720799533,0.0015785502187464393,24.21875,51.62346446735905,1.4701601298280973,0.9986736407851545,0.003141559474404692,5
9.829362241194202,0.0015808872640415618,36.71875,51.71932571934708,2.1912427902000977,0.9985770887022344,0.0027654350324256664,5
9.829337374038252,0.0015848044432146863,36.71875,51.85026022397289,2.0303092239325147,0.9985557517698521,0.0022745843048375316,5
9.829252618426237,0.0015861230420960873,36.71875,51.88452058659787,1.299833693421533,0.998213882587531,0.002452452575133816,5
9.829072438205989,0.0015889749218980563,36.71875,51.9964288594546,2.2435000912446412,0.9984486352126183,0.0025436299745158113,5
9.828995752071329,0.001588906422398309,36.71875,51.98658851448467,1.901087968624779,0.9986444951826813,0.002781650390654726,5
9.829036786939348,0.0015859373200421175,36.71875,51.8850741779714,2.1835724082751162,0.9984007005080868,0.002627598422226647,5
9.828966497041625,0.0015804493585580785,41.015625,51.69775489746641,2.4741859461331237,0.9983078427203247,0.002807027849397297,5
9.829036504332821,0.0015780292401774542,41.015625,51.61067097138783,2.0623995232538923,0.9981787005128244,0.0027769368071537746,5
9.829017397552116,0.0015779567846529923,41.015625,51.60611718838004,1.9942525721974864,0.9980673796023475,0.0028651910567725185,5
9.829095892292901,0.0015782398133890193,41.015625,51.60618633148913,1.832667934356626,0.9980911950436195,0.0029485002012689353,5
9.829077911700043,0.0015791092732691239,41.015625,51.632511351880304,1.7953894340838208,0.9984673874919758,0.00355240591963933,5
9.828802911787136,0.0015798298612086622,41.015625,51.68692634889132,1.9583081273582745,0.9981717044919197,0.003355896394004938,5
9.82887577406488,0.0015821711245418127,41.015625,51.77097563901712,1.8598319252547906,0.9984827719223135,0.002873704598748382,5
9.82915749171973,0.0015775944416167513,26.171875,51.59073488343373,1.6964201864575443,0.998631212793143,0.002966547012640461,5
9.829356725596119,0.0015937478931136225,26.171875,52.14199838076577,1.6401854789291974,0.9984849769874271,0.0031966289955745403,5
9.829434774067211,0.0015981886051276365,41.015625,52.279223901917454,2.261879588055308,0.9984186961297861,0.002984516929095385,5
9.829168182566836,0.0015652495968888184,41.015625,51.168559276964594,1.8874193659139564,0.9983774572070141,0.0036523304071630048,5
9.829069914642615,0.0015693740538446656,41.015625,51.31579601979724,1.6100969674480439,0.9984198123467032,0.003610150206284112,5
9.8292907848891,0.0015773129707671695,41.015625,51.6007947967975,2.011771208484182,0.9986824687695025,0.003325267841673347,5
9.829362333863958,0.0015751605179542183,41.015625,51.522561314043124,2.4711006787256338,0.9988844433346018,0.0036582129740771923,5
9.829591856775046,0.0015830993600203713,41.015625,51.80622022440389,1.9171582801403322,0.9989026002730682,0.0030781621274418368,5
9.829467380226824,0.0015768888070878985,41.015625,51.6140238765906,2.1874709719280268,0.998863965494028,0.002924405852108324,5
9.829114119841725,0.001585180282529265,26.171875,51.85097023235724,2.681919406517409,0.9987712760212579,0.002930722078146778,5
9.82928719459984,0.0015839878314857368,26.171875,51.791886361981604,2.0717599155104836,0.9985208911121853,0.00297802260008136,5
9.829274927451376,0.0015842819148546696,26.171875,51.80003014617849,1.9715423128412415,0.99858623404317,0.0028619539205545514,5
9.829848417194704,0.0015815711887120494,36.71875,51.630411817622104,1.8715804891799053,0.9982059505545893,0.002728145328713897,5
9.829813661077024,0.0015793701642110452,36.71875,51.552699479551585,3.2141975009872112,0.9979513521553092,0.003007771117834403,5
9.830062905631088,0.0015889885716301147,26.171875,51.825474676183916,2.1069574700231897,0.9975276364436695,0.0030124806510104817,5
9.830099596419924,0.001593665719971928,26.171875,51.98523275607853,2.2306498539886284,0.997585415202029,0.0028783908003551396,5
9.830153747278953,0.0015920469153650816,26.171875,51.92256763585882,2.0374265051274656,0.9975472534566687,0.0025483856823532145,5
9.83033397759924,0.0015873885490855213,36.71875,51.8011963755742,1.4267204376895581,0.9975384597383727,0.002602093056966435,5
9.830311896886688,0.0015870739478005041,36.71875,51.794572649428325,2.613793282169354,0.997222504025609,0.0020855680035409318,5
9.830165552295286,0.0015919780890476676,36.71875,51.930251682292244,1.8412079962872667,0.9972614957842482,0.0021272355850707535,5
9.83028522881125,0.0015900325055295454,36.71875,51.84499503555641,2.464614524005204,0.9971070133281786,0.002332324903406925,5
9.830085569513004,0.0015707953899314498,36.71875,51.17666873164867,2.237728029505282,0.9970112233970264,0.002721759645462023,5
9.829915690911339,0.001582479294254595,36.71875,51.591994492466974,2.508224990328017,0.9967641430262546,0.0029986798523773577,5
9.829705402764947,0.0015689140432361877,36.71875,51.10701914828689,1.6102525650130701,0.9963505544362969,0.003033967279866903,5
9.829778629338138,0.0015716714861686485,36.71875,51.18260255691393,1.9534988730423113,0.9964074272534232,0.002912124561414383,5
9.829757743907624,0.0015720182396671688,36.71875,51.18968721160221,1.7039870828060277,0.996523498137971,0.0031645611329791457,5
9.82957685997559,0.0015578704573052937,36.71875,50.76219306950544,2.5053970223925717,0.9970194336921522,0.002902513741481298,5
9.82937868930988,0.0015655412700801266,36.71875,50.97388757235802,1.8923231126937026,0.9971877301643303,0.002993478291375969,5
9.829293655750332,0.0015616903157128002,36.71875,50.86503370809444,2.6805355922600334,0.9971115850786593,0.002939712844541603,5
9.82944158682118,0.001568386911634443,36.71875,51.11349444217294,2.3033622350606797,0.9975546600757911,0.0030729427671352893,5
9.829605446926251,0.001563783732729294,36.71875,50.9304197112622,1.805284862103387,0.9975870255247362,0.002993010193496935,5
9.828956816959845,0.0015689737540084032,40.234375,50.95560624282834,2.063997097363123,0.9974453652721693,0.0034089088544606745,5
9.829389932332772,0.0015865356520412908,40.234375,51.41897998709241,2.379505732658193,0.9974691821092462,0.0036311441186666258,5
9.829248668994639,0.0015825223188330254,40.234375,51.24825198787014,2.680966843767237,0.9977862857263226,0.003680907187805198,5
9.829330802252423,0.0015782441028179294,40.234375,51.08465942160362,2.3003862080064814,0.9979658766145068,0.003525604274369798,5
9.828997761355525,0.001591013355945652,36.71875,51.403651019584416,1.5484365270773803,0.9975902612384928,0.0033184204823894477,5
9.829112319375099,0.001594206170772315,36.71875,51.472391002184615,2.0371246163255514,0.9974571678201326,0.0032852285725289846,5
9.829688036943255,0.0015782411994037693,36.71875,51.12087881164505,2.4075887139454912,0.9979404019195076,0.0034451448446339216,5
9.829916079106015,0.0015660444482926133,36.71875,50.655831693967095,3.0456700424777714,0.9978703397020596,0.0033500564340695365,5
9.829936985200014,0.0015654805407576925,36.71875,50.643489640979624,2.140617107090899,0.9976977545921072,0.0033119584720938218,5
9.829754297885648,0.001571799239428162,36.71875,50.90294185559546,2.1726230693044877,0.997283764294114,0.0035274999698483318,5
9.83012515459828,0.0015696289769665016,26.171875,50.931474545515925,1.3265403900004458,0.9971174129983789,0.00343836271339732,5
9.830356213515493,0.0015720298496791415,26.171875,50.94912010807393,2.2829899516715764,0.9968611954863608,0.003404152380175669,5
9.830522340393065,0.0015699011311882257,26.171875,50.923596405900156,2.223458353862952,0.9964177981601959,0.003323861172383471,5
9.830541866605573,0.001570841418968471,26.171875,50.949302835530304,1.7955821120885957,0.9965116393655453,0.003930574199892242,5
9.830668094182236,0.001567501880931105,26.171875,50.87243236814024,2.3356667793790016,0.9961605597386024,0.003913298632090245,5
9.830636337890038,0.0015670877562842629,26.171875,50.86688924732306,1.9574276977012535,0.9957394533155879,0.004320430168645754,5
9.830679178533577,0.001569930644499984,36.71875,50.97076895341929,1.8252224741542402,0.9955025393759531,0.004281542374201351,5
9.830639059378495,0.0015691524324823929,26.171875,50.955202138324736,2.103511428089405,0.9954126421941567,0.004338924766176718,5
9.831182132145612,0.0015995104060172894,26.171875,52.07406070092055,2.3032882883732477,0.9956483704244649,0.004091467307848368,5
9.83091407613605,0.0016075741266954869,26.171875,52.39241702204466,1.5456875092883517,0.9957368775430133,0.004445094573155676,5
9.830782622533826,0.0016219220668479734,26.171875,52.8366163834885,1.8240438349954882,0.996200591339598,0.00433225295192498,5
9.83083331128698,0.0016225120649759823,26.171875,52.84563902129592,1.810405797084968,0.9962701716106056,0.004489075738884027,5
9.830787146577334,0.0016223879329582314,26.171875,52.83203474957739,2.3292574114044933,0.9963217821046005,0.004605159731807243,5
9.830995884966008,0.0016295462491973298,26.171875,53.02173372162916,1.42703740368961,0.9962924114123446,0.004392094517582301,5
9.831004410537147,0.0016294152814272092,26.171875,53.019330527583634,2.3477178932504708,0.9964439653737085,0.004168743567526251,5
9.831161158261766,0.0016361569641052522,26.171875,53.204762082298856,1.8158424761507679,0.9968107680515426,0.004334173385236124,5
9.830874033072382,0.0016225785431165398,26.171875,52.69065730809739,2.2121360853804313,0.9971554448580711,0.004588135792852594,5
9.830319919529547,0.0016090940745026525,26.171875,52.377433765304076,1.5220536937764944,0.9966556429098715,0.005196414285273754,5
9.830390297560601,0.001608779130048528,26.171875,52.382011510104626,1.784757412061784,0.9961509952899096,0.004893348502011007,5
9.830416701179248,0.0016119955729964877,26.171875,52.48185675733127,3.010961308663051,0.996544998268303,0.004445857521118308,5
9.830318342858794,0.001615148055416674,26.171875,52.56407612162267,2.2880412451680363,0.9969508035463825,0.004577765242549628,5
9.83015943082127,0.0016149676946114716,26.171875,52.591910424617325,2.331879837810751,0.9969463826934889,0.004452705084996232,5
9.829926537096064,0.0016314012405554597,26.171875,53.08038617426563,2.1796189944689104,0.9968511071857936,0.004380286654269459,5
9.8298104010322,0.001633239112169343,26.171875,53.16599646956899,1.8922240232253291,0.996796281644337,0.004746564745760397,5
9.829598615746448,0.0016553423410012574,26.171875,53.8433157994649,1.796977033438452,0.9966715645690155,0.005089629588304667,5
9.829687116937077,0.00165037981138747,26.171875,53.66020937660684,1.0689503758670373,0.9965874737615573,0.005404589034381819,5
9.82961825079364,0.0016452246373407052,26.171875,53.47498215985626,3.4781225800543325,0.9967955810524026,0.005537379364541739,5
9.829320227024322,0.001628606626329257,26.171875,52.99875556789382,2.4957808541318323,0.9970032563872684,0.005188483988870757,5
9.829323604124365,0.001628352890049282,26.171875,52.991181876103376,2.1518176572341567,0.9968891974173207,0.00535431584991582,5
9.829601026147277,0.0016337684283514707,26.171875,53.10529681309457,0.9791612868721131,0.9966345034001861,0.005101277846355512,5
9.830049303768526,0.0016432547817596514,25.78125,53.51598735072512,2.01895495786448,0.9967351422491642,0.004553916827842216,5
9.830035276557151,0.0016430031899394135,25.78125,53.51065487621189,1.255679386985624,0.9970384698316552,0.004329341318969054,5
9.829837047293958,0.0016430805087775575,25.78125,53.470844693755716,1.6482695876220532,0.9966375317448389,0.004317618636402403,5
9.830241859489622,0.0016193168554791723,25.78125,52.59768606611022,2.042564623682362,0.9966660188612935,0.004188617959124822,5
9.830371193048336,0.0016266308365278591,25.78125,52.86870071719446,2.5018714131001616,0.9962170511867995,0.004882853606934245,5
9.830769794280124,0.001619014682647677,25.78125,52.518997675935616,1.3325703145795462,0.9956738829695736,0.004464413130308444,5
9.830645429576839,0.0016259838537867125,25.78125,52.71398929682887,2.583144936329821,0.9955826455023615,0.004160595100006892,5
9.83045391834934,0.0016343699663650389,25.78125,53.03975750037097,2.3399100071304324,0.995502601025516,0.0043322254103144225,5
9.830412509207447,0.0016348815224209855,25.78125,53.04570250619976,0.9703320143125893,0.9951784440532699,0.0046098535935696705,5
9.830622480490545,0.001634737999121305,25.78125,52.98441736457869,1.7735315511890803,0.9951269962674493,0.004663782567651616,5
9.830487631965388,0.0016419854433818743,25.78125,53.184039548953656,2.130984815174694,0.9947852962551306,0.0046662536878694875,5
9.83035123402685,0.001654000818797502,25.78125,53.61604955089329,2.0536077425385884,0.994882939070279,0.004214419725085952,5
9.830537944019605,0.0016508298856214776,25.78125,53.562581585161446,2.1985890951521774,0.9946970723026655,0.0048003224901685074,5
9.830434624766115,0.001641317535951021,25.78125,53.27780929343254,1.315815299989481,0.9945790106630034,0.004910966105824471,5
9.83053291318023,0.001639382095811254,25.78125,53.239356650861005,0.7669026483672496,0.9946091712326605,0.004474605599626082,5
9.830552653865837,0.0016388471910260094,25.78125,53.216865043570024,2.5528116709526025,0.9946157767692927,0.004286835299444397,5
9.830398854580855,0.0016423521354623407,25.78125,53.29216723984198,1.8043992949824315,0.9947566568783963,0.004558077620478143,5
9.830132143067358,0.0016436411860628654,25.78125,53.40200202348207,2.3298419819451133,0.9948389707441602,0.0049178383336523045,5
9.83042927115459,0.0016483053902208824,25.78125,53.62465288574878,2.3233654138930433,0.9949814645500811,0.004828685984520035,5
9.83040497874942,0.0016477266415632775,25.78125,53.61114042036314,2.508727838378642,0.9951539406651095,0.004526959655164791,5
9.8306039399105,0.0016504553723783926,25.78125,53.74375302427005,1.683053555526082,0.9947114537485263,0.0042157856957806975,5
9.830154320511618,0.0016541604342295436,25.78125,53.95322421222963,1.1880284977584477,0.9952208151042319,0.004051506853512979,5
9.82988795253149,0.0016558826985992544,25.78125,53.95908727041955,1.2169026203021833,0.9955920513984239,0.003944595293316048,5
9.829987968868743,0.0016574741100268658,25.78125,53.99104497078142,1.6265625341014431,0.9952510195622565,0.0042065467637138814,5
9.830117538422757,0.0016659085271143292,25.78125,54.29345386616607,1.5116847128265363,0.9948910801540942,0.004716578531847321,5
9.830176553383195,0.0016647788632307506,25.78125,54.24471764963976,2.9998959011803286,0.9946202705758347,0.004904900224883151,5
9.830111510543038,0.0016628096876716114,25.78125,54.16701087045143,1.7151280248763214,0.9943397076511779,0.0051455345906809445,5
9.830363800482665,0.0016665579058469347,25.78125,54.23608290220505,2.4867791780925472,0.9938076639964143,0.0053280271067866385,5
9.830368997126202,0.0016665545294532477,25.78125,54.23712146910546,2.090991905022141,0.9937419198099426,0.005659552544509381,5
9.83034083820833,0.0016648972833222062,25.78125,54.18901321538571,2.217595634439931,0.9940469188170781,0.005383740785645756,5
9.830521249040657,0.0016675822931073543,25.78125,54.31546213035562,2.632868255600139,0.9942309306505785,0.005234149565081553,5
9.830031041353351,0.0016951194598826783,25.78125,55.311548008144264,1.8497456948268034,0.9941315837902418,0.0052024605544299125,5
9.829965470801985,0.001694757418392239,25.78125,55.288057211620476,2.3550382312993556,0.9941331014280763,0.005015749452395004,5
9.82996299761295,0.00169459616636916,25.78125,55.28321698171358,2.042654980688288,0.9943368593962708,0.00475914619874182,5
9.829935924250172,0.0016963954520822725,25.78125,55.33729734115565,1.7959225154736487,0.9942465685070281,0.00429275091355128,5
9.829870351588763,0.0016931898035727636,25.78125,55.24398815744247,1.394993956854402,0.9938962408510846,0.004762230335608945,5
9.82992149092891,0.0016936585121328017,25.78125,55.26830204381253,1.4278807987769444,0.9941155366777555,0.005028903277067137,5
9.830026766766421,0.0016893326107697455,25.78125,55.10792881994068,1.8991568088677013,0.9940219062007625,0.00456267229683765,5
9.829660353109887,0.001685681512978302,25.78125,54.91781186768396,1.6770139253130765,0.9944128950349878,0.004946166463342295,5
9.829400732346414,0.0016866031591703386,25.78125,54.998857601105655,1.5974042490779539,0.9949164037444929,0.005315564469650184,5
9.829185447820956,0.0016823073138023358,25.78125,54.81624187338323,1.2525696078652497,0.9951480948598026,0.005267993284190295,5
9.829286997509072,0.0016875271241311293,25.78125,54.96648993792496,1.6499122135573998,0.9953570016152116,0.006080050841873676,5
9.829609730181922,0.0017306886865684201,21.484375,56.444556022411795,1.0459655762303253,0.995841310681793,0.006005369993472938,5
9.829624703791279,0.0017316463981443507,21.484375,56.4731316458189,1.5236438506411407,0.9954992487757995,0.005780343507138935,5
9.829903279324096,0.0017314772816695695,21.484375,56.517400281903036,2.022770786670056,0.9958154752493967,0.0060026449627258865,5
9.830034483997375,0.0017221741496128344,21.484375,56.189729006321144,2.3511515850841533,0.9960114693589914,0.005679459918910157,5
9.830119257511235,0.0017215264218723406,21.484375,56.18338165768322,2.454898329335265,0.9959178417578319,0.005830888817528683,5
9.82966133919841,0.0016505592151269983,21.484375,53.930147831299955,1.8737666995220934,0.9959766888319082,0.006446254878572988,5
9.829872506144781,0.0016468310759026267,21.484375,53.83665815925806,2.1444430664147753,0.9957889542499442,0.006593989372325472,5
9.829856055200635,0.0016476322376845903,21.484375,53.86502177302093,1.1958252695585543,0.9963231042923145,0.007026359634294339,5
9.830047883125937,0.0016382762175222473,21.484375,53.5817517187504,1.7063064884229486,0.9962400226257284,0.006947814743514685,5
9.829912804025573,0.001634324205888692,21.484375,53.46721798171552,1.238216521657402,0.9958857657201851,0.007135304370645071,5
9.829935222063344,0.0016336987398587704,21.484375,53.449090769607025,1.5154119673995108,0.9957583261343984,0.007119259795333879,5
9.829589590672272,0.001648075101869842,21.484375,53.952516683773254,1.7999622664574417,0.9960434138252404,0.006654504302516734,5
9.829648957845928,0.0016467507930602067,21.484375,53.91388895304164,2.5302673369806143,0.9960888086500133,0.006363083799701638,5
9.829391622231485,0.0016331221145616508,21.484375,53.48529806700896,1.7745616581802703,0.9963733088547849,0.006009307535380149,5
9.829657770918178,0.0016249012090828526,21.484375,53.229959932373774,1.8884870409965515,0.9960814452696166,0.006026307059434674,5
9.83014421191292,0.0016381509286035655,21.484375,53.63494616825765,2.521185715588217,0.9962975839146307,0.006115273737074014,5
9.829856334555487,0.0016161306534618264,21.484375,52.88881236153558,1.2269709688359096,0.9963196073449366,0.006081318715760793,5
9.829715974664698,0.001608643458980101,21.484375,52.65613167911597,2.437861341601092,0.9964117377855005,0.006006210499096623,5
9.829803075905103,0.0016070219316506016,21.484375,52.610204330034485,2.4319431368858204,0.9967646890547704,0.006222300009252117,5
9.829660130117624,0.0016114560067559945,21.484375,52.76625005342547,2.242392458979642,0.9965728143925314,0.006280617731805178,5
9.829805982519037,0.001613153830942251,21.484375,52.831472642024366,1.18128039238339,0.9968761111348516,0.006232447223364158,5
9.829336934943713,0.001606013045075785,21.484375,52.61886753418238,2.156794023781307,0.9967067653915155,0.006086391492295683,5
9.829361128482569,0.0016052050468450864,21.484375,52.59310301759578,2.225715091552653,0.9964367243873692,0.00642020458318655,5
9.82918375124429,0.001593410538079419,40.625,52.210668836922274,1.872685014349069,0.9967617467353563,0.0069037335236363925,5
9.829169352254995,0.0015924012081838343,40.625,52.177343384009234,1.3293663378462952,0.9968703393338909,0.006996799209211095,5
9.829495312213707,0.0016161262116772565,40.625,52.9454302977769,0.8333832464159059,0.997060677497216,0.006941877797737553,5
9.829819085193146,0.0016269410354423862,40.625,53.30910502106749,1.9435754331461794,0.9977034731048545,0.006899289274498377,5
9.829635075397416,0.0016259561814991974,40.625,53.27905396796993,1.84887580291858,0.9975797469896561,0.006297093384699706,5
9.83003701396143,0.001658651776831682,21.484375,54.34755649032369,2.4230914647814643,0.9977104482242155,0.00690765238002484,5
9.830244456886554,0.00165769145786539,21.484375,54.31889038525246,2.289265319304832,0.9974761302648631,0.006845649856533897,5
9.830123161403343,0.0016601474122409057,21.484375,54.399698651020344,1.7550350618391046,0.9972839274191825,0.006838976404258546,5
9.83016524873744,0.001658983030879691,21.484375,54.36143392123905,1.3955356890219264,0.9974017796399396,0.006625639233575317,5
9.830276009972126,0.001661668500279476,21.484375,54.44947236320645,1.4849363371868094,0.9973955039552247,0.006555196017140167,5
9.830206856941764,0.001651810513865494,21.484375,54.126063763507936,2.166486123320889,0.9975480885781195,0.007009008247109633,5
9.830613443278038,0.0016842598419896733,40.625,55.18077849367456,2.1511095680301273,0.997906408867049,0.006850378209840405,5
9.830826345528779,0.0016844477197959942,40.625,55.19278140515864,1.6975065091489039,0.9980643263441239,0.0070784205748310475,5
9.830789105056446,0.0016830905348799794,40.625,55.14902658631905,2.4161428128063562,0.9984676414880939,0.006817251705037623,5
9.830609251664082,0.0017079532338648788,40.625,55.95942225338023,2.1062677502438114,0.9988983439661527,0.00723483570883579,5
9.831143262342279,0.0016941513442156144,0.78125,55.481887491803384,1.3297269107715692,0.9990066740102316,0.0067937596227573265,5
9.83092117123141,0.0016772657931587373,21.484375,54.91256778374719,2.2904792276506973,0.9986482933430558,0.006932335735735395,5
9.830922087473402,0.0016772914993770515,21.484375,54.913337363659636,2.035466953128586,0.9992504571004465,0.006771775193099354,5
9.831466678846075,0.0016822505540960379,21.484375,55.10938128288471,1.9689578761838977,0.9989239836462379,0.00672288111767615,5
9.831843405728,0.0017063295130408797,21.484375,55.877267291432446,1.0100448757960596,0.9984661887247911,0.006178789463324642,5
9.831837843273997,0.0017060137453392549,21.484375,55.86653849730019,2.024308955838933,0.9978852447308411,0.00601461034740016,5
9.831627315874506,0.0017094771265881042,21.484375,55.99305985212702,1.4836055684791063,0.998409248559277,0.0061227840752766625,5
9.831533960816204,0.0017217316558772778,21.484375,56.389195303117184,2.4633723715778615,0.9985662551458134,0.006315855761306631,5
9.831475690828745,0.001717069305200681,21.484375,56.23987002339561,2.083241758185371,0.9986972613765492,0.006306768653065279,5
9.831615726222603,0.0017139370309555192,21.484375,56.14461430529013,2.1877169566068915,0.9991234100092167,0.006631349638822485,5
9.831545533063435,0.0017193862481930762,21.484375,56.3263912837775,2.519894397339764,0.9992646192408834,0.006756760809732517,5
9.831185400948831,0.001694847401590927,21.484375,55.50237560155246,1.5851807064573222,0.9991518187455289,0.006974840121820902,5
9.831166450138378,0.0016947640596394677,21.484375,55.50090510168875,1.6374522963657607,0.9989832131160528,0.007046688389599758,5
9.830999169549344,0.0017015267253042824,21.484375,55.71056496404295,2.3483847630935393,0.9988153301908808,0.007271950742238942,5
9.830573280072274,0.0017164231750661887,21.484375,56.225479425873004,2.115892879265933,0.9985847107705293,0.007146464055183832,5
9.830883726130395,0.0017315484793262465,21.484375,56.73314131394215,2.1308343962518848,0.9984852325524295,0.007030572199687724,5
9.83059868965318,0.0017299024534768957,21.484375,56.684693282010855,0.7552965135000704,0.9987854896574173,0.006848641300503779,5
9.8310021560835,0.001733813349466477,21.484375,56.811512517730435,1.9256017607888982,0.9989885645272731,0.006828468607363896,5
9.831037470782725,0.001730805420965122,21.484375,56.71349141433523,1.3536586410615807,0.9986012500581567,0.0066620460322749635,5
9.830664063429523,0.0017182778793748367,21.484375,56.303726213202616,2.5170821494963698,0.9986923288372087,0.006396406211143379,5
9.830859858669367,0.0017145872777005737,21.484375,56.179527268929036,2.779645176675937,0.9984758452462349,0.005966850106961284,5
9.830389189193356,0.001703399278065641,21.484375,55.79479064964048,2.115144703706998,0.9978919995357386,0.0058423883023309125,5
9.830383619839923,0.0017032874797145976,21.484375,55.791426628979295,2.3590908911998363,0.9977001807046022,0.005775125768848296,5
9.830414886295657,0.0017051345347654514,21.484375,55.8535939574088,1.8409139647228585,0.9977068939914068,0.005969096787117675,5
9.830291587883341,0.001705002052132878,21.484375,55.855107524981655,2.0713184887208627,0.9974893853450374,0.005968086597726371,5
9.830136734536069,0.0016984551983922382,21.484375,55.633066976958965,2.7753841661227248,0.9972973419972331,0.005759093327397718,5
9.830123245277155,0.0016984572212233053,21.484375,55.633850224238266,1.9708816097530264,0.9973565989931972,0.005495134078681575,5
9.830046111174788,0.0016990369695128076,21.484375,55.64858682268877,1.9885726419658265,0.9973106724756104,0.005057263944462572,5
9.829863276430327,0.0016761221210607558,21.484375,54.90717889609444,3.5985821225367545,0.9973460661809532,0.004561267469190947,5
9.82981625849787,0.001675090031370985,21.484375,54.871134391937176,2.3891586117509482,0.9974270838577766,0.00441849799628564,5
9.830092725650696,0.0016589510909883287,21.484375,54.32628003548526,1.4235459621850168,0.9977604791836714,0.003966624343345451,5
9.830146223949672,0.0016590441410459685,21.484375,54.33281870517564,0.9695616386028026,0.997444805941431,0.0035419757539611723,5
9.830090073663445,0.0016587463557828435,21.484375,54.32652172180524,1.5644461628362478,0.9974752500473726,0.0034214258778899154,5
9.829832774339858,0.0016506949816324917,21.484375,54.04513962791466,1.8863657301893302,0.9976619311428587,0.0038321086643938007,5
9.830359994850735,0.0015991079680707369,21.484375,52.30521255422176,2.6726656280819348,0.9972575593251153,0.0036216232429079846,5
9.830254619204279,0.0015972559978040626,21.484375,52.232444537782534,2.4252665475772424,0.9977941553166367,0.0038577624930513253,5
9.830089993434866,0.0015889307494892516,21.484375,51.9781996117789,1.9614282759369719,0.99744258271582,0.0037043293779979803,5
9.829899235219695,0.0015929449375574193,21.484375,52.088070687749294,1.9673656027249915,0.997203080108171,0.003344064921240778,5
9.82995695898158,0.0015909748231957275,21.484375,52.01648785881825,1.0254069834966988,0.9973709127416908,0.0033516388111777475,5
9.830176739250273,0.0015926479273262577,21.484375,52.09689664099405,2.1268633753740382,0.9972024201106859,0.003562229574668377,5
9.830360591332779,0.0016006874120808071,21.484375,52.33914880085238,2.811719956640445,0.9972236649395564,0.0035823421817867736,5
9.83039420649921,0.0016010319736035165,21.484375,52.354478428025004,2.6234573657820874,0.9972738387514354,0.003764597828410116,5
9.830686576689672,0.0015878976456854491,21.484375,51.88648401507133,2.092100280618373,0.9974692167498774,0.003540646483400453,5
9.831051052840138,0.0015850807599470773,21.484375,51.84020316650396,2.276939842614714,0.9971726880806276,0.0036889633965867526,5
9.831016606579905,0.0015882722045161416,21.484375,51.9486797171675,2.833659132125225,0.9972180867530555,0.003105885956104379,5
9.831138563653601,0.001595198559553498,21.484375,52.18882295019429,1.5275498301937962,0.997649366801996,0.0030484957599881688,5
9.831033877991466,0.0015875667308564245,21.484375,51.94927956048503,1.7546996973251225,0.9976283511734482,0.0032786907137907105,5
9.830971800979286,0.001588232346772747,21.484375,51.964929225133304,1.2155711915305194,0.9976805569893621,0.0036679839513451998,5
9.830666609030208,0.0015879380816870893,21.484375,51.98314623289458,1.4786689792575392,0.9978497060393876,0.0035523182653018053,5
9.831031238593708,0.0015872709464566195,21.484375,51.98656765295228,2.0879509361693636,0.9978205747423463,0.0032640624901314978,5
9.830880376059188,0.0015894248140689397,21.484375,52.065057538016305,1.9177403262704804,0.9970766782284891,0.0030819785342884776,5
9.830518775300217,0.0016011425532859347,21.484375,52.427563324274686,1.6553802916520606,0.9972869396585179,0.0030070567642158435,5
9.830561713323231,0.0016032844773992809,21.484375,52.49463232829122,2.3039475222043015,0.9971842032061022,0.0022833963333366474,5
9.830722560421004,0.0016001798297441726,21.484375,52.40395626938123,1.6117516856562968,0.9969000678152017,0.002746328005274813,5
9.830745293111516,0.0016006087809400653,21.484375,52.416552321734066,2.1544818771835708,0.9967430277743573,0.0026418060291300157,5
9.831009537284956,0.0016241584759927883,21.484375,53.203106453769024,1.6227564975391335,0.9961609738791726,0.0028792802779653522,5
9.83106617748277,0.0016235552220397228,21.484375,53.18053532849737,2.563137700148218,0.9962415912214122,0.0032692730931907503,5
9.831037580051193,0.0016254126154389978,21.484375,53.23990294298819,1.4662191894846426,0.9965185978535728,0.0035003939181747915,5
9.831566227731305,0.0016473669601176893,21.484375,53.922005203184135,1.7806810956899426,0.9960993192616878,0.003530900892403991,5
9.831459266047094,0.0016522755935190854,21.484375,54.073077069150365,2.3096575244829487,0.9966012994531704,0.0033888580266592727,5
9.831245306873912,0.0016523608127707232,26.171875,54.0946711112002,2.3395422495874905,0.9965167506438539,0.00311461624466165,5
9.831561384433552,0.0016545375498701646,26.171875,54.18828391078485,1.5097555900453397,0.9964701794668385,0.002791339079742721,5
9.83165750144503,0.0016565039035614526,26.171875,54.24663330733164,1.8247069197047192,0.9966418025615486,0.002750243677557459,5
9.831622478013605,0.0016550049043965,26.171875,54.19514666221741,3.1016749289216627,0.9967225252333548,0.002734446751102896,5
9.831886694734626,0.0016501001333070375,26.171875,54.0139763778771,2.0826316773867197,0.9969823046578397,0.0022445320273023054,5
9.831845362597527,0.001648362377145937,26.171875,53.9534205918749,1.6504031925311817,0.9969297036815323,0.0019113738466019973,5
9.831857815987041,0.001649193813738587,26.171875,53.979554561763585,1.890171079908517,0.9971289956554853,0.0018946648070255468,5
9.83241403272981,0.0016533454654205013,33.984375,54.1552864184249,1.6251630664446566,0.9970469254120962,0.0015764668584319858,5
9.832504027261884,0.0016592072543722778,33.984375,54.3423185474498,1.5239443097040446,0.9967482480926163,0.0016522903153799054,5
9.832674880222044,0.0016642189816866695,26.171875,54.51567172345064,2.40855415324404,0.9965757250930085,0.0016605079139417782,5
9.832896099128103,0.001662947804597252,33.984375,54.46183268161518,2.4293533293857763,0.9965032223980742,0.0013727443706043096,5
9.83312543523914,0.001655202363562423,7.421875,54.220601290247515,2.4205339274170306,0.9958584146711345,0.0013579301466155667,5
9.833112730629287,0.0016564462895066884,7.421875,54.26195790504805,2.290500168443638,0.9952168532284399,0.0014247789805858567,5
9.83334798864264,0.0016649679899360835,33.984375,54.55031541470233,2.1694637981745473,0.9955677521230157,0.001158157750830241,5
9.833797592722584,0.0016869519728153995,21.484375,55.250102357075654,1.9147458300237001,0.9953980909527511,0.0013145708427764284,5
9.834279829666599,0.0016700711644658216,15.234375,54.71851460445552,1.8372949054270673,0.9955673892942319,0.0007076328919244997,5
9.834614916929016,0.0016804008012387532,15.234375,55.043628890672984,2.4267468781084367,0.995539076535217,0.0005336515690382715,5
9.834836123895204,0.0016768959519370802,2.734375,54.93843180681502,1.4694858214400786,0.9959154845987043,0.00043162578654053977,5
9.835045991107458,0.0016852548487596008,2.734375,55.20325898206574,2.649837765170863,0.995686833303947,0.0009240803299772014,5
9.835129088196284,0.0016914611053668782,2.734375,55.41056489119936,1.7439520637769117,0.9959086075284093,0.0004442111886414466,5
9.835644633490514,0.001670020625109771,2.734375,54.676257827931416,1.7965611754880229,0.9957695433068128,4.499920935780508e-07,5
9.83548379256395,0.001676176147172509,2.734375,54.86449312503572,0.8823533297581889,0.9960840476197783,-0.00026987209091262833,5
9.835797678910831,0.0016904081188135669,2.734375,55.299678696150686,1.6792041934216588,0.9959208052349205,-0.0004333291688012358,5
9.83608111073073,0.0016671153208574702,2.734375,54.56484680022427,1.8535353541459092,0.9955255945736515,-0.0004610620225427315,5
9.836251776682232,0.0016575529683594487,2.734375,54.2350214945053,2.2632920985027645,0.9955619305599859,-0.0004973915514745177,5
9.836382748824668,0.001673966298541831,2.734375,54.78567561337935,2.143356432711395,0.9957368667377035,-0.0006879760733607509,5
9.836738145160265,0.0016772931936764415,2.734375,54.857284606873236,2.799781530040491,0.9957620514992848,-0.0011588797158660076,5
9.836253332574982,0.001630699776368306,32.421875,53.26613544613527,3.131295000922061,0.9955581704859111,-0.0015027629579472857,5
9.836185149595169,0.001634062890366711,2.734375,53.38632251615459,1.387211640489113,0.9953563763375675,-0.0018356634387072998,5
9.836632007826834,0.001588291883883663,32.421875,51.944393445025106,1.6924251962360966,0.9953720992330454,-0.0017973660910654218,5
9.836816565934509,0.001580260121561987,32.421875,51.65888346423938,1.9917093299518456,0.9956331402954258,-0.0018994663231317313,5
9.837144698537715,0.0015426320588839031,32.421875,50.46403613408486,2.5271970956552345,0.9953862452363555,-0.0018902650455107342,5
9.837106918186914,0.0015413933706493494,32.421875,50.427386184426524,2.279499768382569,0.995155146529725,-0.0021242940939453937,5
9.83737315143317,0.0015117043839405317,32.421875,49.479645620894004,2.62439194301381,0.9953663620278808,-0.0016812570467401595,5
9.837617781195958,0.0015138985132388551,32.421875,49.52864527074547,2.437421653394267,0.9955465073935481,-0.0014654128129124777,5
9.83778463983912,0.0015078389385741573,32.421875,49.346128479436416,1.9646559313951002,0.9955192247602538,-0.0014096097059323838,5
9.837750336531686,0.0015093821359208788,32.421875,49.39976809481066,1.9725237486854894,0.9953030746194255,-0.0016693170218835258,5
9.837656216416706,0.0015191065729045412,32.421875,49.709804783828005,2.3866183299784702,0.9951934655982904,-0.0016952771274771794,5
9.837276634090918,0.0015396118948492717,32.421875,50.41291107454106,1.162642277356402,0.9952187166374837,-0.001501108099716582,5
9.837672433150967,0.0015664196980879478,21.09375,51.31381315704353,2.3170342268131208,0.9952041310482144,-0.0017922310780060272,5
9.837706549506171,0.0015660890937868658,21.09375,51.301447940236876,2.2526376508540125,0.9953996637923918,-0.001970098161712783,5
9.837776838736332,0.0015677988302022067,21.09375,51.360545565332544,1.8506326360766252,0.9954428007295596,-0.001673210075431029,5
9.837805896719944,0.0015659702525055801,21.09375,51.299395601570076,1.5337839737912873,0.9952121461837573,-0.0020059358643047405,5
9.83805186327083,0.0015590758598209484,21.09375,51.082153016043144,1.8152285958567518,0.995502412603862,-0.0016774133919177018,5
9.837821469355957,0.0015651559606789213,15.234375,51.285913231755025,2.9665980252575537,0.9954176332724626,-0.0014052551777542523,5
9.837615468056384,0.0015680947592063364,15.234375,51.37832830665012,1.9569881005166583,0.9953485124943696,-0.0015939113170069107,5
9.837368845696085,0.0015551529333509234,15.234375,50.95857153657902,2.0365762035095636,0.9950516182081015,-0.0009334521624092091,5
9.837117668193313,0.0015559364057426623,21.09375,50.979806079894054,1.9277779177136836,0.9950256253746549,-0.0008904742930830013,5
9.83668990782734,0.001585624082643576,21.09375,51.957695221393024,1.8169660000470078,0.9950644761990189,-0.0016431154043939622,5
9.836801876273828,0.0015796093726329807,21.09375,51.75995553973814,1.1274758830222709,0.9952324239846584,-0.001794900208166989,5
9.836719663442457,0.0015749824951221863,21.09375,51.60734188699005,1.7329057652471722,0.9951400808698776,-0.0017823511752043271,5
9.836746321881316,0.0015744558470623528,21.09375,51.589665275951454,2.2856613873082097,0.9953492524116606,-0.002353356195770191,5
9.836521122315773,0.0015696406357284867,21.09375,51.42647890333835,1.8603105100870987,0.9955761900995774,-0.002484717896901518,5
9.83631591368729,0.0015795488976765998,21.09375,51.75620929013745,1.7327000081362105,0.9955553776851995,-0.002304877893964226,5
9.836356973562323,0.001574724937054474,21.09375,51.59881814558437,1.2508376018619554,0.9958808588025121,-0.0021084938990905194,5
9.836264065189042,0.0015747794680553854,21.09375,51.601736732499965,2.4796698197096703,0.9958036198893763,-0.0019951014646268526,5
9.836369262613653,0.0015732799522849617,21.09375,51.553199115186025,1.9215457232579258,0.9957031744361597,-0.0018931581168958225,5
9.836247974612384,0.0015614491528763061,21.09375,51.165317406339675,1.7807176946140924,0.9960515669709361,-0.0022402312333984886,5
9.83604034524911,0.0015638055881208462,1.171875,51.24230526363259,2.389364852945922,0.9962519076015612,-0.002317114998988114,5
9.835778231985055,0.0015576842366921777,1.171875,51.041540454772694,2.35581303323003,0.9962391651801747,-0.002319964049580812,5
9.835340309218216,0.0015516394561011654,1.171875,50.84124358699669,1.0165518828046818,0.996291661176551,-0.0026600928162446975,5
9.835452745824151,0.0015518882032036106,1.171875,50.84679646139461,1.8183289619082643,0.9962100790432009,-0.0025495888109542237,5
9.835362646180817,0.0015530685944962085,1.171875,50.88279562740647,2.4539993480648263,0.9965211126960399,-0.0027520267824863377,5
9.835286659853463,0.001554653730602594,1.171875,50.93703262213613,1.8906609491811348,0.9965790915518218,-0.002372856485735611,5
9.835363385618145,0.0015499346409753958,1.171875,50.78433114250199,2.637866030222843,0.9964284011904456,-0.0025499490558793447,5
9.835483047133915,0.0015540770671070277,1.171875,50.91688608822679,1.5092114734628315,0.9965451451071126,-0.002298987412810028,5
9.835438588709964,0.0015530409752665792,1.171875,50.881513344250436,2.340487133948045,0.9967893157768071,-0.0027724819635996144,5
9.835699358681877,0.0015382692794761394,1.171875,50.386525047861085,1.930472474083217,0.9965855368065168,-0.003283725267461559,5
9.835789140062598,0.0015402256860938778,1.171875,50.45490541627856,1.3803227410583834,0.9965614078419909,-0.0032266547694082912,5
9.835740649470461,0.0015386767526088018,1.171875,50.40623800115049,1.3363014392416517,0.996267106645169,-0.003396737187936584,5
9.835819633580199,0.0015375904605951336,1.171875,50.373713569192454,2.8415296358155806,0.99627900973088,-0.0035926673591872823,5
9.83583021575097,0.0015378264663161068,1.171875,50.381059250822666,3.072533452472271,0.9957973065249028,-0.0032743649792684247,5
9.836034758445045,0.0015276021338621788,1.171875,50.052223204055664,2.300111988604234,0.9955103348030184,-0.00341031362659558,5
9.835917660877135,0.0015299134264671011,1.171875,50.13027196301438,2.808221751537834,0.9951962142575767,-0.003648000686825263,5
9.835907992490055,0.0015292601027181339,1.171875,50.10870696403626,2.2900654259780517,0.9947462069039757,-0.0035202697865794334,5
9.835899279913695,0.0015292699879937515,1.171875,50.10917253430859,0.8188231770521573,0.9946524394475563,-0.0035257908857376156,5
9.83649346786476,0.0015080163882118295,1.171875,49.41065623333329,2.064291200348331,0.9949108505608085,-0.003749087324141783,5
9.835922292321445,0.0015130796095310633,1.171875,49.552758749018274,1.6227621484467818,0.9950674818561768,-0.0036624205781681705,5
9.835909065420653,0.00151340144597693,1.171875,49.564097866937686,2.9894853317297625,0.9947313957759687,-0.0038356041177626363,5
9.836119841379427,0.0015153925636153317,1.171875,49.640435348581,1.8035106039327122,0.9944333320222621,-0.003939516332470423,5
9.836351421051575,0.0014972232465595289,1.171875,49.03271792124343,0.9036826421724982,0.9942667653424545,-0.003570907235827026,5
9.836182992103092,0.0014972812816611844,1.171875,49.02343318237845,2.570393229569163,0.9947606580853663,-0.003429238924489515,5
9.836007568812569,0.0014865182612638353,1.171875,48.682361296252864,1.7386828997478005,0.9944914337644818,-0.003334303483603488,5
9.836105404035797,0.0014882236389960868,1.171875,48.74384251780923,2.1665135077795035,0.9946207789289242,-0.003317728143633602,5
9.836044398332819,0.0014912455927831186,1.171875,48.84603991078381,1.6373768230684316,0.9945344315265777,-0.0033488122355170647,5
9.836327604143035,0.0014851466166235967,1.171875,48.65772900923647,2.2989753128858865,0.9945115205957562,-0.003580129562239104,5
9.836209796651477,0.0014796955899976595,1.171875,48.482362266419074,1.7897026182581612,0.9947664469480906,-0.003511453146772878,5
9.83639115053787,0.001498528980152975,1.171875,49.10272392082642,3.1907671270491846,0.9945736319641323,-0.0031280343864696246,5
9.83638393786686,0.0014984137816010296,1.171875,49.09903295432421,2.57769254790522,0.9945566034769404,-0.0029116155338700656,5
9.8362395996785,0.0014977434810968496,1.171875,49.074741809908225,1.6319830040823338,0.9945006100591693,-0.003367940602603505,5
9.836099640255199,0.0015034959697671811,1.171875,49.26551559213121,1.3801546879088467,0.9943931242563047,-0.0033475220906023385,5
9.836062681817856,0.0015040654308840129,1.171875,49.28369935932966,2.6783891904124175,0.9945978069507305,-0.003450392715880986,5
9.835549258090644,0.0015371330442000496,1.171875,50.365860127166016,1.9319475004995184,0.9945590741854433,-0.003455516531782378,5
9.835389784581801,0.0015437223315638245,1.171875,50.584061981535044,2.369771889414551,0.9949706082347148,-0.0031456180693875077,5
9.834673932141111,0.001541269636828251,0.390625,50.480388154026485,2.750553671083859,0.9945539686485307,-0.003217339356983601,5
9.835042695313588,0.0015368733866387128,1.171875,50.31122098193358,1.868631573386665,0.9944908219464388,-0.0036946976182453623,5
9.835313246255827,0.0015146344654508928,1.171875,49.60178981045649,1.7640749574481258,0.9939218016184673,-0.003053846809209294,5
9.835210323053055,0.001515729571273314,1.171875,49.64375442565978,1.7034419788518183,0.9944010459671363,-0.0030761348891219513,5
9.835236979557207,0.0015154328297042182,1.171875,49.63549234542874,2.2304224200161116,0.9947010975353069,-0.0030099683680654046,5
9.834971466921537,0.0015124236102250618,1.171875,49.54890204986424,2.7765679417861975,0.9950726141549208,-0.0033176556005655397,5
9.835173245087596,0.0015185438610347123,1.171875,49.75549226053337,1.923067604253447,0.9949961865472686,-0.0031621786899130528,5
9.834923099768444,0.0015157499369446198,1.171875,49.667726733831174,2.0021404618770853,0.9948456194468901,-0.0031129272711805465,5
9.83518258410878,0.0015240909036050132,1.171875,49.94063737658675,2.2972470136276875,0.994714615845633,-0.0031042191234163996,5
9.835669151652162,0.0015228188455097902,1.171875,49.89609558777152,1.2292062665401318,0.994669237968512,-0.003480270374301189,5
9.835464270669437,0.0015329258292991969,1.171875,50.22143531897722,2.1769999542484584,0.9953732829316362,-0.003195295831453777,5
9.835437513977086,0.0015299388970604145,1.171875,50.12447915073439,2.3153074335920487,0.9951902212715372,-0.0032372189799734453,5
9.835775415906753,0.0015362895202747989,1.171875,50.340152424198074,1.2371524817584334,0.9946369419008106,-0.0031871207862768903,5
9.835883519199198,0.0015337973904712527,1.171875,50.25688056827778,2.315125079595115,0.99496258096049,-0.0028720962899355493,5
9.836007078991507,0.00152016175908934,1.171875,49.811845525219475,2.5040604081380784,0.9947492811769519,-0.0029837466950182563,5
9.836016749697588,0.0015196263193590872,1.171875,49.794197219692286,2.474100608912219,0.9949439724849438,-0.003538028218285071,5
9.836635179522567,0.0015112724912494735,1.171875,49.51471042984395,1.6530911448292802,0.9948750692298022,-0.0035659430914457705,5
9.836686491548718,0.0015095116276614294,1.171875,49.45844096501088,2.2025198773141406,0.9951124982073132,-0.00339484406784247,5
9.836537696955121,0.001508735229603825,1.171875,49.436172495047,2.5582574289328477,0.9949607670588212,-0.0034955249647350057,5
9.836633746646331,0.001507757670445054,1.171875,49.405417159226104,1.479149262214681,0.9947126636504491,-0.0034690096932132606,5
9.836849411209796,0.0015004468510325445,1.171875,49.16214289441645,2.0692455446248155,0.9950368970494441,-0.0036823266871612633,5
9.836919166605577,0.0015069727759528602,1.171875,49.37751896879861,1.6719506160043238,0.9951965572901994,-0.0036395090839533633,5
9.836665433846372,0.0014925021438769637,1.171875,48.90623764563921,1.9954210934847652,0.9948170665949269,-0.0034025318767866505,5
9.836753266694362,0.001494565873734234,1.171875,48.97388010690808,1.807658203388807,0.9945661611283891,-0.003302733087188494,5
9.836575888959484,0.0015140778273703454,1.171875,49.6117429931859,1.6410725201385503,0.9946943825631639,-0.0038006012962774776,5
9.836554660971593,0.001513516495569785,1.171875,49.5936379811086,1.5204322044786143,0.9949252959516051,-0.003654109906558534,5
9.836614362644307,0.0015190322345727768,1.171875,49.77503135819077,1.5690203352957421,0.9951062821401309,-0.004253927897066179,5
9.836089981882541,0.0015520001149090673,1.171875,50.8510277881359,2.7605103472997143,0.9955751705897299,-0.004244654713097534,5
9.836152135817887,0.001546854326800605,1.171875,50.68070694406463,2.8934175305597214,0.9959836383742444,-0.003614246510978661,5
9.836357229276613,0.0015362464605235856,1.171875,50.337769434066146,2.0293482274100825,0.9961552464874267,-0.003528100035100043,5
9.836347424261746,0.0015366122145287543,1.171875,50.3499082498844,2.0418239689885618,0.9965600898636282,-0.0033437679944991945,5
9.836104051077703,0.0015416380922581338,1.171875,50.50891630771492,1.9850708134302597,0.9962909017184187,-0.0032523939257353145,5
9.836345275341886,0.001532507247052178,1.171875,50.20025655057501,2.2620680820327834,0.9960911600057656,-0.0032238323349056534,5
9.836546197594215,0.0015157051284156995,1.171875,49.65782974410387,1.6831269036629237,0.9959384544881154,-0.0032885755580354336,5
9.836770584282588,0.001532720358966426,1.171875,50.206116069853024,3.37101529522018,0.9962364943415368,-0.003872289127042223,5
9.836556517476925,0.0015330495557168062,1.171875,50.20498517374621,1.9593288173503727,0.9961254140188898,-0.003726748670960584,5
9.836681984723668,0.0015362262669178887,1.171875,50.30069841779226,2.317547994243796,0.9959029474036111,-0.0029413706007811024,5
9.836753868917386,0.001535076775170308,1.171875,50.267959960754894,1.2875332308515983,0.9963123256093879,-0.002946868004363107,5
9.836838707403441,0.0015305731993155592,1.171875,50.11453459212612,1.6022889855667017,0.996165424892917,-0.0030151489699207965,5
9.837277710005063,0.0015418502857933991,1.171875,50.50925001405416,1.364444195193452,0.9958218453021526,-0.0031621009731950464,5
9.837189942189513,0.0015369890360122593,1.171875,50.35347729626663,1.4474095147282544,0.9961040546129472,-0.003373678598142336,5
9.837058542572526,0.001540858377511015,1.171875,50.4748090533583,2.570333296754446,0.9958206432473528,-0.002899949938516194,5
9.836746869718965,0.001549565206459362,1.171875,50.771221353358634,1.607770635908916,0.9965309465261644,-0.0024827145008378235,5
9.83690923862891,0.0015341930251436004,1.171875,50.27076983402915,2.084144146758869,0.995957618955889,-0.0025260622421688322,5
9.836980638815499,0.0015291789403976345,1.171875,50.10524577434527,2.8994253177673577,0.9955391154604778,-0.0024440793969686685,5
9.836827077591312,0.0015309798713138098,1.171875,50.16049738532071,2.1688180941285586,0.9957707207763277,-0.0026513216277683355,5
9.836660549001726,0.0015239436988842474,1.171875,49.933944239664605,2.354976472674025,0.9961125832566234,-0.003233476848525321,5
9.837084570471056,0.001562556919990431,1.171875,51.201222679583466,1.72564266971555,0.9962451039433342,-0.0033549816624800543,5
9.837020324381259,0.0015636259583527042,1.171875,51.23552811450287,2.172311305963376,0.9960984501483015,-0.003356494101143565,5
9.837215846651942,0.001586254895314836,1.171875,51.9731629667179,2.094051206654209,0.9964220913409733,-0.003659533941533719,5
9.836964621135003,0.0016056195560327537,1.171875,52.59905373054238,1.5117566426391325,0.9966306696423701,-0.0037685738170284517,5
9.836764367921315,0.0016081506220435567,1.171875,52.689221487823026,1.4119938111410495,0.996473614507327,-0.003551622456123442,5
9.836957415425841,0.0016269975392471704,1.171875,53.311278973607415,1.807770668817587,0.9964607395404285,-0.0035442746455775958,5
9.837577260245576,0.0016040820192801484,22.265625,52.53732446827325,1.6822686043439414,0.9963133472658132,-0.0037860276888011767,5
9.837529240804443,0.001605938816935666,22.265625,52.59533076525955,2.6002583631040275,0.9968985373248501,-0.003623478742107138,5
9.837359523675822,0.0016048935253705312,22.265625,52.57042966192981,2.5317913562430476,0.9965050133222143,-0.003427602192461197,5
9.83726114796554,0.0016160391336803327,22.265625,52.930458661481566,1.9796558879303727,0.9967849155180918,-0.0033244564755063183,5
9.837141107902504,0.0016176267680530474,22.265625,52.98873035129264,2.1788917123922147,0.9969958909255315,-0.003856231740304849,5
9.837282378014502,0.0016238130567719034,22.265625,53.19758612988483,2.3399659520643277,0.9970531555423858,-0.003983274767119127,5
9.837307107892181,0.0016232578492956164,22.265625,53.178412091441395,2.0672951081614883,0.9969728953609991,-0.004043671803768524,5
9.837108434656024,0.0016529448463568,22.265625,54.141860138013655,2.526477487651088,0.996791109573589,-0.004409455190692482,5
9.837015783720807,0.0016630247732438317,1.171875,54.47683464691224,1.4009972769902863,0.9967790122379885,-0.004567937267431485,5
9.837106941268829,0.0016605308137706105,1.171875,54.39916364120107,2.735557367069608,0.997384504295106,-0.004935972123196069,5
9.836733260118615,0.001673098409867705,22.265625,54.82189324017306,2.056472283184121,0.9971541803888653,-0.005460813021935897,5
9.836326709736795,0.0016332088088251775,22.265625,53.50247824836706,1.5491234077174643,0.9969179341474752,-0.00556933366376431,5
9.836263408837597,0.0016307886573716304,22.265625,53.4258038023321,1.696068302862841,0.9972561516451891,-0.005539884634843886,5
9.836068298416334,0.0016292363064569877,22.265625,53.36599013660826,1.7433073329860538,0.9970300921167091,-0.0054004707804508325,5
9.835802479325634,0.0016604168322032432,22.265625,54.3992860812794,2.2853857581903867,0.9970920703677522,-0.005434268406547304,5
9.835927286808927,0.0016647147058621342,1.171875,54.54395477704039,1.1469041693053441,0.9972852600509673,-0.00558968991156255,5
9.835688950567002,0.0016730800534906678,1.171875,54.82255969812101,2.1457118353804012,0.9967420163436617,-0.005185527839384706,5
9.835454967118833,0.0016812942844308782,1.171875,55.08734976874169,0.9304149130584847,0.9968360481766715,-0.004864020706571102,5
9.835833739084263,0.0016936020960673982,1.171875,55.475966487251235,1.887491911660618,0.9964067225492926,-0.005037075401518195,5
9.835595023689029,0.0017108614578266348,22.265625,56.027435713236954,1.2008871658860396,0.9966987069230361,-0.004834756003070622,5
9.83552138563382,0.0017134631121343156,22.265625,56.11743010464942,2.032540940194546,0.9969643512191435,-0.004975869985186318,5
9.835519176958757,0.0017135380283239882,22.265625,56.1197478565367,2.5831239984060326,0.9969157361902594,-0.004845851839156221,5
9.835912482612514,0.001697295792018266,22.265625,55.55801078425347,2.751571981178131,0.9971390674431492,-0.004957757919589404,5
9.835784158913079,0.0017040222704096282,22.265625,55.76660192510474,1.3088051033688923,0.9970244824072708,-0.004676475922572645,5
9.836204099679774,0.0017383062164905664,1.171875,56.84378584498017,1.3766691173877916,0.996758981121397,-0.004280816996468258,5
9.836201212423102,0.0017382393747281447,1.171875,56.84123770453947,1.2724440280423248,0.9972689415528743,-0.004085323752312764,5
9.835873086181365,0.0017200302246461426,46.09375,56.28173386959178,1.8131886704856395,0.9974375979486395,-0.003686165698960446,5
9.835909387413187,0.0017200413490449729,46.09375,56.285777486268536,0.9502574840783685,0.9970401639210967,-0.003543611653200863,5
9.835891869058718,0.00172002913775563,46.09375,56.28712191920982,2.7861325740753577,0.9971307132187212,-0.003595305714174036,5
9.835832418024657,0.0017214407053606081,46.09375,56.32737402233336,1.8439436405424203,0.9969631016364782,-0.0033691382697174604,5
9.836135912330116,0.0017207050407419145,32.421875,56.26901768800889,1.5977126795842196,0.9967689071715572,-0.0036351385088799573,5
9.83602924933114,0.0017197478321694232,32.421875,56.22418114229621,1.9379138201317498,0.9961417057372395,-0.0038431041877314952,5
9.836322749406287,0.0017071492741078558,1.171875,55.77043620533154,2.033412822889659,0.9962088803378966,-0.003416097404695655,5
9.836082976126795,0.0017316764858846113,1.171875,56.536528409393696,2.8782675100374036,0.9961054779237133,-0.0034065406855619865,5
9.83602430544936,0.001732116324895328,22.265625,56.56049344417536,1.6841192682829085,0.9956527073543624,-0.003640466363934133,5
9.835864572444045,0.0017302021310719705,32.421875,56.47123344587912,2.438469335944925,0.9953047725730583,-0.003511278257288487,5
9.83559374219404,0.0017101323692818254,32.421875,55.85759331110404,2.011399979814693,0.9951963314655776,-0.0031729827904016963,5
9.83545800219384,0.0017006575020003963,22.265625,55.52566603468645,1.9168902286085843,0.9948845839784219,-0.0030622904235473344,5
9.835565770579452,0.0016978840576990898,22.265625,55.41689221619001,1.6583381338156566,0.9945750241667632,-0.0026132196892893695,5
9.834917077011202,0.0016931066118763046,22.265625,55.136557748305215,2.5121815405497423,0.9941933838256312,-0.00320733655721103,5
9.835027116369488,0.0017004774250310847,22.265625,55.35435044767754,0.6748905372478475,0.9939171713506436,-0.0031787412301240085,5
9.835158645797641,0.0016968674745951,22.265625,55.264336214492445,1.7246448443450693,0.9939856104268721,-0.0029955925383779555,5
9.835540205698091,0.0017237206732278513,46.09375,56.05910672370138,2.381488660286171,0.9939460177480323,-0.0028423173442503925,5
9.835401993490088,0.0017227922767364696,46.09375,55.99548533122438,2.075847438659063,0.9936741420129387,-0.0027281233055229752,5
9.835346329364432,0.0017172072410999216,46.09375,55.825996426979,1.3574797462727777,0.9939780303396362,-0.002988455674313055,5
9.835143986072547,0.0016924352828622331,46.09375,54.96414453045566,1.8562933486464317,0.9939175553280253,-0.0028484704569732245,5
9.835129862918965,0.0016918288932712797,46.09375,54.947860042105106,1.4269561775763577,0.9937119437297549,-0.002746132466271183,5
9.835274587227758,0.0016998134315720558,46.09375,55.24548771413999,1.7807482846910716,0.9935434113464675,-0.0024363009127401484,5
9.835823384021078,0.0016704589480283306,46.09375,54.13985772478059,2.790743355445253,0.9933213818491178,-0.002855201917806614,5
9.8356175432265,0.0016604803300369027,46.09375,53.75387399437185,2.3382225576933706,0.9935532658485136,-0.002539516886750488,5
9.83569962943045,0.0016630197358881175,46.09375,53.812780723907565,2.8868301711033078,0.9937287329728293,-0.002175864096072334,5
9.83569694770133,0.0016629713283659033,46.09375,53.810393036574624,2.1714969044187455,0.9933600054938758,-0.0023549272000260115,5
9.835284226358043,0.0016488264062033305,46.09375,53.46469397390643,1.1257230942113285,0.9929355389688418,-0.0022939248660439615,5
9.835167303865548,0.00163441165181073,46.09375,52.960111783935375,2.5773669560609656,0.9932978652542286,-0.002135324437811486,5
9.83506503142956,0.0016320991821811228,46.09375,52.912585873222106,3.067287907810775,0.9936796688909736,-0.0019854763181815175,5
9.835504143921618,0.0016474517805742943,46.09375,53.529159001595445,1.6496708489745895,0.9934417709398302,-0.002014540004916478,5
9.835850894192214,0.001621586790122633,46.09375,52.593038496154925,2.3338166296768272,0.9934614260302892,-0.0018052983936755864,5
9.835827369975227,0.001620401052645447,46.09375,52.54788962454462,1.6483539418538082,0.9934129969265724,-0.0017246263262580969,5
9.835806616149322,0.0016204088191480394,46.09375,52.553699324167994,1.7072342419996858,0.993295029614243,-0.0016902623270697522,5
9.83587322850324,0.0016146090804152191,46.09375,52.38129301250767,2.158843629042773,0.9930788522215054,-0.0015706298063948403,5
9.83591831208526,0.001613636421342051,46.09375,52.33751420219157,1.5792261247576487,0.9932075206665584,-0.001781698601255976,5
9.836019430931225,0.0016152388445384938,46.09375,52.416542544496075,1.6252436665211765,0.9931774336941749,-0.0020413914602258904,5
9.836065168660983,0.0016115130019012215,46.09375,52.282541636155756,2.2864786277229237,0.9932666614564282,-0.002301657987978589,5
9.836433719044209,0.00158918529364309,46.09375,51.642998587716605,2.2725134616193827,0.9936586749549983,-0.0021013619808883965,5
9.836178571897332,0.0015759884617169092,46.09375,51.269105008336886,1.8554801849156017,0.9937655337492447,-0.002432051274537144,5
9.836374855994986,0.001570489203305897,46.09375,51.131036621101025,1.6559747241881269,0.9934225087657244,-0.002222742815435266,5
9.836346106383381,0.0015677723469947006,46.09375,51.04796962413158,2.4092649737710112,0.9930305194711786,-0.0017276230795086314,5
9.836604207244077,0.0015623596428795225,46.09375,50.921676845163496,1.271386530805709,0.9936055815053854,-0.0016886507744131823,5
9.836450648126071,0.0015796669032628568,46.09375,51.517114668868274,2.0044946348158796,0.9933615521144545,-0.001241497126309264,5
9.836308133684632,0.0015820104488539508,46.09375,51.567682470999415,2.032221844908539,0.9931035307873938,-0.00047223833574784114,5
9.836357868240196,0.0015772654789133096,46.09375,51.40273383720323,2.8150781470746247,0.9933881712647376,-0.00038926331481748663,5
9.836248702423912,0.0015795723837876742,46.09375,51.45698169615075,1.9997178556623112,0.9934715253066119,-1.424025131115518e-05,5
9.836237404989388,0.001578979278393885,46.09375,51.43979199572415,1.8307375946921336,0.9933712515560236,-0.0003863372008581914,5
9.836324251188808,0.0015772325876159466,46.09375,51.399536374460546,2.7712787190090844,0.9937068432814876,-0.000455496707066033,5
9.836117444646284,0.0015901208826427833,46.09375,51.8603043231321,2.193450751947239,0.994021155677476,-0.00026957436151575263,5
9.836016950585197,0.0015942616503859684,46.09375,51.97765774535426,1.8299168586587864,0.9940614964947495,-0.00029083081956099405,5
9.83602442322117,0.0015939835079548787,46.09375,51.96715404363113,1.8575287962327518,0.9940620751389811,-0.0004600375903230518,5
9.835985970290945,0.0015918078304425203,46.09375,51.8886532846255,1.5672375066872821,0.9939781565545699,-0.0003020252969699597,5
9.835968869180135,0.001591923071403441,46.09375,51.8956471381601,1.5324251419879147,0.9938210585992743,-0.00016916894627137634,5
9.836260983649783,0.0016137908805298443,46.09375,52.66421411998328,1.8384230979099812,0.9938211441358679,0.00023123227603894493,5
9.83638843649256,0.0016183348713987174,46.09375,52.79110997424744,1.6215231263158785,0.994081686366078,0.0001315806214555384,5
9.836392992936867,0.001618241693051729,46.09375,52.788861614760826,1.4316030065504795,0.9938001745757343,0.00011189895310872826,5
9.83651293212466,0.0016162200685260724,46.09375,52.70097595697209,1.8345020773619278,0.9936993069922468,0.00010244473707612663,5
9.836233448609915,0.0016293502236005635,46.09375,53.0771386886366,1.797434411818055,0.993869714039217,0.00013819684680353839,5
9.83613890303201,0.0016336390601223035,46.09375,53.23654487728695,1.8386436295719857,0.9936379769005221,0.00018160362153626174,5
9.836250148863442,0.0016364047477118566,46.09375,53.34862341924479,2.2532417962356703,0.9935780585774807,0.0006516218445067312,5
9.83629781476577,0.001633056995168441,46.09375,53.22983174428417,2.2529246184518947,0.9937782998404122,0.0008851217007060237,5
9.836353545455015,0.0016320604820949313,46.09375,53.207794195921615,2.3552186025493334,0.9938728418068814,0.0011503655457781527,5
9.836054053113807,0.001639568026963618,46.09375,53.5073659319101,1.3555352252017958,0.9936876949060904,0.0011884432434661476,5
9.835962299733527,0.0016344457797854931,46.09375,53.32373453496715,2.1666700626434854,0.9936270421141763,0.0009886783982866467,5
9.835869758746192,0.0016359183003344037,46.09375,53.3879048043179,1.7550618941119562,0.9933492834813656,0.0007641897379886614,5
9.835836168941048,0.0016355589226010449,46.09375,53.370415549329614,1.6161348098406354,0.9932756257293427,0.0008948923415931517,5
9.835627355849866,0.001630882498998779,1.171875,53.251495799628714,1.4360876601082662,0.9934815801389714,0.0008181161420838029,5
9.835785380896514,0.001619764035892051,1.171875,52.911237011503424,1.9677932080412575,0.9935590804549012,0.0011620171828437343,5
9.835476192848285,0.001619839523539508,1.171875,52.95607380102467,2.267148254086351,0.9933710937946575,0.0014249323021501624,5
9.835164980384665,0.0016329217507725577,1.171875,53.342090994074745,1.673047094727129,0.9936339611882661,0.000899885765081357,5
9.835290196134169,0.0016325450513715787,1.171875,53.3107919475024,1.9199303890794301,0.9936693510310373,0.0001992719318503645,5
9.835446333667551,0.0016253171555567273,1.171875,53.097426401608146,2.02064744174398,0.9938703523724122,0.0005221709400940473,5
9.835223016843903,0.0016196505059216475,1.171875,52.94254469741481,2.652581029878396,0.9931759627602282,0.00032265668324720225,5
9.835570353820838,0.0016290767729870525,1.171875,53.29283941457136,2.3314494162671813,0.9932906076276783,0.0002983501124194821,5
9.835653657418934,0.001619623970724778,1.171875,52.9738779977735,2.1018268725965754,0.9929950256299765,0.00014048369699744745,5
9.835709730852605,0.0016232658348877208,1.171875,53.09946542478985,1.6013156683293346,0.9936209045002932,0.0003156162493399661,5
9.835704657050078,0.0016232128339841742,1.171875,53.09828413034705,1.1872168577671498,0.9940393326912853,7.273566310975232e-05,5
9.835927646203633,0.001639181019672112,1.171875,53.644274266011536,1.7737993187511165,0.99439621682458,-0.00030839582438440367,5
9.835558213493398,0.0016197999635875634,1.171875,53.039705909996115,1.056148718888532,0.9948497261062187,-0.00024364313200806408,5
9.835414086874785,0.00162584517332314,1.171875,53.22695651721385,2.0221933850565015,0.9947129346454084,-0.00018683099887792953,5
9.835628811832485,0.0016202107577008643,1.171875,53.02365500064959,1.821133285064813,0.9943846631084973,-0.00022948153931123577,5
9.835299726547749,0.0015924713368930033,1.171875,52.080207472570386,2.6057448582553966,0.9944691601602389,-2.1581091501653756e-05,5
9.835509656099253,0.0015867369796268263,1.171875,51.866599365075416,2.5727410503277497,0.9937831789685784,-1.2949736151359923e-05,5
9.83542930968835,0.0015934840629889392,1.171875,52.077085592202316,1.5961088506689218,0.9936447427276153,-5.8716608495016356e-05,5
9.835203466677253,0.0015884792288267282,1.171875,51.941811816909194,2.221860041270702,0.9936076172702121,0.0004976746129188584,5
9.835317110007406,0.001596076839125942,1.171875,52.2039602330563,2.8460485328650975,0.9936952476806342,0.0005463818292476285,5
9.835224779101043,0.001595805822595601,1.171875,52.20517270102329,1.6632214297363437,0.9936189501584021,0.0005066573253164955,5
9.834962982897528,0.0016022518671986224,1.171875,52.38632471775101,2.685807341183439,0.9934768890714814,0.000667755403956468,5
9.834863486989148,0.0016022620841982837,1.171875,52.39861753639373,2.100644148506641,0.9936531433975229,0.000730363145430536,5
9.835021542658897,0.0016187365976554925,1.171875,52.956116589403976,2.5878744067934654,0.9936965685826583,0.0007870547363919493,5
9.834832908005612,0.0016006309715375837,1.171875,52.381767773243766,1.7008800637959212,0.993852359818579,0.0010459690326481662,5
9.834928229421159,0.0016109002098410356,1.171875,52.72695220645617,2.515089392663261,0.9941282322535112,0.0007834530128293568,5
9.834674970006468,0.0016099344744620956,1.171875,52.71548147256211,2.0767574506632323,0.9941941498590828,0.0009242869114498087,5
9.834529705472965,0.0016084724766318428,1.171875,52.65651710650831,2.563958127061293,0.9945003406253403,0.0006694518708159716,5
9.834312947926351,0.0016157066129874069,16.015625,52.90955720345163,2.0088271372963695,0.9950321178450401,0.0005724381531212427,5
9.834732266243865,0.0016171216764643355,1.171875,52.978122604855095,2.077244815146211,0.9954046467868218,0.0008682236092847938,5
9.834586511943163,0.0016089189630823693,1.171875,52.71435276159135,1.5668066550679214,0.9959527903681398,0.000802876647054359,5
9.834223445542525,0.0015837273884293896,22.265625,51.873793628258255,2.5323580194502333,0.995908807749927,0.0006763696114986922,5
9.83393451318431,0.001579566698412464,22.265625,51.750160139590896,2.3672445910136353,0.9957440154284763,0.0008239672041048306,5
9.833558103243123,0.001571417336178677,16.40625,51.4654925878689,2.900496288719296,0.9955996947298423,0.0006713672685100928,5
9.833256972585597,0.0015815560165141989,16.40625,51.81256320633028,1.7701027406692447,0.9950831535027714,0.0006956221514368516,5
9.833320098842789,0.0015886905983326205,16.40625,52.048707960426114,2.6988106251495387,0.9952559335964002,0.0003722991174433453,5
9.833115133030509,0.0015790104184906077,16.40625,51.737365992209185,1.9805893883337073,0.9949830642124727,0.0008984629143190163,5
9.832991210419701,0.0015711618023627521,16.40625,51.47696977625566,1.773196302071786,0.9954694322746485,0.0006513187240715042,5
9.833164236287852,0.0015659401334477986,16.40625,51.299696725041414,2.3031643395418846,0.9954360001634073,0.0013698132925641915,5
9.832803079769377,0.0015520160496725315,16.40625,50.82423324825648,1.4426531150566007,0.9956439347405519,0.0016810515239234374,5
9.832811339768153,0.0015520057756113139,16.40625,50.82335749822748,1.298491661486575,0.9957209409316752,0.0014917503411661804,5
9.832890327226487,0.0015531521086970014,16.40625,50.86589260349437,2.025755686869767,0.9957527107598493,0.0017681099995213538,5
9.832388203695896,0.001534241892722237,16.40625,50.268288706968384,1.4844663550684345,0.9959656877044681,0.0020280254630468926,5
9.832050447675165,0.0015266223709759464,16.40625,50.00560197247958,2.1972176908820984,0.9962061453307283,0.0024101205158790157,5
9.832115988967729,0.0015264649164963698,16.40625,49.99705173168705,1.8597331009077607,0.9965380292101828,0.002367155229203723,5
9.832305134203834,0.0015245089400735632,16.40625,49.94197762043186,1.6159076502335665,0.9970739687111728,0.002793850416683344,5
9.832237764757062,0.0015243071743727692,16.40625,49.9380123782871,1.6457958225243299,0.9974073653057997,0.0027676727057245037,5
9.832301637016418,0.001526158733125576,16.40625,50.000918420744426,2.4018292645644883,0.9972876981266381,0.0027162023036476106,5
9.832449240188728,0.0015285684143137503,16.40625,50.074310916563306,2.5901071911745626,0.997128981218294,0.002589736112954445,5
9.832140750957347,0.0015428196340579801,16.40625,50.52504750450281,2.3545378572998743,0.997284753366225,0.0030460080026888546,5
9.832112735965728,0.0015439487640770406,16.40625,50.56377979274068,1.5847084249568677,0.9972384390992721,0.0029697479494694462,5
9.831851434762996,0.0015398390038545585,16.40625,50.41095008804883,2.2824442872867317,0.9974374945991813,0.002913957630577426,5
9.831733512573134,0.0015412505810244712,16.40625,50.46595456060353,1.9352124729557545,0.9969951096160752,0.002422610581113826,5
9.831706530985986,0.0015425613691537475,16.40625,50.5069848162812,2.4758696809039975,0.9970471439202684,0.0028584357945794373,5
9.83204844974991,0.0015329085212308993,16.40625,50.16219541638091,2.2743054852483815,0.9970677785072147,0.0032639677564792976,5
9.832261502825077,0.0015145797057305786,16.40625,49.58024566232061,1.4155631718252455,0.9971318288145803,0.003215567538202542,5
9.831643003496202,0.0015011186039600056,16.40625,49.176437441936784,1.7114066446204863,0.9970817838517483,0.0037125421573240645,5
9.831640193792524,0.0015010893274232011,16.40625,49.17536541579196,1.7928618340107885,0.9970634822504465,0.0041426979535318445,5
9.831561553040235,0.0014983787416627907,16.40625,49.08950368360572,1.4309635696905996,0.9975698872783775,0.004119261124887658,5
9.831611275280922,0.00149686962505937,16.40625,49.04171453490489,2.434344092846004,0.9976529426625806,0.004122047774790385,5
9.83123869393303,0.0015145431684842083,16.40625,49.62813607988319,2.729684652567812,0.9977424235192001,0.0036285659154461176,5
9.8316684553926,0.0015307083239432283,16.40625,50.15495138212522,1.887052490112789,0.9974283744569197,0.0032567345153662226,5
9.831893621527174,0.0015312746473903243,16.40625,50.176529513477696,1.5736725305553894,0.9979373818426635,0.0031885298998739495,5
9.8320698132483,0.0015392855427617757,16.40625,50.43694948387638,2.105904649622971,0.9982142671486776,0.0025642707420444185,5
9.83201884536337,0.0015428568911073468,16.40625,50.552994047869184,1.939860397659989,0.9979847649190984,0.0026747268402113515,5
9.832376962388029,0.0015149883975128587,16.40625,49.62810324200501,2.524843351640205,0.998093895207329,0.0026951709018701356,5
9.832450254008393,0.0015151623363409584,16.40625,49.636880596888126,2.5578675267667372,0.9981122983524657,0.0028217239157409847,5
9.832246134283999,0.0015168354486571332,16.40625,49.69842122737662,2.2961688674125376,0.9976603773733932,0.002955748946018111,5
9.832118510864111,0.0015214938429243237,16.40625,49.84718824290077,2.394937145687436,0.9976552526023438,0.0029260219930721553,5
9.832180455644034,0.0015207850228642125,16.40625,49.82169396378378,2.53777480180482,0.9973736207849341,0.003273833935808908,5
9.832447741162675,0.0015143211706813906,16.40625,49.617872736993164,1.4669239384990458,0.9973931482236449,0.0026499589610563777,5
9.832495297776878,0.0015101804004010169,16.40625,49.481109433406836,2.0139250867675096,0.9973672482998894,0.0024815707859060904,5
9.832799330330515,0.0015286617086284764,16.40625,50.091044986313,2.4240141235519936,0.9974844764699535,0.002602142973908396,5
9.832722544702028,0.0015286516826191943,16.40625,50.09085438289052,2.144526026582753,0.9977179327909196,0.0026975483156638624,5
9.832620753741532,0.001523795362447504,16.40625,49.93145623301968,1.8237921470414828,0.9978015735618038,0.0030494409098712565,5
9.832674526660712,0.0015214431494932588,16.40625,49.85396415891153,2.1354921074113613,0.9977211341799127,0.002924219260153048,5
9.832523457441102,0.0015328942389309778,16.40625,50.227014217063825,2.3522525989513574,0.9979614191616207,0.003101978473819743,5
9.832602152609029,0.0015272151209803281,16.40625,50.03919317775145,1.2430454689941446,0.9977570391732629,0.00323090344986633,5
9.832668287497993,0.0015307499811705902,16.40625,50.1565026453258,1.5639817850933468,0.9974193330212908,0.003246342951106058,5
9.832919894433674,0.0015391717994199712,16.40625,50.42531220723481,2.059055834934649,0.9972041508642752,0.0033474068711965743,5
9.833100974043537,0.0015411041924543402,16.40625,50.49420187974478,2.8704663310018077,0.9975619803021151,0.0028275226653684707,5
9.833360480093654,0.0015485670685905257,16.40625,50.73009752064033,2.225950600921351,0.9976190959547048,0.0029629517115738677,5
9.83317183712032,0.0015445541181481823,16.40625,50.589544533874125,1.4093304186790192,0.9975585879146301,0.0024502449354388304,5
9.833065920065849,0.0015456670424086804,16.40625,50.63138496108231,2.0539270192687886,0.9975227812271559,0.0025218122786827436,5
9.83310405718177,0.0015466144341394754,16.40625,50.66418339098518,1.6463405035368244,0.9981096216931735,0.0031248651726283536,5
9.833186948256333,0.0015525156507673198,16.40625,50.85361992944999,2.8073894238271655,0.9980926975223057,0.002895279162796525,5
9.832877773909194,0.0015692587364909457,16.40625,51.383609992754124,2.3565586897445123,0.9978438336904633,0.0033639438004513813,5
9.832966299120468,0.001572343423859007,16.40625,51.478196123511864,1.876901128851993,0.9976631862025555,0.003147093275371234,5
9.832698488567207,0.0015824032455687613,16.40625,51.785066659874786,2.1390513568949245,0.9982591191787618,0.0029150623263130004,5
9.832689799174734,0.0015823456450481594,16.40625,51.78399177331343,1.6472461655818431,0.9981757616147803,0.003176040741401237,5
9.832844141077972,0.0015817614379787471,16.40625,51.77845685510629,2.8048677659971872,0.9984615183611082,0.0031454297261998792,5
9.832675263281397,0.0015770038776858001,16.40625,51.63566250403891,1.9303012356407028,0.9983882560662054,0.0031954695747675108,5
9.832411757336827,0.00159389521163972,16.40625,52.167898112787725,2.56410337365863,0.9983242685254617,0.0032419616210416927,5
9.83224782637536,0.0015804348731275437,16.40625,51.74059055306857,1.671955523746874,0.9981622851227675,0.0032437269225789236,5
9.832610215607982,0.0015605918376209115,16.40625,51.11454397611418,2.2905126378633818,0.9979730848374173,0.003173898901923897,5
9.832472423990763,0.0015683417871826405,16.40625,51.37542611599786,1.0295580372670277,0.9979965516566717,0.0032495082567894373,5
9.832406442889566,0.0015648009687630549,16.40625,51.25623656925017,1.637120715631075,0.9982093808335623,0.003230714103579761,5
9.832397994981122,0.0015649164484016298,16.40625,51.26044163718059,1.17472428322435,0.99862701019688,0.002968141557127917,5
9.832479047546384,0.0015636961573927911,16.40625,51.224256973108915,1.033179788842972,0.9982695683957813,0.0030143265356635026,5
9.832321202460392,0.001566311938439289,16.40625,51.31613908662612,2.2224867766429575,0.9980968154287618,0.0029570678174096854,5
9.83236679327638,0.0015691191092908484,16.40625,51.40960212182069,1.8590520296954007,0.9979466149022466,0.002686580832451644,5
9.832349552255565,0.0015701903507976003,16.40625,51.445227871507214,1.826099619102024,0.9988004751515489,0.0023014130653969426,5
9.832195725783203,0.001567204218401386,16.40625,51.34202079726284,1.88336920052825,0.9991296207402747,0.002546284293803266,5
9.831845827667854,0.001589935755330619,16.40625,52.096826043426645,1.7108143759978702,0.9984632496205241,0.002799387539925879,5
9.831459880455983,0.0015664824439261588,16.40625,51.31688987694818,2.6943012275587535,0.9985725926394382,0.0025077472977459146,5
9.831227843479509,0.0015746475593023737,16.40625,51.59247931656503,1.498582140392197,0.9988329441751527,0.002432035003238674,5
9.831140878361298,0.0015785014074402837,16.40625,51.71616420562783,2.355030504073511,0.9989579630980364,0.0031482233522158085,5
9.83136511577507,0.0015763279401338945,16.40625,51.63595847507392,2.3845610694346155,0.9991596789037991,0.003245578723299266,5
9.831154923839115,0.0015908388267784563,16.40625,52.10003631739588,2.3564702259803503,0.9991143092982475,0.003134258586253401,5
9.831173257698758,0.001587504533254736,16.40625,51.989645240437525,1.6489445197233483,0.999514570557354,0.0032093495568460287,5
9.83092306490862,0.0016218687285414687,16.40625,53.098028980694465,1.801216678521693,0.9991799927486805,0.0031694903715330514,5
9.831331797902058,0.001594325247366533,16.40625,52.15780469546726,2.3792543423017682,0.999483939350302,0.0035119906038774684,5
9.831167771414583,0.0015864998649851919,16.40625,51.88318312695493,2.1095026984839933,0.9992571766718563,0.003890454308677967,5
9.830766256334703,0.0016295838590942157,16.40625,53.33638465631474,1.53383179750017,0.999626353805803,0.00381615426111808,5
9.83089354303819,0.001630151659303641,16.40625,53.36591719237241,2.04517693883948,0.9993957416786504,0.0036194296099849137,5
9.830671175765266,0.0016417929027365626,16.40625,53.76391869200005,1.9830738205588812,0.9987209437573519,0.0034178799900855747,5
9.83087093478326,0.0016424255456215426,16.40625,53.796745495023025,1.4990684297905925,0.9983998698305562,0.0035393140696639708,5
9.830657667926134,0.0016347465342972317,16.40625,53.55514761653665,2.4589976935482505,0.9987552772252696,0.0036739953719315223,5
9.830454681770982,0.001654202444324615,16.40625,54.183202699477185,1.8566289171127817,0.9984437414127906,0.003571109721624354,5
9.8304315656237,0.001651847507923191,16.40625,54.10725154053136,1.1690562091789616,0.9985687495723922,0.0034883294832272964,5
9.830247538042887,0.0016362035971071688,16.40625,53.58398576784557,2.27849222284082,0.999258220251007,0.003783069218465186,5
9.829993205602852,0.0016758786839968264,1.5625,54.89818637702952,2.2496489918424536,0.9990451006165665,0.003353862381922904,5
9.830048197935003,0.001683012388015503,16.40625,55.13444084053599,1.9736446827701002,0.9988460760540221,0.003861819104548854,5
9.82966798851163,0.0016756133969518124,16.40625,54.903834296893294,2.030514872282462,0.9988985259659782,0.0037744978451283895,5
9.829534055162767,0.0016779182332636023,16.40625,54.9762679626781,2.4311663093879665,0.9988294273657187,0.0034916840388172212,5
9.829730277956447,0.0016748049752335528,16.40625,54.86760101191864,1.4390713070085137,0.9990092088817177,0.0040832730903354935,5
9.829967998630421,0.0016796284619682883,16.40625,55.033392210854984,2.5613493168057175,0.9985371951610384,0.00439900433786621,5
9.829778406019518,0.0016589287928112488,16.40625,54.35861988600145,1.890158356968944,0.9991430080801028,0.0043659009661734215,5
9.829752184410003,0.0016592985844797051,16.40625,54.370391528739916,2.446481968728525,0.9990940545336973,0.0038979823572304123,5
9.829865766715976,0.0016604128053447434,16.40625,54.40488458279801,2.116993538734581,0.9990793106868215,0.004223414520724851,5
9.830102055562476,0.0016812309508006133,1.5625,55.090301049728936,1.8131403249984335,0.9992964385355317,0.004548112620357978,5
9.829979597648602,0.001680819078623458,1.5625,55.07704830029311,1.8093942504686613,0.9987038421947192,0.004675446976249912,5
9.829486859516532,0.0016810295021971618,1.5625,55.07698520850102,2.5291112460181466,0.9989671338384112,0.004708816084569176,5
9.829459742435093,0.0016810357001941418,1.5625,55.07798497915166,1.7180097248444024,0.998877570882558,0.004836177626765401,5
9.829399630643325,0.0016783215311720527,1.5625,54.98721606887712,2.8174837776047448,0.9991002980885925,0.00483910632936163,5
9.829864149630145,0.0016679029579237713,1.5625,54.623685306676336,2.040818789664627,0.9990173820941628,0.0054294271096069786,5
9.829836248051638,0.001667141356750674,1.5625,54.596949401978165,1.5185908379814161,0.9990379297926675,0.00564673386826819,5
9.82952410369814,0.0016541649868711161,1.5625,54.18874312621347,2.4367332912770507,0.9988193627528551,0.0057874425400614524,5
9.829860090415046,0.0016213125944260216,1.5625,53.12340243393704,2.1576613348285414,0.9983107376682512,0.006119930455999576,5
9.829952319609612,0.001618468316384156,1.5625,53.02787257370129,2.513819176462372,0.9984195341258576,0.006158332878910127,5
9.829971480073477,0.0016188184252004297,1.5625,53.039874569572774,2.6288611364895282,0.9980521434523646,0.0062226946139483895,5
9.830392828211055,0.0016526917126587378,1.5625,54.13263472278412,1.8358378196620226,0.9979036050998152,0.006061759219847134,5
9.830245932235645,0.0016686662239812971,1.5625,54.64735587592436,2.192368068588015,0.9981700688708718,0.005928137040141003,5
9.830004456871377,0.0016748763534498925,1.5625,54.86445454437864,1.902790575808467,0.9984179487964916,0.005795322607684983,5
9.829761422309822,0.0016946302351658112,1.5625,55.498044329438216,1.7944106034228753,0.9985678391204608,0.006080585289335298,5
9.829742726960284,0.0016919698951197073,1.5625,55.41206202307426,2.021105691522583,0.9983479282571397,0.005832947193577928,5
9.829673293134878,0.0016961500129330958,1.5625,55.54449469360062,2.556170907132279,0.9983603166722699,0.005834810938277209,5
9.829848131788314,0.001716416336730576,1.5625,56.19574652645725,1.6243548868672708,0.9984557194001953,0.005655392175037758,5
9.829667550781172,0.0017218151845076698,16.40625,56.35729623654844,2.1816814586187925,0.9984181401808934,0.005770879449019929,5
9.829610083389975,0.0017236404736391511,16.40625,56.422227166451314,2.343549612840434,0.9984986633247521,0.00563947721050314,5
9.829322371720329,0.0017007379305600547,16.40625,55.6439532905534,2.563387315886454,0.9986626571456483,0.005880570453222487,5
9.829267109691529,0.001698823093337743,16.40625,55.5869691393211,2.1362366308470278,0.998283687072004,0.005767902275763591,5
9.829273513124958,0.0016985302112408924,16.40625,55.57802661709348,2.2931468585168964,0.9982151852136482,0.0055723919683394515,5
9.829536968937788,0.0016918688819179586,16.40625,55.33059534704547,0.6032697864017488,0.9977891879186388,0.005340724127724551,5
9.829560611079222,0.0016911005819240604,16.40625,55.30822161049232,2.940011244806859,0.9983011777743144,0.005279122358412287,5
9.829760305423843,0.0016938451945544626,16.40625,55.37333854917077,1.6712160629916373,0.9981581682669523,0.005293628229365401,5
9.830014634851668,0.0017009922749282392,1.5625,55.638687474352004,1.3892008106292149,0.9978219237537087,0.005763820525544948,5
9.829976197483397,0.0017008662946143695,1.5625,55.63889888853838,1.618911590110656,0.9979085718387044,0.0060558871428600365,5
9.829486713680833,0.0016575038263489763,1.5625,54.15550082244666,2.158597305858469,0.9977974038802979,0.005969902114069319,5
9.829673027276494,0.0016630102675340827,1.5625,54.30802176348483,1.8333559596224707,0.9975401416000876,0.006027180302566282,5
9.829244797677426,0.0016323999344822293,1.5625,53.23220017469189,1.391039418598666,0.9972121895632725,0.006335395350466498,5
9.829902139702215,0.0016599547713662434,1.5625,54.00001179216823,1.5292201121458977,0.9973304867243227,0.0062868606822187685,5
9.829827966103196,0.0016650648656830452,1.5625,54.15043629936234,1.413415704885362,0.9969977311199839,0.006262060506074423,5
9.829555725024445,0.0016401022840613264,1.5625,53.393175649133894,2.265124614887706,0.9967601685929385,0.006296115105832619,5
9.829269054878857,0.0016217459796124165,1.5625,52.72760963412199,2.072676211760457,0.9971027588959718,0.00641393440868844,5
9.829392313986153,0.0016213809925749094,1.5625,52.6864474257791,1.1785469499761045,0.9968647546091616,0.0063700419856059015,5
9.829386952387475,0.001621501905385281,1.5625,52.6891166397694,1.5129416204848287,0.9975410090496246,0.006776516068330025,5
9.829533756615458,0.0016089943788265457,1.5625,52.24313871295158,2.1064467030446394,0.9975715479914904,0.006717007203113346,5
9.829561979952082,0.001608389709827077,1.5625,52.23038088226887,2.411730631174578,0.9975745714334143,0.0067087875033818006,5
9.829453018760267,0.0016010380905969726,1.5625,52.016234009897616,1.841870661584835,0.9975681915354302,0.0066127719540113135,5
9.829368158163843,0.0016029114759579875,1.5625,52.056854052105926,1.945362152866437,0.9974476739971804,0.007103347546885377,5
9.82980895516227,0.0015710841079107727,1.5625,50.89847058347837,2.140211102074924,0.9975489858836049,0.007266624979005901,5
9.830092159199543,0.0015581162061781785,1.5625,50.549184537431884,1.8023416543510393,0.9970741108428648,0.0070788750791078246,5
9.830021926775272,0.0015586775958008384,1.5625,50.58552642804748,0.8295646103360923,0.9966584385678968,0.0072723350049317985,5
9.829991392131415,0.0015624420359005042,1.5625,50.701116897540004,2.634749360916127,0.9964746787541007,0.007230609510644985,5
9.83013928071908,0.001569071750679018,37.890625,50.879897609872934,2.1638705587756704,0.9967731699092646,0.007135529454306049,5
9.83030161393032,0.0015813658929695526,48.828125,51.32489366217486,1.712773581763031,0.9969973381039846,0.0071580500948337155,5
9.830329556347506,0.0015807193556348234,48.828125,51.29657714368809,2.2593897503599387,0.9974969028853283,0.007041195876053228,5
9.830690561022728,0.001551087504041024,48.828125,50.41378752357135,2.093605438475303,0.9975005437334394,0.007669517864845753,5
9.830897283106518,0.0015778475778444713,48.828125,51.24120825728817,2.496499921825792,0.9974663214666524,0.007347372330770552,5
9.830729664583037,0.0015994760768952088,48.828125,51.90777607590082,1.9387398851807423,0.9978264347061618,0.006931515088341443,5
9.830981281715607,0.0015941521503379233,48.828125,51.66658517969414,2.0921059192769462,0.9978358572345856,0.006944010026752259,5
9.83085911059958,0.0015810026142186735,48.828125,51.201801318864895,1.558298721995622,0.9976014640304985,0.006488755614592823,5
9.830872159860059,0.0015794318220411063,48.828125,51.14665089123341,1.6970893897644903,0.9973177006949457,0.006294778034220096,5
9.831036592373993,0.0015789583784504891,48.828125,51.17667649575951,1.8709613431625864,0.997356040002159,0.006542295145206524,5
9.830874154518341,0.0015898317670269544,48.828125,51.57622282459395,1.9367226241774915,0.9976470899861277,0.006371300325425098,5
9.830631015794543,0.0015881121693543515,48.828125,51.45449931978561,1.4855732985815848,0.9971745302541111,0.006686768611236693,5
9.830738627078368,0.001583012101284717,48.828125,51.257208689970184,2.16597649933586,0.9975738380592263,0.006436770226418654,5
9.830299200593059,0.001544517443060245,1.5625,49.86473431252939,1.9974603322358842,0.9976986299710822,0.006195397454537542,5
9.83043696913492,0.0015540716038981487,19.921875,50.13410285428072,2.571993547876142,0.9974409476871368,0.006325590819090423,5
9.830604302942126,0.0015583159432396186,19.921875,50.32609998978482,1.7871707230818477,0.9970594077972386,0.0061401239925735936,5
9.83041233085609,0.0015638407946775138,48.828125,50.56558847080482,1.7091483029920103,0.9971356136682813,0.005794595084947584,5
9.830420720727801,0.0015639190585065325,48.828125,50.57065241865559,1.8103206607314253,0.9968348212065885,0.006082415395404454,5
9.830535767576766,0.0015640636680621894,28.125,50.5407156801231,2.804230417246193,0.9969571829613394,0.006210147907871811,5
9.830359525032003,0.0015567979798235354,28.125,50.24783159283473,2.008026468076423,0.997283923213005,0.00617147782602179,5
9.830575349215326,0.0015671898472468752,19.921875,50.51846976903456,2.319427045519357,0.9973673666979804,0.006613162007547746,5
9.830675024765497,0.0015740504511156778,19.921875,50.77593172418452,2.712505191151043,0.9974035721717962,0.006423791429006127,5
9.831047311481278,0.0015525745260051489,1.5625,49.9469219582587,2.6845105813736154,0.9976825038349585,0.006287682385293641,5
9.831017083101399,0.0015531855024734737,28.125,49.956370896333766,2.802931972136624,0.9980941381228272,0.00641260949148636,5
9.831020155417294,0.0015531293719124415,28.125,49.95345380019507,1.6862834734771848,0.9979867186532103,0.006509605117897913,5
9.831140379159562,0.0015585210573313736,28.125,50.17184314361759,2.0998251412796285,0.9979426603031762,0.006379028801148864,5
9.830954199529527,0.0015592011107806298,28.125,50.25685746881361,1.8048359879091247,0.9979592536622562,0.006247949562594794,5
9.830900736903175,0.0015593435416497744,28.125,50.24374374425568,2.7875348999441485,0.9982684383097702,0.006359851343002016,5
9.831269155076708,0.0015386852933351883,1.5625,49.43919060399732,2.5674109226626265,0.9982731699486951,0.006796815263903535,5
9.831068951612592,0.0015283733131928748,1.5625,49.028204890338124,1.304041662322561,0.9982443479740681,0.0066084338255980365,5
9.830949917274376,0.0015302874229882546,28.125,49.13469561941022,2.4229454791978546,0.9983000012317272,0.006508954509048073,5
9.83092746095678,0.001526444486757532,28.125,49.00058411606912,1.8259945011341188,0.997940838141285,0.006780261048560647,5
9.831279163822987,0.0015511010960716754,28.125,49.67601098650752,1.7255351412435023,0.9982550185972793,0.006485019548869141,5
9.830675477412626,0.0015871203440521362,28.125,50.60992280397472,1.3638992288094112,0.9982492924711387,0.006417818838713109,5
9.830627474342878,0.0015838789802545218,28.125,50.52417411494307,2.3598533080560933,0.9981611177088949,0.006404365779823197,5
9.83057998653492,0.0015821585049952103,28.125,50.447553726209506,2.988528548970256,0.998155880143941,0.006231874305854232,5
9.830389214166477,0.0015720823616546568,28.125,50.19780842550689,1.4059155298879584,0.9979003430439666,0.005660225863595352,5
9.830020707693912,0.001570846549941277,28.125,49.99980458167418,3.1672483878295075,0.997499657399431,0.00566911641709766,5
9.830052304940864,0.0015713280580151613,28.125,50.00166293586111,2.3791143033789317,0.997596448931156,0.005582653644225534,5
9.829979847043438,0.0015680902254720022,28.125,49.863398319997756,2.5253700590292283,0.997750996251992,0.005127057358423087,5
9.829860929434474,0.0015682713093915217,28.125,49.9219439130018,1.7910782521915583,0.9978540239276198,0.0052287869853733845,5
9.82970243953292,0.0015842058751191596,28.125,50.37376273730071,2.7461858239948924,0.9981555584573347,0.005145445476715508,5
9.829586004757665,0.0015755072280601733,28.125,50.14055027983724,1.8539586702221034,0.9979505531770536,0.005078419783030991,5
9.829674027191954,0.0015781421956035735,28.125,50.265481728286595,1.7129980136414815,0.9977426549972371,0.0052674902829027825,5
9.829435670438443,0.0015548271538433917,28.125,49.60344031417484,1.8695388689011452,0.9978127706414174,0.005020454414955755,5
9.829479551821649,0.0015564880185161259,28.125,49.67622589087119,1.9337403035436485,0.9980839393778415,0.005045994180336554,5
9.82944011203231,0.0015546325820753623,28.125,49.631823026453624,1.5376222896811669,0.9979119818260879,0.004724327587284535,5
9.829487523571489,0.0015555408214549154,28.125,49.68115941044448,2.2346578881867267,0.997915501627373,0.004632081931115685,5
9.82993430221041,0.0015808370255838177,28.125,50.31975346826155,1.9061637865427958,0.9978181919074106,0.0044566464999947035,5
9.829912026385708,0.001580921463791686,28.125,50.31268924405964,2.5392615332105684,0.9978401020085674,0.004659477820323819,5
9.829999100644054,0.0015875435464651568,28.125,50.49094075052071,2.4408293013742273,0.9979171472961113,0.005087363624785865,5
9.830283113451944,0.0015917348631478588,26.171875,50.75281139066772,2.0823307241686657,0.9979605977461451,0.00503120314356563,5
9.830078600076085,0.0015930543557574888,28.125,50.88244655388108,1.9569562546457746,0.9982643523318722,0.004792797307569864,5
9.82992755187636,0.0015990445397585419,26.171875,51.015186219834966,1.9035725312351133,0.9985077341989891,0.005143203240377603,5
9.82955265486894,0.0016217889844203847,26.171875,51.91544720654294,1.818637981388747,0.998933694985843,0.004957143192712561,5
9.829701597828773,0.0016424528590274431,26.171875,52.651572906699656,2.2532443840379224,0.998823221738864,0.00455613686884654,5
9.829458627305545,0.001643256561799807,26.171875,52.771054349985256,2.62542510493707,0.9988494256972055,0.004425486075873723,5
9.829439925014325,0.0016459244453677188,26.171875,52.851443247297496,1.4766608405128256,0.9993680247449944,0.0043656691717290875,5
9.829447418288124,0.0016456461583081367,26.171875,52.83950033379071,2.4204605770173657,0.9997338113773491,0.003938482161847984,5
9.829535666142435,0.0016415515034314133,26.171875,52.73835128676294,0.7193966755718672,0.9998196994404743,0.0039869878756013406,5
9.829784542752035,0.0016485001899379612,26.171875,52.871599896200465,2.490195823582326,0.9998081460122247,0.004100039447261058,5
9.829741552122165,0.0016462835333008088,26.171875,52.78223885957346,1.9137842348839815,1.0002961453067485,0.004407371210360948,5
9.829537820137002,0.0016537712823181591,19.921875,53.10578686034225,1.79690130784608,1.0001519637565428,0.00442633395316978,5
9.82972823947271,0.0016436143098315374,26.171875,52.84358405063142,1.6708258714485662,0.9998279036397637,0.0040348615387195,5
9.829973905808005,0.0016456760026818912,28.125,52.819586531184115,1.5401370933407936,0.9997616322859629,0.003959269552369906,5
9.830020218933736,0.0016451477988300737,28.125,52.819840885772706,1.5041860477310063,0.9998663117089884,0.004460486378859082,5
9.829815480444609,0.0016438174143589962,28.125,52.852202067080576,1.6522640816462324,0.9999119843687363,0.004651476831883276,5
9.82981577348028,0.001643817790006871,28.125,52.85232111984257,2.892704913906831,0.9999661684031452,0.004361174801217678,5
9.829444223529626,0.00161874010662625,26.171875,52.161392196517454,2.423996174483667,0.9993376055672528,0.00433111358759492,5
9.829155803223381,0.0016162902492002154,19.921875,51.98035289320492,1.75732033820168,0.9993782037435811,0.004653890660898493,5
9.82959027782307,0.001662334781846436,26.171875,53.327060552010025,2.211969851926066,0.9994362042393984,0.004844049144840721,5
9.829446715849532,0.0016636317084552305,26.171875,53.31328361096229,1.706839351918461,0.9990590279495216,0.004810948912707337,5
9.829630760745314,0.0016530043207997852,26.171875,52.89092617711361,2.2690760136708072,0.9988545823679231,0.004859486868524845,5
9.82976567009989,0.0016500290855888356,26.171875,52.84798204423067,2.510772220455692,0.9988162606195269,0.0043584625382561025,5
9.829675834786258,0.001646140143224452,26.171875,52.75621102343629,1.4103192735735017,0.9991168859731776,0.004151777147093414,5
9.829743806075722,0.0016442707796129649,26.171875,52.721586737464975,2.1429593103372704,0.9988975214201942,0.003866866520192713,5
9.829522415155571,0.0016546550648623764,26.171875,53.14650034537959,2.381111237064033,0.998736795730783,0.0038254014222926782,5
9.829801377839232,0.0016498459279710085,26.171875,53.090992761043005,2.162860158817542,0.9990911642166278,0.003891016643846524,5
9.829616201328168,0.0016503031339905362,26.171875,53.1709180682194,2.5213218997523654,0.9987124924431139,0.004462440679193016,5
