Mean_Az,Var_Az,Dom_Freq,Energy,Label
9.812703660555124,0.0012075584273034486,37.5,2.4664575501121115,0
9.81245674899048,0.0011927641206547184,37.5,2.4378525421443653,0
9.81388322637253,0.0011724250461307506,21.875,2.4010946013172747,0
9.813921974747092,0.0011703901086953742,21.875,2.3969041684869983,0
9.813218535406248,0.0011662366879518435,21.875,2.3869133529037194,0
9.81326114113923,0.0011730835375720497,21.875,2.4007806841427985,0
9.813745526519023,0.0011620728648964048,21.875,2.3795549604255593,0
9.812676624518394,0.001209248833213427,21.875,2.4756930149227907,0
9.81350131231959,0.0011546022925285697,21.875,2.36020965708963,0
9.813471050134153,0.0011526229106718305,21.875,2.355971994732516,0
9.813193591508677,0.0011402119208585228,21.875,2.332099800524665,0
9.813103482833508,0.0011459176153874307,21.875,2.343317709430581,0
9.814029857545052,0.0011888586451747807,43.75,2.424527758233996,0
9.813820047658425,0.0011939011510316284,43.75,2.432841638668493,0
9.812321559315357,0.0013392636450959828,43.75,2.740967517912923,0
9.81118145936971,0.001269619723893826,25.0,2.5912430370512656,0
9.811732953950491,0.0012681423912944303,25.0,2.582875457000354,0
9.812021502154328,0.0012701283451051603,25.0,2.589893074049962,0
9.81224167691866,0.0012767323204250813,25.0,2.6011975759366006,0
9.811665045671178,0.001248387881600567,25.0,2.536391918420539,0
9.81191444141188,0.001250872146975692,25.0,2.5381356816339555,0
9.812051025377679,0.0012566612869460583,25.0,2.5518547767970303,0
9.811974624118623,0.00125635917633122,25.0,2.552244803201349,0
9.812314010749782,0.0012531130010886098,25.0,2.549788661579663,0
9.811569705234398,0.0012915715071863587,25.0,2.6360932590818726,0
9.81143021623957,0.001281324642322417,25.0,2.613867106111678,0
9.812450046756434,0.001240896855015531,25.0,2.5195795580232,0
9.812810846591042,0.001221432595770125,25.0,2.4842692135559608,0
9.812966102470602,0.0012268469529191463,25.0,2.4934642028844354,0
9.813138657788215,0.001231193968274733,25.0,2.504465387522801,0
9.812291219850849,0.0011855171883606527,25.0,2.419455038010926,0
9.81149754324646,0.0012713047956970126,25.0,2.5872412516568972,0
9.811681232570596,0.0012586316742612157,25.0,2.559089058762107,0
9.810738847521904,0.001147320350713503,25.0,2.317675541576101,0
9.810001324739213,0.001185056820298484,25.0,2.405793786854627,0
9.810764988918923,0.0012678639400364117,29.6875,2.584252899011154,0
9.811342283585141,0.0013123364956477257,29.6875,2.668847630297882,0
9.810862321003542,0.0013398143185004104,29.6875,2.7186912875964127,0
9.810787327572468,0.0013355541910923267,29.6875,2.711033566660043,0
9.811211269222042,0.0013394481804938382,29.6875,2.7246071831721417,0
9.812042903032461,0.001290046975364836,29.6875,2.611756283638497,0
9.811466474557117,0.0013327828534824037,29.6875,2.6895232953685846,0
9.81037660300024,0.0013300952706865234,29.6875,2.7013191955166898,0
9.811131225679913,0.0012700763195506286,29.6875,2.587528276802697,0
9.81082307772098,0.0012731236728068041,29.6875,2.5968259039493815,0
9.810387195239974,0.0012985775790629855,29.6875,2.64451777748184,0
9.81092420212385,0.0013184489186224202,29.6875,2.6786770311732915,0
9.809438717511645,0.0013483799249812173,29.6875,2.715739224926293,0
9.810132343130343,0.0013488150820561173,29.6875,2.702218014316145,0
9.809922949326403,0.0013472799082294908,29.6875,2.6943358661104253,0
9.810235126492003,0.001337584394111663,29.6875,2.6670821234339024,0
9.81107531575408,0.0013595391198485765,29.6875,2.7310459172880117,0
9.810994380013627,0.0013640294249142074,29.6875,2.7419197063480367,0
9.810973817383829,0.001364213698392985,29.6875,2.7418734165927092,0
9.809797498066096,0.0014063966574519593,29.6875,2.8497172028924305,0
9.809779358727733,0.0014068516695236858,29.6875,2.8503612776595335,0
9.810341184598752,0.0014644255601901596,29.6875,2.9586916294117773,0
9.810346424285703,0.0014647398911958882,29.6875,2.9594307058418954,0
9.808499298333274,0.0015514993718951404,29.6875,3.163711864229526,0
9.810061088321811,0.0015173374496951677,29.6875,3.105333712176721,0
9.807859737549395,0.0015140180398661794,29.6875,3.097899713660575,0
9.807669192111383,0.0015286286197607494,29.6875,3.128661909966512,0
9.808054628864756,0.00154096924156322,29.6875,3.155179447310131,0
9.807734638182165,0.0015753188999370336,29.6875,3.2260979779331826,0
9.807836173639744,0.001573336916473862,29.6875,3.222132223537851,0
9.806943848484538,0.0015756688580033055,29.6875,3.2259121464158627,0
9.805775081419847,0.0015571365912691517,29.6875,3.1886007837974306,0
9.805970277817899,0.0015529429118152777,29.6875,3.1795742081546816,0
9.806596560336125,0.0015626753941138244,29.6875,3.200358464589851,0
9.805950832187676,0.0014748337705731275,29.6875,3.0196552382912114,0
9.805674984611635,0.0014731797757956374,29.6875,3.0168200963834315,0
9.806270586346997,0.0014374736799939254,29.6875,2.9438234035613746,0
9.806678692903139,0.0014480290254118339,29.6875,2.965508800838447,0
9.806491366878515,0.0014357995544771653,29.6875,2.9402656461460364,0
9.806186494431893,0.0014292604829880744,29.6875,2.927121173652885,0
9.807146827420787,0.0014343867038814156,29.6875,2.935911073399238,0
9.806589512372533,0.0013879229782334294,29.6875,2.838029587190077,0
9.80654171952723,0.0013891561097253509,29.6875,2.840838491241514,0
9.807715133474646,0.0012648609504883723,29.6875,2.5903065666061673,0
9.808119017329702,0.0012735997214609203,29.6875,2.6074548534167277,0
9.808174866876104,0.001275990739583355,29.6875,2.6124950000214833,0
9.808503129859865,0.001293531454871177,29.6875,2.6473927378408373,0
9.809597519021908,0.001425174284154008,39.0625,2.918699510299434,0
9.81080998527004,0.0015383554422742373,29.6875,3.1483154012092567,0
9.810705441790324,0.0015361291112326477,29.6875,3.1432860046623974,0
9.810344307497727,0.0015249593337958464,29.6875,3.1218436428755854,0
9.810816063536508,0.0015401131976172941,29.6875,3.1539464539206934,0
9.810115316675581,0.0015606693471509926,29.6875,3.1959487140982166,0
9.811303618722997,0.0015359648280591123,29.6875,3.14059255086181,0
9.810795074068551,0.001519240269756883,37.5,3.1025357454846985,0
9.811318883595288,0.0015511494867145694,29.6875,3.1628592304557106,0
9.809434085406867,0.0018281686399928086,29.6875,3.702810132241426,0
9.809594756534416,0.0018381047355117397,29.6875,3.720151786453393,0
9.808676829471613,0.001851578626159033,29.6875,3.7285367275706665,0
9.80932591068814,0.001883144847700694,29.6875,3.7775178838330206,0
9.810930431780818,0.0017986469126605995,29.6875,3.640053798246038,0
9.811584019251162,0.001789011653925614,29.6875,3.607097329077925,0
9.810806675347289,0.0017827281199543831,29.6875,3.5762232941746137,0
9.812407859480262,0.0017853435743748057,29.6875,3.5366923224589164,0
9.811579057895203,0.001701597693294519,29.6875,3.337821601358991,0
9.810265807533225,0.001661940963174588,29.6875,3.2986527294111467,0
9.811551233650626,0.0016551118830561253,15.625,3.31898284547872,0
9.811629250890677,0.0016594394495896333,15.625,3.325955852028716,0
9.811267829073529,0.0016549983028432932,15.625,3.307780217068731,0
9.811657381432978,0.00166243185128073,15.625,3.312618091676664,0
9.812531886041713,0.001613685128322919,45.3125,3.235231825669048,0
9.813365433236466,0.0015986870819532939,45.3125,3.18319002874961,0
9.81313748691336,0.0016102719643705094,45.3125,3.200588458577787,0
9.813064813254693,0.0016130706148810511,45.3125,3.208360504364306,0
9.81469956404466,0.0016323234156675078,29.6875,3.2879716359949955,0
9.813509478350586,0.0016462364772598975,35.9375,3.3388323642832733,0
9.814358777391258,0.0015881697344192272,35.9375,3.2323263873647177,0
9.814092221141534,0.0015830838764547754,35.9375,3.225197809064435,0
9.814665671592099,0.0015956588076924737,48.4375,3.257036720512942,0
9.814302328747047,0.0016113342384540647,48.4375,3.292298702123141,0
9.813891432854032,0.0015921363001532567,29.6875,3.249369208885677,0
9.813474156260183,0.001630801717451025,48.4375,3.3322187379248356,0
9.813338418707058,0.0016340335146874966,48.4375,3.3377242519806636,0
9.814640893083064,0.0015884544675678037,35.9375,3.2298601667055125,0
9.81466477044832,0.0015876319915786707,35.9375,3.22850441245037,0
9.813917079202769,0.0015262318062360149,48.4375,3.111867466936812,0
9.813496765773401,0.00151500966400588,35.9375,3.0840447988299924,0
9.81394387422256,0.0014501047081908404,29.6875,2.9451769166328057,0
9.81407310099558,0.0014600415898479244,29.6875,2.96732933686692,0
9.814281278596308,0.0014316276914512088,35.9375,2.9062015891697683,0
9.815483321389653,0.0014001612067337545,48.4375,2.856264852347539,0
9.814177114960057,0.001453517953363991,48.4375,2.974593327771093,0
9.814772737910989,0.00139224864539328,48.4375,2.8509223750984347,0
9.814592335142226,0.0013991692348947792,48.4375,2.865356815396279,0
9.815661681042902,0.001391942597484634,48.4375,2.849367209378665,0
9.816365865648757,0.0013685737801256324,48.4375,2.8028177732704576,0
9.817237512037222,0.0013903087272305972,48.4375,2.8454105946539854,0
9.816443368158788,0.001403266841287401,48.4375,2.8674899576687074,0
9.81473943805698,0.0014594599847649835,48.4375,2.9889656836360863,0
9.81527329602956,0.0014616604374454662,48.4375,2.993028273804841,0
9.816435618676346,0.0014997778786823039,48.4375,3.070563318374431,0
9.816109572806205,0.0014960217776181202,48.4375,3.061728453005151,0
9.816504962411218,0.0015194114506520823,48.4375,3.10766098452269,0
9.816161939116487,0.0015331343785147113,48.4375,3.133538125837358,0
9.81468110093551,0.0016004889535489828,48.4375,3.277645373209713,0
9.814735415777777,0.0016024170475611786,48.4375,3.281649469707005,0
9.813479145422017,0.001758627942363397,48.4375,3.5994778973495376,0
9.81509323234954,0.0018525007112945903,48.4375,3.779553740438115,0
9.815235576169343,0.0018584934935802308,48.4375,3.7933297474918652,0
9.815186902987849,0.001857075037055338,48.4375,3.790919572523968,0
9.814934933429864,0.0018457681835777747,48.4375,3.7650966419458216,0
9.814113630584389,0.0017416118105839794,48.4375,3.559518280140245,0
9.812790789085048,0.0016360663192669983,48.4375,3.3295456708345332,0
9.814105992180748,0.0017589018218237221,48.4375,3.5602714427313478,0
9.814027318476384,0.0017592402420609045,48.4375,3.55949323957451,0
9.813015648261,0.0017676521346131184,48.4375,3.593707103802053,0
9.812300081218114,0.0018566422478591995,48.4375,3.7643781603164093,0
9.811887508853507,0.0018458789440554066,48.4375,3.74926797609375,0
9.810800708070403,0.0019217425655338556,48.4375,3.8848728803013004,0
9.810070789949002,0.001885999128218993,48.4375,3.82547759087467,0
9.811621969435304,0.0016234358072584948,48.4375,3.309843689688272,0
9.810893326894075,0.0016074023368693893,48.4375,3.283984205817966,0
9.811619529489146,0.0015847519012054812,48.4375,3.24238607632055,0
9.810371203246845,0.0015768968261486015,35.9375,3.2294846974771074,0
9.80996753649503,0.0015671644698511326,35.9375,3.20922093435344,0
9.810001629074504,0.001568249114974956,35.9375,3.211383691368514,0
9.810078741458094,0.0015655948176941836,35.9375,3.2060734325387155,0
9.808502728949167,0.001553179781545844,35.9375,3.1778815889876775,0
9.807061811762047,0.001604757523662134,35.9375,3.2864402326443223,0
9.807728227780842,0.0016019951062862718,48.4375,3.279260590078096,0
9.807374670095133,0.0015804135825992017,48.4375,3.233515492602279,0
9.806750544125034,0.0015619558848528486,35.9375,3.1980976389567517,0
9.806521387466947,0.0015655957832262334,35.9375,3.204862375167174,0
9.806687395832311,0.0015762791846409853,35.9375,3.226107935624961,0
9.807089791234421,0.0015909229897325843,48.4375,3.2574405332600356,0
9.8075834520518,0.0016295136162975553,35.9375,3.334735388773657,0
9.807947617215358,0.0016181760636837111,35.9375,3.312895304717544,0
9.808178336204831,0.0016139496180811149,35.9375,3.303428783791019,0
9.806331805155136,0.0015927560436509395,17.1875,3.2456799954635844,0
9.805452833690307,0.0017049884478502085,17.1875,3.4841017815659434,0
9.806276745677327,0.0017501833036336885,17.1875,3.581820450538462,0
9.805821781477743,0.0017550718801881257,48.4375,3.593489774614568,0
9.805800106503051,0.0017534597351192486,48.4375,3.590128369404407,0
9.80548190678921,0.001775439378671675,48.4375,3.635826340139952,0
9.80581947830063,0.0017953296872816012,48.4375,3.6768336086351496,0
9.806835232094146,0.0017550571398134527,48.4375,3.592126435857091,0
9.806680364341608,0.0017595654828602616,48.4375,3.6006483916930843,0
9.807095671057146,0.0017965888586830602,17.1875,3.6740802750852444,0
9.807205529662966,0.0017953933467237068,17.1875,3.67233332840293,0
9.805598747207345,0.001880213846812846,48.4375,3.8506562979028263,0
9.805641496218366,0.0018810136355073847,48.4375,3.852272514951417,0
9.806869726095933,0.00185274598222794,48.4375,3.7920232939563614,0
9.805573512466962,0.0018296973695230423,48.4375,3.735630699413875,0
9.807461837991896,0.0018542578552326616,17.1875,3.760228437625471,0
9.807033050750128,0.0018377150039048738,17.1875,3.718477636560356,0
9.80712176286194,0.001828554356483216,17.1875,3.697994164465882,0
9.808745021959657,0.001913330021423309,9.375,3.8980310058573915,0
9.80930821633144,0.001911893096657457,9.375,3.88714568247439,0
9.80858581050961,0.0018918057673660727,9.375,3.8339170072809554,0
9.808332724523382,0.0018890740375717683,9.375,3.832801203850235,0
9.80752257954773,0.0018513053430076914,9.375,3.740189789658066,0
9.808527078302344,0.0018661486687226675,9.375,3.747933538981415,0
9.810012307259331,0.0018151577847952492,9.375,3.675539679053663,0
9.81007378430525,0.001818363805232248,9.375,3.6809588445066916,0
9.809364556185207,0.0017658363679183156,9.375,3.5590335906887725,0
9.80894771532313,0.0017749200261926988,9.375,3.5863200310883183,0
9.807226914918761,0.0017908036542717493,48.4375,3.578408723235013,0
9.807255019578363,0.0017896239430664283,48.4375,3.5752315156893295,0
9.807502999163185,0.0017627672537439834,48.4375,3.5268333853135383,0
9.807311283337684,0.0017548480394715936,18.75,3.5155481078582302,0
9.808962370850239,0.0016109792724958957,7.8125,3.2571597111668598,0
9.806779619995588,0.0015354684688194701,43.75,3.1333044631930123,0
9.80673770129591,0.0015327295240405994,43.75,3.127287569374783,0
9.80613630550985,0.0015296705098317481,43.75,3.126180412193802,0
9.805830976550197,0.0015213163015000096,37.5,3.1066375591598683,0
9.805225050786083,0.0014889184331099007,43.75,3.044742857355753,0
9.806063334584412,0.0015428966112159587,43.75,3.158975692526679,0
9.805815590943736,0.0014991124156206418,43.75,3.0698438408286224,0
9.8052965120172,0.0015123678891732356,43.75,3.095574990678931,0
9.80567173213023,0.0014999957787689585,43.75,3.068526074136487,0
9.807571242824075,0.001430629598417171,37.5,2.929195256555793,0
9.807890363064953,0.0014398308974152322,37.5,2.9486135624903906,0
9.809074131816875,0.0013713204451155745,37.5,2.8040785301909814,0
9.808831336845461,0.0013738257258359408,37.5,2.807633304539062,0
9.808774468752787,0.0013777805606331544,37.5,2.8161236048064,0
9.808279318033668,0.001402962283706374,37.5,2.86384863992258,0
9.807778715350798,0.0014081170025342352,37.5,2.8782894079751054,0
9.808316839333557,0.001390216157122958,17.1875,2.8446587301007993,0
9.80791010774967,0.0013998328464704744,17.1875,2.865857022193329,0
9.808072251217245,0.0014076742037497758,17.1875,2.8823265108268483,0
9.808251070824879,0.001405119862446261,17.1875,2.87663651603086,0
9.810121304089954,0.0014554604120068228,37.5,2.9780529230385904,0
9.812216976785413,0.0014540679109659171,6.25,2.9761171811526506,0
9.812302050060765,0.0014569792156859513,6.25,2.9823926512471215,0
9.813191469253397,0.0015325314096838833,6.25,3.1323848355563744,0
9.813285254778497,0.0015309633509058974,6.25,3.1298259477274137,0
9.813922385359476,0.001528600065319493,6.25,3.1198442329464298,0
9.813372851217302,0.0015144646767631074,6.25,3.085124636108631,0
9.812930768186805,0.0015050371938054603,6.25,3.0705564785839043,0
9.811418321764457,0.0015000548544429264,6.25,3.040823106092901,0
9.80943032208368,0.0017791222574240245,6.25,3.636087115911355,0
9.809543018173072,0.0017792138334118417,6.25,3.637135255154897,0
9.80885885500889,0.0018848340216522303,6.25,3.857553407201977,0
9.809326892518422,0.0018097669163068433,6.25,3.705521840284352,0
9.808163570373035,0.0017779257987954923,6.25,3.6406645251435736,0
9.8077759940266,0.001804478112428338,6.25,3.695541712156729,0
9.807134975473227,0.001786095810513374,6.25,3.6567383068982595,0
9.807374206723651,0.001767589803150138,6.25,3.6179751361696706,0
9.806592656761566,0.0017458301518498327,6.25,3.5689585715153016,0
9.806744414457288,0.0017510491646424511,6.25,3.578492414391586,0
9.806233405240834,0.001787427538319899,6.25,3.648413535510145,0
9.806382613473453,0.0018062928365239002,6.25,3.685510093762533,0
9.806939823535238,0.0018245631302630098,6.25,3.7282115074256557,0
9.808209212789945,0.0017271667487706146,6.25,3.5148550304310535,0
9.80840744737726,0.0017328670782602714,6.25,3.5291331087960667,0
9.808040450725224,0.0017225297744391484,6.25,3.5123579643087286,0
9.808823975077363,0.0017072888086887214,6.25,3.4886828329016706,0
9.807443281345725,0.0016489365245271799,6.25,3.376341473381786,0
9.80777394973234,0.0016593785724085014,6.25,3.3982836039519664,0
9.807459166729782,0.0016967777791835766,6.25,3.474991139590921,0
9.805925852398374,0.001604067735523027,6.25,3.2807394020330864,0
9.805664814187743,0.0015979988104911761,6.25,3.2697363478720267,0
9.805543524552546,0.0016003645241589755,6.25,3.273953413475227,0
9.80567547911922,0.0016015179130396875,6.25,3.275563988143217,0
9.805671102835458,0.0016015222935448208,6.25,3.2755468117963042,0
9.806191455310211,0.0016621716779134292,6.25,3.3960885311714173,0
9.805720936379556,0.0016446512311431732,6.25,3.3559349112199626,0
9.805114257970729,0.0016285694679108304,6.25,3.328338194018583,0
9.805609534783057,0.0016627854128483755,6.25,3.4016531128924257,0
9.80596732322373,0.0016560462489933116,6.25,3.385610991521898,0
9.8078028474571,0.0016569941366438795,6.25,3.393490474714441,0
9.808925022384619,0.001689981942674338,6.25,3.459058518804339,0
9.809999040211526,0.001660059562265117,6.25,3.3997889510098207,0
9.810410089202666,0.0016805090526414378,6.25,3.441457782828288,0
9.812039097498351,0.0018704755914023862,4.6875,3.82728496240426,0
9.813501201114164,0.0018392956456175773,4.6875,3.766822148657276,0
9.812990021340237,0.0018306223324088065,4.6875,3.748179889013198,0
9.812215123268905,0.0019044913666944915,4.6875,3.900378106105853,0
9.811676177002559,0.001925292696548265,4.6875,3.942603669319148,0
9.812353710609184,0.001955834163922464,4.6875,4.002992486832882,0
9.811013152959502,0.0019287987506091436,4.6875,3.937809411322948,0
9.809634559383174,0.001840737644895598,4.6875,3.7674458970481224,0
9.810445941191336,0.0018279198073437185,4.6875,3.743432981021245,0
9.809811792498602,0.001865229222111741,4.6875,3.819714456572664,0
9.809002006925747,0.0018428356848951362,4.6875,3.773724923391759,0
9.809434501134486,0.001874823714270915,4.6875,3.8380679278981136,0
9.809326603232712,0.0018738327514938482,4.6875,3.8356275127677084,0
9.809936240026609,0.001881027684151804,4.6875,3.847145097860234,0
9.810628324986604,0.0018589855514243442,4.6875,3.805538743722797,0
9.810294842650391,0.0018949211341689992,4.6875,3.8801381793860297,0
9.810238273600774,0.0018977739735511802,4.6875,3.88584267413329,0
9.810295427220534,0.0018977965114860293,4.6875,3.885735972908148,0
9.810650762739398,0.001886549284721764,4.6875,3.8634350119754446,0
9.810027229851945,0.001877734989387803,4.6875,3.8454202035483087,0
9.811078265213121,0.0019404230331335967,4.6875,3.97026292068605,0
9.809215882433096,0.0018929371504191356,4.6875,3.8556226384829047,0
9.807184540412853,0.0018738617188147665,4.6875,3.8348200305721143,0
9.806439396960752,0.0018717218597036134,1.5625,3.8257007932208875,0
9.806374039603236,0.001861894362691852,1.5625,3.8060805404708287,0
9.806525960468175,0.0018638058778464662,1.5625,3.811104971856047,0
9.80557356575071,0.0018721660509712044,1.5625,3.8330290400931704,0
9.80558912313919,0.0018722855399482391,1.5625,3.833321360940385,0
9.806782607985008,0.001971758617599723,29.6875,4.0305108638294795,0
9.807546789519645,0.0019453370142892366,29.6875,3.9812532913466105,0
9.809625913163567,0.0016732460430137278,6.25,3.405205877202551,0
9.809448771019085,0.0016738506821242563,6.25,3.4040234316818476,0
9.811518541368638,0.001532557326739945,6.25,3.076845656943421,0
9.813885184949411,0.0015652517221469624,21.875,3.185596904225098,0
9.814592515034503,0.0015561979836326316,21.875,3.1569676379292404,0
9.814933400262248,0.001527194382935474,21.875,3.102685443342902,0
9.815625702505546,0.0015384863385588725,35.9375,3.1149206604874498,0
9.816294617622553,0.001513973331573478,21.875,3.075272862761739,0
9.81648571294302,0.0015084772581085463,21.875,3.0611886040661336,0
9.81554076419349,0.0015416101859076976,21.875,3.112860621142689,0
9.815481134277299,0.0015491089015598424,21.875,3.129347394503323,0
9.814143030739686,0.0015044984095291339,21.875,3.009137556832702,0
9.813575433910316,0.001494435996727161,3.125,3.0016619572088468,0
9.813823685768037,0.0014964597422815952,21.875,3.0111354813446227,0
9.813315547829724,0.0014972732274488461,21.875,3.022921872353536,0
9.81271722525175,0.0015231195711729862,3.125,3.063828131636307,0
9.812778914140793,0.0015247241069017126,21.875,3.065790809782251,0
9.812997029490726,0.001515639453049305,21.875,3.051794789046683,0
9.812135485831528,0.0015262473748639481,21.875,3.0898214987316903,0
9.81357541615078,0.0014437712715632597,3.125,2.941369065246098,0
9.812758785769068,0.001527787694095603,3.125,3.121263432253661,0
9.812910477573476,0.0015281172317793774,3.125,3.1230917150638224,0
9.813644584542127,0.0015313244873158462,3.125,3.123202754529081,0
9.81299498696179,0.0015571842638921014,21.875,3.1686086793033796,0
9.813316884057766,0.0015585861509545174,21.875,3.1670955889780137,0
9.812099669087734,0.0014874992971120402,3.125,3.001094774705313,0
9.812334169381328,0.0014897527965637468,3.125,3.0010797437848935,0
9.812032135506264,0.0015033989313360373,21.875,3.02273150099877,0
9.810786640586848,0.0014922199347862034,21.875,3.0233911791535277,0
9.811055514907236,0.0014951790333549546,21.875,3.0337023538802455,0
9.809494709042108,0.0014775133100234736,21.875,3.016350884601096,0
9.809229174604168,0.0014556796635717024,21.875,2.969136833910749,0
9.809207964736846,0.001454831133014515,21.875,2.9676092461927643,0
9.808994062219506,0.001441018592355404,21.875,2.9371168437607813,0
9.807782544648447,0.001260494206425665,21.875,2.577412623729672,0
9.806596630320232,0.0012515858111346535,39.0625,2.5494322292239455,0
9.806895913183077,0.0012564954037717205,39.0625,2.5561197285533286,0
9.808201136511107,0.0011895654974022145,39.0625,2.4310438722593766,0
9.808859160157636,0.0011736779504287114,39.0625,2.393330324650196,0
9.808064568742582,0.0011381661665773191,23.4375,2.311988257376918,0
9.808916824128945,0.0011341617719251977,23.4375,2.2916737671282252,0
9.810391891668147,0.0012394680622644148,23.4375,2.5264253725357952,0
9.809616666031928,0.001249865080989887,23.4375,2.5541755778755224,0
9.810231323251534,0.0012131875203816413,23.4375,2.4824300076989543,0
9.811645305533,0.0013026352234215316,21.875,2.6555515353034425,0
9.81066798223706,0.0012682178935709298,21.875,2.573320093129906,0
9.811310199413045,0.0012940116601301676,39.0625,2.61629791656942,0
9.811081901860708,0.001286459930466972,21.875,2.5969242288510395,0
9.811197890352053,0.00128856542210643,21.875,2.5991691295998693,0
9.811260247876291,0.0012806681199150794,21.875,2.584113639213003,0
9.81199539630025,0.0012735191340096607,21.875,2.5552770165891765,0
9.8116098292927,0.0012826553917886286,21.875,2.5656579240805564,0
9.811719296805158,0.0012821859999550425,21.875,2.5622205900712816,0
9.812002990263398,0.0012791624056536879,21.875,2.562343837549004,0
9.810777280165118,0.0012218112736034471,21.875,2.468386425076725,0
9.811973105425391,0.001198350929661731,32.8125,2.4373339722510337,0
9.812660340771242,0.0011400284998430948,32.8125,2.3088388897540755,0
9.813425512269923,0.0011336711646184631,39.0625,2.305774084824065,0
9.8113167630624,0.001135160106654234,39.0625,2.3238469870759606,0
9.812096799122841,0.0011832992438011827,39.0625,2.42337834554397,0
9.812037793469404,0.0011883467493679805,39.0625,2.4336855322020567,0
9.813333098430814,0.0012885612774939928,39.0625,2.634671325642609,0
9.812913349065923,0.0012386148388984896,45.3125,2.5295282934175454,0
9.813274511461362,0.0012478564477286826,45.3125,2.5454229449699017,0
9.813363023373228,0.0012477144514718157,45.3125,2.5459246683880727,0
9.813081958246165,0.00125898765382372,45.3125,2.5713160951020013,0
9.81284619355465,0.0012485785744164929,45.3125,2.5480875957996427,0
9.811227817638438,0.0011465666539560782,45.3125,2.3477003917839925,0
9.810050150808015,0.001188611359205811,45.3125,2.4286613947585165,0
9.81001221703588,0.0011907444034284019,45.3125,2.433284188718842,0
9.809696576562636,0.0011745623391142233,45.3125,2.3978476541341562,0
9.810056332319922,0.0011894405534488308,45.3125,2.4252040995520323,0
9.810666093173918,0.0012105088884691905,45.3125,2.473318091136383,0
9.811663006730736,0.0011885368379580964,45.3125,2.4194097824389673,0
9.812406210360416,0.0011327572834195776,45.3125,2.3122015316487423,0
9.813003285640656,0.001126862631226394,45.3125,2.294661590796729,0
9.813768023872722,0.0011507930524207195,40.625,2.3504115623684787,0
9.813752390833585,0.0011504347698195984,40.625,2.34979060583254,0
9.814696280103151,0.0011740109847374713,40.625,2.403030853129455,0
9.814595607329164,0.0011831916194214372,40.625,2.422146038456242,0
9.813667100580757,0.001213119979016787,40.625,2.478976056222373,0
9.81399916637075,0.0012103540649426802,40.625,2.470857970217477,0
9.813352285160255,0.0012822036914213204,40.625,2.6119295515459586,0
9.812544950696878,0.0012959106502333,40.625,2.6473197715599426,0
9.813156681480018,0.0012253396572729147,40.625,2.5065577877917855,0
9.814100018350015,0.0012920022689213355,40.625,2.636632527209564,0
9.813091750437192,0.0013059305684255972,40.625,2.654233481469458,0
9.81439980582852,0.0013078670103559768,46.875,2.6378218344144373,0
9.814003232981506,0.0013088645249260886,46.875,2.6323022855933056,0
9.81331632214923,0.0013537650156693322,46.875,2.7369491132871087,0
9.812281546382241,0.001398024306764067,46.875,2.807737539373774,0
9.812867631480445,0.0013817402818905528,46.875,2.7611969150803097,0
9.8126578289062,0.001399965868903018,46.875,2.793458944361721,0
9.812012584871962,0.001410231967105892,46.875,2.829482652513749,0
9.81300482882272,0.0013809242386466406,46.875,2.789197634118517,0
9.81289584716815,0.0013753575136204886,46.875,2.7797190012127,0
9.812883276384813,0.001374974073806339,46.875,2.778714497984976,0
9.811966818502926,0.0013881867715439624,43.75,2.8200594530311993,0
9.810306920780771,0.0014550157258574577,12.5,2.928524080062963,0
9.81043257696312,0.0014466338293375768,12.5,2.908748460615237,0
9.810247622704903,0.001443575814565643,12.5,2.8985270559571763,0
9.81107974662489,0.0015095477598279382,12.5,3.014094292489016,0
9.810816681338723,0.0015105219265498274,12.5,3.009320978780074,0
9.810822859640178,0.0015104571632971809,12.5,3.00902597532836,0
9.809587699823785,0.0015507649184553763,12.5,3.055975650547391,0
9.808523445562685,0.0014455309820142683,12.5,2.8715037056523265,0
9.808656228072415,0.0014386662485056838,12.5,2.8609928336036865,0
9.809146497689643,0.001445083393513273,12.5,2.8606756327225145,0
9.808253388004488,0.0013548150006085504,12.5,2.6487568417295617,0
9.807615223928348,0.0013942092553358642,12.5,2.7490972038725965,0
9.806626142960475,0.0013687887350446047,12.5,2.665852968486172,0
9.806072781492409,0.0013728031225557515,45.3125,2.692014197367825,0
9.806069440064546,0.0013726845032910947,45.3125,2.691666701245427,0
9.80558435805257,0.0014420005714055677,45.3125,2.8483271781433714,0
9.806108641868311,0.0014852234518678493,45.3125,2.951653089078011,0
9.806977757801898,0.001500667915940937,45.3125,2.9581262695926367,0
9.807758801968573,0.0015485438599855872,20.3125,3.0789248724939826,0
9.80688580310183,0.0015828490723059092,45.3125,3.171651620405161,0
9.808054735731599,0.0016424600791455303,45.3125,3.318933192888959,0
9.807749452789697,0.0016289292165811281,45.3125,3.296881144882414,0
9.808855127098614,0.0016708450974415349,45.3125,3.4000262182190095,0
9.807630315048263,0.0017052928922068969,45.3125,3.483895065382778,0
9.808165589852566,0.0016558002759614948,45.3125,3.3864257887416818,0
9.80687724762837,0.001607419006330653,20.3125,3.291895907317273,0
9.807031484671699,0.0015967423980298968,20.3125,3.2701198432768015,0
9.805208322800942,0.0014933403890300962,48.4375,3.052028716816827,0
9.804044786329591,0.001453019027775409,48.4375,2.9750582432867616,0
9.80261481825728,0.0014863183995342934,48.4375,3.035583348048548,0
9.801896869645613,0.0015005067609039989,48.4375,3.0695399459070174,0
9.802254786461743,0.00149589069762001,48.4375,3.061739825504773,0
9.800652477013525,0.0015767521524663124,48.4375,3.228314220650361,0
9.801682733707086,0.0016253109155464612,45.3125,3.322831723234703,0
9.801842302907016,0.001612049595768356,45.3125,3.29672078273345,0
9.803080056418342,0.0016562345839738679,45.3125,3.3763474748811984,0
9.801266695739956,0.0017824927930611878,48.4375,3.6076767187706027,0
9.800534738516003,0.001756517818077617,45.3125,3.5670994397101876,0
9.7996097279075,0.0017241852056802196,48.4375,3.484568675899189,0
9.799819794174827,0.0017405926857989931,48.4375,3.5139781189310852,0
9.79984956168523,0.001740557475561657,48.4375,3.5145111813407324,0
9.799714260662556,0.0017343976689588,48.4375,3.504600824975471,0
9.798593281170573,0.0016929700435283034,48.4375,3.3950836258670014,0
9.797935283053697,0.001685865143441388,48.4375,3.3956396230773773,0
9.798258436421158,0.0017305648204863897,48.4375,3.4939544242314167,0
9.798490262389173,0.0017189142135393986,48.4375,3.4652807313820366,0
9.79915322089909,0.0017065774513684078,46.875,3.4531942476899937,0
9.799364904983957,0.0017183510486099723,46.875,3.4732940666820427,0
9.799713892944313,0.0016828019713079026,46.875,3.407006548216436,0
9.799755525793286,0.001681155178609507,46.875,3.402882672409736,0
9.800815452733469,0.0016989131099831801,46.875,3.456166336241062,0
9.800824333153567,0.0017003093396728503,46.875,3.4589032071214345,0
9.801673925735292,0.0017009246170514147,46.875,3.470430385304765,0
9.801587856931205,0.001691980578224841,46.875,3.4529881833396843,0
9.801400052882638,0.0016947037988786129,46.875,3.4566165264495172,0
9.80028462773625,0.001867684431928686,46.875,3.820336403544148,0
9.80160801677666,0.0018668964952123447,46.875,3.823331254977283,0
9.801766859700418,0.0018735147318949706,46.875,3.8367110908619178,0
9.803332171484053,0.001905304399084588,46.875,3.8990252892386,0
9.802727017116977,0.0019520977693881713,46.875,3.991089106372039,0
9.801896023718319,0.0019511191992703713,46.875,3.993876214579345,0
9.80129343389644,0.0019340959688909044,46.875,3.95582018854108,0
9.800819013418176,0.0019231834935784793,46.875,3.936109394186391,0
9.801152772454733,0.0019135607022648974,46.875,3.9177053206806693,0
9.80228613116003,0.0018510848156604357,46.875,3.783472721972782,0
9.803199037958407,0.0018647942587758895,46.875,3.8170218873233623,0
9.803089402776155,0.0018634707502698427,46.875,3.814738932441822,0
9.801438507527648,0.0017913604892769448,46.875,3.6554073738957356,0
9.80157844573673,0.0017923815071436927,46.875,3.655997686273398,0
9.802608238138816,0.0018678370845931042,46.875,3.8196977434374317,0
9.802806807346656,0.001851161258323188,46.875,3.784116055676902,0
9.802859611018635,0.0018536215047362155,46.875,3.789550562814169,0
9.80360707306249,0.0018650947194385572,46.875,3.806379843712094,0
9.80423561296264,0.0019245878192795081,46.875,3.933981792202248,0
9.803623593758504,0.0019158454663578874,46.875,3.920131198287646,0
9.804205759868218,0.0018825017761599655,46.875,3.854275533200994,0
9.804233182553407,0.0018816779286694933,46.875,3.852504880526768,0
9.804875917721967,0.001882998873285972,46.875,3.8563552671033943,0
9.804634724638566,0.0018775766250476835,46.875,3.8452435822066695,0
9.80512968142971,0.0018080974679082961,46.875,3.7021898525357497,0
9.803665427802784,0.0017712252441333144,46.875,3.618550701368583,0
9.804023752519216,0.0018076753730386665,46.875,3.689874799190541,0
9.803488510978616,0.0017625796554602575,46.875,3.5915714573937403,0
9.804985050313636,0.0017727288962239,15.625,3.589501142549107,0
9.801445517089531,0.0020991176267842943,23.4375,4.16738128382354,0
9.801722151738565,0.002114367221322747,43.75,4.189372322128833,0
9.800831080924294,0.002055827646178011,43.75,4.0375888259478865,0
9.801073096528699,0.0020373273267600316,43.75,3.9904760005939166,0
9.801613446702222,0.0020316467824036833,43.75,3.999106978335845,0
9.801699205202333,0.0020292728110442256,43.75,3.9911087286169793,0
9.801927322799617,0.002021409785782104,43.75,3.983281452349118,0
9.802181089816852,0.0020123771728994726,43.75,3.955562559895015,0
9.80164795125331,0.0020489019571307667,43.75,4.0101356308477225,0
9.80238181085157,0.002001048518427251,43.75,3.882381609948949,0
9.804016969005657,0.0020616343253526005,23.4375,4.069731290895106,0
9.804348369128833,0.002070583975853598,23.4375,4.0761220235976205,0
9.804984357627669,0.0019950695182555534,23.4375,3.9439821400857054,0
9.804014453789906,0.0019520720652865709,23.4375,3.8870676595426397,0
9.804660881696174,0.0019283652925253271,23.4375,3.857133613174441,0
9.804784424192945,0.001942980088954713,23.4375,3.8836389327850656,0
9.80660809336404,0.0018043581429665672,23.4375,3.6439610363531236,0
9.807106779111916,0.0018086688820966822,23.4375,3.642050646352677,0
9.806921562354878,0.0018179268771946304,23.4375,3.656763110577326,0
9.804990793510813,0.0019038491569720096,23.4375,3.870111454072095,0
9.804442251415908,0.0019280662502406004,23.4375,3.910641147686914,0
9.803592804513555,0.0019501250433284422,23.4375,3.969334684175257,0
9.80439149662105,0.0019554391245566204,23.4375,3.990231500604963,0
9.80427482011752,0.001961380196070836,43.75,4.003642912676052,0
9.802089062793833,0.0019418251052750572,25.0,3.931025707475129,0
9.80166420632153,0.001971401214465928,25.0,3.9994602267069217,0
9.80237269304557,0.002015873230752752,25.0,4.10200613526928,0
9.8018495734772,0.002000188690758152,25.0,4.077031674532964,0
9.802220949941175,0.0019776269255954975,25.0,4.03521902830614,0
9.803081996248805,0.0019882890983303997,25.0,4.0460044065506775,0
9.803288556949504,0.002007294656388296,25.0,4.087855680625754,0
9.802309425552954,0.0019180258997300308,25.0,3.9165343262369823,0
9.801657640501396,0.0019102598302450065,25.0,3.8934103878162722,0
9.801255679146571,0.001880903850670304,25.0,3.8379470364305472,0
9.802715769665008,0.001977185818887698,25.0,4.046483159218903,0
9.80333437831674,0.0018588817564099208,25.0,3.8004534967325334,0
9.803540283288982,0.0018778862513551006,25.0,3.8407945817626565,0
9.803400154205022,0.0018723795404507648,25.0,3.830383833519032,0
9.801893164343829,0.0018364421180325353,25.0,3.743241499575626,0
9.803114635670221,0.0017914565381193656,25.0,3.6333088922455423,0
9.803388579493655,0.0017814976510897214,25.0,3.617437240254982,0
9.804083678115594,0.001802272672446521,25.0,3.6479054755448206,0
9.80441543862601,0.0018047558295298963,25.0,3.6590029855897033,0
9.804490081422777,0.0018040372007992627,25.0,3.6562178982876423,0
9.8039188113057,0.0018178167317091597,25.0,3.6736312201058383,0
9.802429265964864,0.0018517045174745806,25.0,3.7684110034421656,0
9.801263415113386,0.0019297738708530182,15.625,3.909207143825449,0
9.800662130269378,0.0019886142058432262,25.0,4.040252942946588,0
9.802022892771873,0.002129688510646387,15.625,4.34755998113506,0
9.80116254432654,0.0020564571390482823,15.625,4.205293728105083,0
9.80091104221252,0.002077589897797014,15.625,4.246632921289512,0
9.800856112946734,0.0020748239038064055,15.625,4.241414136543807,0
9.801494177492351,0.002143823984907024,21.875,4.387001177497787,0
9.801111501770505,0.002099577037509821,21.875,4.29814728760928,0
9.801135503205261,0.0020991513362222085,21.875,4.297366090441479,0
9.801202620705755,0.002098464735191534,15.625,4.295700542269565,0
9.800731202851852,0.0021229563661477953,15.625,4.343517575712755,0
9.800054844690079,0.0021173923910509803,15.625,4.335198568383348,0
9.79949374744676,0.0021279991413429883,15.625,4.354501824642045,0
9.800676079578329,0.0021002934143278477,15.625,4.288440886263023,0
9.801617752940851,0.002098633924524268,15.625,4.292929014761735,0
9.800033872849287,0.002052185458220782,26.5625,4.202875614682211,0
9.79917501900599,0.0020493217907818755,26.5625,4.195535246380213,0
9.798901571222125,0.002023219384878478,26.5625,4.142875163273203,0
9.802214161722235,0.0016872502778767242,18.75,3.4401448738810294,0
9.801605407805615,0.001667028774257148,26.5625,3.391147298579843,0
9.80206792173758,0.0016842102526870171,26.5625,3.419558171893462,0
9.803265224683733,0.0016988709237078666,26.5625,3.465324454615903,0
9.803589803866965,0.0017120729496189263,26.5625,3.4886750162490423,0
9.803565136914338,0.0017127541147629688,26.5625,3.489772185132852,0
9.803619325993072,0.0017116725288150198,26.5625,3.486894004084047,0
9.80336053764243,0.0017217101353049502,26.5625,3.5041184409908985,0
9.80403910045349,0.0016791150955942982,26.5625,3.4068428836341336,0
9.804060634175167,0.0016786643367923085,26.5625,3.406267346816565,0
9.803804947903226,0.0016469921321918303,26.5625,3.345385030572677,0
9.803770871445115,0.0016453965426871484,26.5625,3.3416019822579623,0
9.804867345474303,0.0016375419954612063,26.5625,3.3063969952448766,0
9.805108056204837,0.001636744452655268,26.5625,3.3093826956150867,0
9.804606504602082,0.001651008901359597,26.5625,3.347458270460218,0
9.803398241508472,0.0015902137330882611,26.5625,3.1998520261990713,0
9.803213983377834,0.00158400608799363,26.5625,3.1910475554570796,0
9.802958380184444,0.0015758922222735572,26.5625,3.168970735897807,0
9.804135777372883,0.0015999689113049722,26.5625,3.189675467702094,0
9.804109669427488,0.0016043047829463642,26.5625,3.1978567019030084,0
9.804828969800555,0.0015807655572798133,26.5625,3.129302296114194,0
9.805022003174471,0.0015672928311917483,26.5625,3.1073783297092086,0
9.80550477023749,0.0016088708517999662,26.5625,3.1780678206391526,0
9.805781904867427,0.0015968791767515332,26.5625,3.1619277277251188,0
9.807475941713532,0.001547044887079358,26.5625,3.0034894906380627,0
9.807958864175054,0.001509579922730313,26.5625,2.9440307445192646,0
9.80770145388071,0.0014889830056462581,26.5625,2.9106630678039727,0
9.808029864721282,0.0014909575084709947,26.5625,2.9255590011881885,0
9.808301497305703,0.0014823032953556706,26.5625,2.8988908126279966,0
9.808648374796586,0.0015093746578338145,26.5625,2.965701544732053,0
9.808718950217601,0.0015163439449845004,26.5625,2.977701538406831,0
9.808082009227679,0.0015312867294792005,26.5625,2.9868667226455754,0
9.808707619375584,0.0015296709794405772,26.5625,2.9608837492459767,0
9.80772188973163,0.0015585494748376841,26.5625,2.981048289250755,0
9.806471463239273,0.0014720961641561672,7.8125,2.852759556056901,0
9.807480338569956,0.0013762682907473977,7.8125,2.6911829105024894,0
9.805839523541808,0.0013860837077391856,7.8125,2.758781876815992,0
9.805451380352062,0.0013856421855178084,7.8125,2.747637753223819,0
9.80553634703556,0.0013794517902776487,7.8125,2.7326359295856557,0
9.804434710133098,0.0014170427967006166,26.5625,2.776814664762616,0
9.804164408882503,0.0014273727740692476,26.5625,2.8064804585071683,0
9.803459493500553,0.0014068541263895147,26.5625,2.7416377031697556,0
9.804295221998995,0.0014761765398730634,26.5625,2.853917642249321,0
9.80420001794312,0.001477179344205939,26.5625,2.852407396007968,0
9.804797109205428,0.0014634124803686742,26.5625,2.801014017967741,0
9.806340919061961,0.0014262569224143097,26.5625,2.7819079579158,0
9.806641959780638,0.0013866395241992774,26.5625,2.690425051978029,0
9.807550223390638,0.0013044619502226799,26.5625,2.552212000590401,0
9.807244213498555,0.001255785650099783,26.5625,2.461898651117389,0
9.80769894624456,0.0012773405020140088,26.5625,2.5192668862812133,0
9.808775156107032,0.001228216485950344,4.6875,2.3859942952133504,0
9.808632684065735,0.001225070533413055,4.6875,2.3748712861611274,0
9.807470307101449,0.0011543620250880479,4.6875,2.265815528154777,0
9.807346554170335,0.0011455752502412373,4.6875,2.2442767494886184,0
9.807269406883352,0.0011481602077190755,4.6875,2.2517870929941664,0
9.806997011512477,0.0011577746513869041,4.6875,2.2635429535885185,0
9.806745923948409,0.0011853949322991712,4.6875,2.3274340975136676,0
9.806758577527127,0.0011848006041663508,4.6875,2.3265792131107768,0
9.807216469508683,0.001166514606293951,4.6875,2.275601513308613,0
9.807152047797791,0.0011643297787712673,4.6875,2.269154797537154,0
9.806964577126354,0.0011578275643193718,4.6875,2.2615301958599585,0
9.806728933922093,0.001181195271014997,4.6875,2.3022094763836445,0
9.806969850326887,0.001168979942268367,4.6875,2.2696189436170915,0
9.807250707312724,0.0011913886389224018,4.6875,2.3243181074884736,0
9.805754232224452,0.0011870184608521197,4.6875,2.3568421986974286,0
9.806391434446644,0.0012040396974656686,4.6875,2.406577071271019,0
9.805359369076891,0.0012116571061656185,4.6875,2.4427426382141717,0
9.804408210443935,0.0011892444327184493,48.4375,2.378046134896438,0
9.80503275023025,0.0012509689276612112,4.6875,2.490101287729034,0
9.80578835593763,0.0012626803868769315,4.6875,2.531253025856394,0
9.8066029538918,0.0012874735236631984,4.6875,2.563424033956401,0
9.807542347830049,0.001285224977407219,4.6875,2.580034582747325,0
9.807907335771754,0.0012837521663943499,4.6875,2.5692046277999827,0
9.808040414401015,0.001281238907429978,4.6875,2.566969617766611,0
9.808536180581333,0.001345949013602513,4.6875,2.68827887371263,0
9.809194492580472,0.0013963888974190238,4.6875,2.8062553571502202,0
9.80967760128571,0.0014368231436238726,4.6875,2.878468206934748,0
9.809231213469085,0.0014481658713148215,4.6875,2.8910573134510766,0
9.809642760881541,0.001430321043000707,4.6875,2.8439777058253877,0
9.809814669711843,0.001425599878169744,4.6875,2.8387930706567635,0
9.810048562439693,0.0014311233825229574,4.6875,2.843974331427006,0
9.810201184570948,0.0014328137978608425,4.6875,2.851462288281976,0
9.808718568929498,0.0014489898716097136,4.6875,2.918735254373239,0
9.80967820465598,0.0013372111736708783,4.6875,2.707112876687489,0
9.809478155228849,0.0013391538193047554,4.6875,2.7142227988520413,0
9.80945995635222,0.0013403857473550877,4.6875,2.7164676973595374,0
9.809200149548293,0.0013164158370945547,4.6875,2.6712187747028984,0
9.80931435487041,0.0013135090504042847,4.6875,2.6668668149117654,0
9.808148740395245,0.001313280233028079,4.6875,2.6796847570037245,0
9.808708460503063,0.001306410822394678,4.6875,2.670018556674418,0
9.808924427920207,0.0013226928194051456,4.6875,2.701817485647073,0
9.80895934922788,0.0013236396440974164,4.6875,2.7040196117241964,0
9.807976503942012,0.0014002839837245532,4.6875,2.866341432201851,0
9.806461657475555,0.0013914907493936695,18.75,2.8384300271649714,0
9.805917614865596,0.001351538628281602,18.75,2.761246269865415,0
9.806649993578807,0.0013419306482970398,18.75,2.745898437087018,0
9.807422880814956,0.001411210643290468,18.75,2.883150978725504,0
9.806477073221021,0.0015534462928493596,18.75,3.165451035226376,0
9.806178780205476,0.0015619301907395357,18.75,3.186059631426639,0
9.806260369281157,0.0015599979593221068,18.75,3.1829233919537447,0
9.807344045431908,0.0015145664858055047,18.75,3.0767515025621024,0
9.807956771606563,0.0015216134017234553,18.75,3.0991974562662254,0
9.808660138234462,0.0015018962157705266,18.75,3.049486732346399,0
9.80935017214722,0.0014546256435450397,18.75,2.96184851508599,0
9.810209907261644,0.001444778470775423,18.75,2.9299551269140256,0
9.810684035961634,0.0014452846363558298,18.75,2.9378330739785943,0
9.809091424221164,0.0014094712359271836,18.75,2.880726394616896,0
9.809273348563384,0.0014067691783060648,18.75,2.876386424962965,0
9.809498068691362,0.0014112107918728412,18.75,2.8839884701125573,0
9.809345534639077,0.0014024753753704797,18.75,2.864966141724346,0
9.810331660185113,0.0013473340596606704,18.75,2.742417516680828,0
9.81011824127686,0.0013584884684868185,18.75,2.76265564145003,0
9.808883444161998,0.0012890325668071271,18.75,2.6329054027089844,0
9.808549129876043,0.0012714414471633089,18.75,2.5941122570017945,0
9.809458165029255,0.0013440525399820108,21.875,2.7329825377263304,0
9.808942808897946,0.001354881689781601,21.875,2.748080272953558,0
9.808931693275731,0.001355060029658972,21.875,2.7486097070216586,0
9.808527661454523,0.0013410878651235146,21.875,2.7137014517405906,0
9.808249329703951,0.0013573475808304942,21.875,2.751408340009461,0
9.808753503505942,0.0013456515000807173,20.3125,2.7346296728194743,0
9.809967687556384,0.001280883687406345,20.3125,2.5829405717967555,0
9.810455437293529,0.0012702205101855738,20.3125,2.5694784408171167,0
9.811531648294164,0.001324284372439606,39.0625,2.660422598465611,0
9.811576455205893,0.0013253561325490672,39.0625,2.6635356720333427,0
9.811245883409363,0.0013277284907465435,39.0625,2.67491365465622,0
9.812596520814079,0.0012764651913826672,20.3125,2.591912698505531,0
9.812864020429899,0.001268459802462488,20.3125,2.571756568727849,0
9.812902761044755,0.0012718958967004442,20.3125,2.5793565397381903,0
9.814170321898077,0.001239194931053657,15.625,2.490779001719677,0
9.81344360212722,0.0012351870162964256,15.625,2.467215500805189,0
9.814574260393751,0.0012155838260097848,20.3125,2.3988768978889317,0
9.814829465850076,0.001205219013531971,20.3125,2.3844704923215976,0
9.81494629571539,0.0012199331302212564,20.3125,2.4115156670471327,0
9.814196531696474,0.0012217688683911424,21.875,2.394118552999745,0
9.812984213782423,0.0012336586424062314,21.875,2.451529337024043,0
9.812684623021884,0.0012255606278935044,21.875,2.4273346252933004,0
9.811829960370753,0.0012635412491008725,39.0625,2.5258568624758313,0
9.811481769189642,0.001277474711687384,21.875,2.546305086537699,0
9.809696851760133,0.001199977614910227,21.875,2.4237977037094023,0
9.809746860467067,0.0012059906375348538,21.875,2.436938860898618,0
9.808258948269318,0.0011758532434457604,21.875,2.395121572542113,0
9.809514425027619,0.0012103877732017032,21.875,2.4755892028554207,0
9.810714583463412,0.001280517613011187,21.875,2.610039369960018,0
9.809498703245936,0.0013960666187346309,21.875,2.831371556186335,0
9.810089379558265,0.0014413497038519743,21.875,2.914487236611496,0
9.809239551254327,0.001469074976901243,21.875,2.9549149478090437,0
9.81057380713705,0.0014406564919227363,21.875,2.8650700410877534,0
9.81063393692628,0.001437407900699869,21.875,2.859999896338173,0
9.810256097816026,0.0014557064105921971,21.875,2.9070832878750648,0
9.811052393141184,0.0014395696934012508,21.875,2.892369433528821,0
9.809797501120963,0.0014481907956805263,43.75,2.9336468711893646,0
9.809513951997262,0.001458706849936134,43.75,2.950410439535305,0
9.809791831136522,0.0014424616344358516,43.75,2.912142869988869,0
9.808351394692696,0.0015431838779992138,21.875,3.0874482141282136,0
9.807575713080995,0.001511167572579945,21.875,3.03961438614215,0
9.806651229364013,0.0015353539762688842,21.875,3.067728557560687,0
9.807940641984995,0.0014631239063490895,21.875,2.884080392569142,0
9.809138403007369,0.0014426066808520114,37.5,2.8754678677261425,0
9.809519433415366,0.001464220364821826,43.75,2.9097427092513346,0
9.810104730896983,0.001501770623524561,40.625,3.001746312335838,0
9.808292693367363,0.0014676902939209245,40.625,2.969803723157906,0
9.809682104054204,0.0012925277868112396,40.625,2.630986289185595,0
9.810858741054323,0.0013159281940871633,40.625,2.6625575064771496,0
9.8102641135449,0.001354698289443111,40.625,2.7315375303481306,0
9.8105954306339,0.00136840850853311,40.625,2.7531812806049283,0
9.81009495155883,0.0013617545535581346,40.625,2.7289811945857076,0
9.810862839838553,0.0014091999483409555,40.625,2.807932789705701,0
9.810940787033923,0.0014073956863445436,40.625,2.806196937701312,0
9.810498029333123,0.0014014830606928603,40.625,2.8047448560076784,0
9.810386454603112,0.0013987739723158212,40.625,2.7965867671991385,0
9.811954309766652,0.001427524498368329,40.625,2.8134011099601905,0
9.81229234569888,0.0014317644594586756,40.625,2.83200570975675,0
9.812421722234763,0.001436484713965945,40.625,2.8379309513905864,0
9.811808322662674,0.0014347288954529934,40.625,2.81566113169424,0
9.812084558895116,0.001440435475158753,40.625,2.8184353708841434,0
9.811957718268793,0.0014502826599129628,40.625,2.834405151354638,0
9.812546596330439,0.001455822464596911,40.625,2.825401070574215,0
9.812702531837221,0.001461028482850459,40.625,2.8415898536069863,0
9.811846225328416,0.0013953409775914805,40.625,2.735636924532488,0
9.812962204479069,0.0014076384795201715,40.625,2.793554897944737,0
9.813892126714626,0.0014390509914760622,40.625,2.8309665943164504,0
9.81410782209238,0.0014416366862717881,40.625,2.8428219559942325,0
9.815086042704051,0.001416161416106598,40.625,2.7593707239005036,0
9.814514571515746,0.001439079309906555,40.625,2.7862204854202175,0
9.81438522892321,0.0014383150789494814,40.625,2.789318594454497,0
9.813746464779646,0.0014633772938035948,40.625,2.8169499034554146,0
9.81227934519392,0.0014323059012272686,40.625,2.8052522091650434,0
9.81183872366478,0.0014333733396811718,40.625,2.792766480064827,0
9.811942428009884,0.0014310239323348038,40.625,2.7843861326263086,0
9.81172760201189,0.0014235244834162467,40.625,2.7614943464469692,0
9.812509218742123,0.0014535701713934502,40.625,2.794025318213596,0
9.811434998631954,0.001427523816616213,40.625,2.696739626580484,0
9.811029109743036,0.0014137407876589501,40.625,2.6856710994505066,0
9.8122508611305,0.0014644814087972232,40.625,2.8371653283008635,0
9.811262756864194,0.0014681474293020168,40.625,2.8786801431122684,0
9.812096354866195,0.0014974187523524869,39.0625,2.9642070713839255,0
9.811258232228127,0.0014251698487939887,39.0625,2.8390899487103414,0
9.811856067865309,0.0014214971589182183,39.0625,2.846108143666682,0
9.812667879187961,0.0013948834708494267,39.0625,2.771503624900912,0
9.811743131610388,0.001441185187285034,39.0625,2.840144819551882,0
9.812636365083058,0.0014038161451490493,39.0625,2.7349949299607883,0
9.813063157533296,0.001387865198390762,39.0625,2.7164089936802607,0
9.814506292608607,0.001409732806342689,39.0625,2.710575171635891,0
9.812817033110882,0.0013971514549325087,39.0625,2.614720100769207,0
9.813605896939505,0.0013711967331612996,39.0625,2.5248307238955485,0
9.81291518521905,0.0013332736498924528,39.0625,2.4129077035875564,0
9.812692206546135,0.0013074984436385027,39.0625,2.371392528917517,0
9.814560655860861,0.0011948153145037344,39.0625,2.2270719069733937,0
9.81391644286615,0.0011533616578963371,39.0625,2.1686679171761734,0
9.814758693419096,0.0011176032875411619,39.0625,2.1275080745972876,0
9.814679676334036,0.0011136989628876184,39.0625,2.1223719397559098,0
9.81484063778582,0.0011059423833684422,39.0625,2.112233149506692,0
9.81581049045564,0.0010862528270482227,39.0625,2.0356763571634477,0
9.815657953036714,0.0010846091121728615,39.0625,2.0262607755679114,0
9.817070081855038,0.0010723448004282268,39.0625,1.9406168816647842,0
9.81689844139094,0.0010862264706786434,6.25,1.961132972671301,0
9.817339783057845,0.0010741497063775289,42.1875,1.915497425749655,0
9.819331673285026,0.0009682608266345384,25.0,1.786649397566046,0
9.81850903847925,0.001036482584456263,42.1875,1.9579741889032354,0
9.81960315850502,0.000993603368092306,42.1875,1.9078999946020159,0
9.819710524756708,0.0009945325400002513,42.1875,1.9063162376286475,0
9.818922089054757,0.001004377261165185,42.1875,1.8994274431761256,0
9.818532117750909,0.0009898096045241156,42.1875,1.8832908155084886,0
9.816243279152767,0.0011271903020634126,7.8125,2.0753488876321033,0
9.818591977221967,0.0012134255273713373,42.1875,2.1380184819041026,0
9.81963872558207,0.0012234624123782995,37.5,2.2121449687791817,0
9.818343943349008,0.001230085981776686,37.5,2.285765902069141,0
9.818181525912115,0.0012510466233131613,37.5,2.32153655014747,0
9.817731413356178,0.0012426184211393719,37.5,2.323844100861309,0
9.817227264027823,0.0012755239159855268,37.5,2.369261020169015,0
9.816671659695842,0.0012408364895608371,37.5,2.3223788407708112,0
9.817577527539006,0.0012656313314531437,37.5,2.409834451770094,0
9.818265629832045,0.0012757132697968478,37.5,2.402930019816673,0
9.817795394104698,0.0012889419064324656,37.5,2.4100780723620847,0
9.816566084587828,0.0012545412831416716,37.5,2.3898534650096246,0
9.816048443961673,0.0012583302278996848,37.5,2.377217611307211,0
9.816881152094995,0.0013331428221654946,37.5,2.4953213177069826,0
9.816792232126659,0.0013377248104669839,37.5,2.50078793937754,0
9.816603215904312,0.0013345610860777978,17.1875,2.502596826144119,0
9.816774168247383,0.0013201760842171328,17.1875,2.4805064227679656,0
9.817250411369349,0.001352586752351404,37.5,2.5260539608219172,0
9.816079258785846,0.0013990448771521763,26.5625,2.5660260280136207,0
9.816045031921819,0.00139862934239576,26.5625,2.56686716935987,0
9.816105191873312,0.0014033790055419499,26.5625,2.57955712381031,0
9.815004172608667,0.0013829281496263418,42.1875,2.589276371777267,0
9.814744190389995,0.0013810029960218552,42.1875,2.5735966082687627,0
9.813669038144829,0.001414833142304458,42.1875,2.6896241906713256,0
9.813907417983147,0.0014006740922897349,42.1875,2.6703490166711092,0
9.815371477088963,0.0015338322319353545,17.1875,2.879668701665718,0
9.816240321744578,0.0015095128983506848,17.1875,2.868539492954283,0
9.816598530548626,0.001489236549157327,17.1875,2.8114424045972766,0
9.816564803923399,0.0014906472030965377,17.1875,2.8128382755654906,0
9.816132759172447,0.0015133663008170856,17.1875,2.878142070335552,0
9.816648615761062,0.0015366128741158573,17.1875,2.9471668572203282,0
9.816488088114973,0.0015254898726851042,17.1875,2.930828892772407,0
9.816431160597523,0.0015287416704974912,17.1875,2.9352161632348537,0
9.815656379262874,0.0015684326996911627,17.1875,3.0462917679175474,0
9.814975206795683,0.0015215840494618665,17.1875,2.9242869670736744,0
9.81535111567832,0.0015029001132264642,17.1875,2.870827782445346,0
9.814575928814389,0.0014778733484970394,17.1875,2.786411947880494,0
9.813730416884546,0.0015002803540839964,17.1875,2.8683491128751517,0
9.813580354583811,0.0014975315561105264,17.1875,2.856535538363443,0
9.814746633039116,0.001602510157324917,26.5625,3.0203254903322816,0
9.81607909174071,0.0015620157045340467,26.5625,2.995441842251731,0
9.814680730285042,0.0016746456234645313,26.5625,3.2792073384657745,0
9.814874206667243,0.0016743491746043873,26.5625,3.285316263515159,0
9.81203414029871,0.0018833486661819466,34.375,3.7942886082610374,0
9.813948816880881,0.0019277977145075562,37.5,3.9212436289042283,0
9.81389189164036,0.0019270847318777478,37.5,3.920621622970757,0
9.814992912591443,0.0020138456521266138,48.4375,4.111908672762169,0
9.81364917106106,0.001997330860681041,48.4375,4.087957398403526,0
9.812211363857376,0.0020424132272649424,48.4375,4.169447079158993,0
9.813217158319384,0.0021334753838683934,42.1875,4.343326632319084,0
9.812429861189875,0.002161747699287361,42.1875,4.388462063469767,0
9.81261863046719,0.002173229621439521,42.1875,4.408538740008412,0
9.812111412006631,0.002206482471814443,42.1875,4.4666789684443176,0
9.812498342212406,0.0022345634992379107,42.1875,4.515881173550185,0
9.812964259407309,0.002251726939006445,42.1875,4.560960189596116,0
9.812227954881275,0.0022207258718434366,42.1875,4.511347122753427,0
9.813116349216513,0.0021972900503102162,42.1875,4.477138084525964,0
9.812016348322524,0.002263743762452865,42.1875,4.625827399895123,0
9.811594671547661,0.002238276973229391,42.1875,4.56943012382715,0
9.812703246870946,0.002181642290198201,42.1875,4.438817840313751,0
9.811888727376726,0.002187975944639825,42.1875,4.437835946578707,0
9.811650769505935,0.0021841518308512936,42.1875,4.434361505901389,0
9.811112141193938,0.00222807631836231,42.1875,4.514124139146165,0
9.810109615633891,0.0022636976905762015,42.1875,4.6050992341952135,0
9.811961450558288,0.002124280601470348,15.625,4.342038371428012,0
9.810281512929874,0.0019695429863927838,40.625,4.033364611180357,0
9.808520976632646,0.001998883349399696,20.3125,4.084539396141033,0
9.808632358702777,0.0019921977673403694,20.3125,4.069856349242251,0
9.809678422316663,0.0019354110642265255,20.3125,3.960861685609921,0
9.810953216695992,0.0020460448486372103,20.3125,4.177940813869297,0
9.81051157642625,0.0020956436971702372,20.3125,4.2746759865143895,0
9.811688358877628,0.002229663066169926,40.625,4.5323419327396826,0
9.810469891244704,0.0022059566593981726,40.625,4.460413021806781,0
9.810111027566467,0.002187659882940486,40.625,4.430458347783884,0
9.810953773040755,0.002196681406865704,40.625,4.4645135253709425,0
9.810696795728054,0.0022106681042058447,40.625,4.497330023166893,0
9.80973674574547,0.0022967950091934077,20.3125,4.6567502088765345,0
9.807905706942732,0.0022212893829221423,20.3125,4.531209890224002,0
9.809084851921776,0.0022624744108484048,20.3125,4.627024179990879,0
9.809139877629269,0.0022637583351105936,20.3125,4.629245204029268,0
9.808741096551858,0.002296949242333828,20.3125,4.693889425997487,0
9.807347575761819,0.002258927005637492,20.3125,4.6248201296740215,0
9.807555578290224,0.002241686963971788,20.3125,4.590143852685286,0
9.807618566195016,0.0022436352715452215,20.3125,4.59396151276381,0
9.806663347293586,0.0022058705787115405,20.3125,4.512011930049621,0
9.806472762814177,0.0022146593646813545,20.3125,4.531229096463618,0
9.806901853832263,0.0022295066231418775,20.3125,4.563833386133109,0
9.807712803470938,0.0022014673558687615,20.3125,4.501622405086423,0
9.807399455223194,0.0022176771090027855,20.3125,4.532248964177776,0
9.805613826994104,0.002062976474611153,40.625,4.224689025676614,0
9.80519945168008,0.002053904087516974,40.625,4.205121974359317,0
9.804756172126245,0.002071265632837429,20.3125,4.241707814596084,0
9.804992324251916,0.0020699771746046413,20.3125,4.239288850768917,0
9.805472764681632,0.002056882646217892,20.3125,4.211783721093723,0
9.8059141165798,0.002113252048892241,20.3125,4.327895187245623,0
9.805772320163744,0.0021031289501362766,20.3125,4.307208004677606,0
9.805715909485523,0.002105551469888678,20.3125,4.312161317736241,0
9.806954173198507,0.0021028912386832255,20.3125,4.303254147164049,0
9.805558165301523,0.0021671687574699445,43.75,4.423463393237623,0
9.80567331370415,0.002167263080727113,43.75,4.422357315863224,0
9.805240235296871,0.0021785364003413387,43.75,4.440072283695673,0
9.805327897765329,0.0021735163859431515,43.75,4.428610259538885,0
9.805971807025593,0.0022159725326290334,43.75,4.523501993415262,0
9.803543376069742,0.0021478655976147824,43.75,4.398689572571044,0
9.803064593227736,0.002124662710843809,43.75,4.350189370524473,0
9.804064342931763,0.0020422588649842057,43.75,4.176351232131384,0
9.804055778666019,0.0020419870611534225,43.75,4.175733417383961,0
9.807005701135045,0.0018923906137128066,39.0625,3.830419911982479,0
9.806502848474127,0.0018290080218152992,39.0625,3.6904187237233326,0
9.807059410132002,0.001861722757857003,39.0625,3.7449285335037303,0
9.80589609495516,0.0017561601709827062,39.0625,3.4985324914095353,0
9.8065141149139,0.0017450826873141188,39.0625,3.457545129719048,0
9.808144305375587,0.0017323015011091471,39.0625,3.476262849579394,0
9.807568613322537,0.0016587397444764744,39.0625,3.3388615019626773,0
9.807644540363484,0.001653348588682726,39.0625,3.3294670217134095,0
9.80640581182334,0.0016476183417847966,39.0625,3.341260237128188,0
9.807170854966923,0.0016186193263756036,39.0625,3.2932621737016734,0
9.806058184338445,0.0015768861546660807,39.0625,3.2200820865552866,0
9.803845332600547,0.0017083445165071316,39.0625,3.459881928161682,0
9.803341821712499,0.0017180318303834654,39.0625,3.4881799771713955,0
9.802518585965544,0.0017202759136152965,39.0625,3.4784073508922084,0
9.80483318790492,0.0018015253255156173,42.1875,3.5895334745009047,0
9.805022363906438,0.0018127376960115416,42.1875,3.617837389347003,0
9.805209699868357,0.0018213394831868008,42.1875,3.630165524953955,0
9.80608334111672,0.0018294702752077049,7.8125,3.6702515388900956,0
9.805113518622731,0.0018768798116793864,7.8125,3.789698861877114,0
9.806177942251278,0.0018381066475239426,42.1875,3.730389859310253,0
9.806354978353433,0.0018240014511650944,42.1875,3.698481363078066,0
9.806802721028884,0.0018601792460088955,42.1875,3.7799658145386514,0
9.806373966612417,0.001874662944124942,42.1875,3.8159376131773,0
9.806666149394587,0.001844019446808966,42.1875,3.7570478418413242,0
9.807303235635118,0.0018383252080353219,42.1875,3.736501853221076,0
9.806892728988204,0.0018422232261827282,42.1875,3.737879736525132,0
9.805359894303242,0.0017216657356191325,42.1875,3.5121188116426976,0
9.806748149729096,0.0016628510828805086,26.5625,3.4025080963614216,0
9.804819441838852,0.001515506691589494,14.0625,3.1027071995527025,0
9.80602147519634,0.0015512328753032054,14.0625,3.169389071938336,0
9.804605994388027,0.001625714465222056,40.625,3.306702475315215,0
9.803586271411653,0.0016132219451803007,40.625,3.2929124188114938,0
9.803623193782409,0.0016112255465271987,40.625,3.289170956558108,0
9.804763355474499,0.0015358189992501227,26.5625,3.1214418696240673,0
9.806066967889558,0.001554451971609337,40.625,3.1743684444575138,0
9.805307081810879,0.0015032531627302583,40.625,3.074909334632677,0
9.804364687217914,0.0015267239493900555,40.625,3.11593319220727,0
9.80621618005781,0.0015582785004486137,40.625,3.1561231503526774,0
9.806832284050959,0.0015463079380711325,40.625,3.1412968238424406,0
9.806440428527095,0.0015827583226066086,40.625,3.221300963089497,0
9.806003289762776,0.0015785109832839328,40.625,3.206589434922071,0
9.806045385193402,0.0015778091874301993,40.625,3.204531806035649,0
9.80621154189107,0.001570033202815068,40.625,3.1910129870865505,0
9.806977060500051,0.0016551915469675044,40.625,3.353390830958199,0
9.808611816369345,0.0018529562855215868,40.625,3.78118515645273,0
9.8093908824966,0.001833623535029358,40.625,3.732104572712424,0
9.81021381181655,0.001848792087667377,40.625,3.77311709989504,0
9.810427288945245,0.0018486231897491415,40.625,3.7704572004335546,0
9.811551865367525,0.0018400914080008877,40.625,3.7630756340764897,0
9.811733249897825,0.001841493451521747,40.625,3.7646697158633553,0
9.81217642776111,0.0018496531195545825,40.625,3.7842639475527657,0
9.811582276894157,0.0017869292645090829,40.625,3.65840868249603,0
9.81210845613357,0.0018311219990676908,40.625,3.750013500017495,0
9.813006492657603,0.001828691003214342,40.625,3.742476772686772,0
9.811336052426359,0.0018979810569596403,14.0625,3.8708376537189886,0
9.812012827156696,0.0018283333091557077,14.0625,3.719457961305097,0
9.811715775766602,0.0018352604792364364,14.0625,3.7292157033788804,0
9.812613227667198,0.001826531666926762,14.0625,3.695762413514325,0
9.8139691652461,0.0018524448261870883,14.0625,3.771093785951296,0
9.813012020177968,0.0018235329083669683,14.0625,3.72306200888395,0
9.813569596702544,0.0017628934152154494,14.0625,3.6036553539712672,0
9.814088217576368,0.0017784323464939936,14.0625,3.631071605397986,0
9.815077431960864,0.0018010185957131248,14.0625,3.6847816641397912,0
9.813792371802261,0.0018932919253084753,14.0625,3.8774545256428787,0
9.812544964329389,0.001839686946166816,25.0,3.764178962561862,0
9.811857355723596,0.0018128958177746875,25.0,3.7120242604946703,0
9.81160948864832,0.0017958842188894643,25.0,3.676429568047055,0
9.81224601240971,0.0018252459450547173,9.375,3.7334708067591054,0
9.811816661029056,0.0018327603784499486,34.375,3.745837783399941,0
9.811270195817059,0.0018037487168457932,14.0625,3.69013788170834,0
9.811472146898652,0.0018233038120835225,21.875,3.7312504488530815,0
9.811975598806264,0.001802078902368686,14.0625,3.684819145267523,0
9.812715307745826,0.0017740055436448493,14.0625,3.63131999717521,0
9.812822861467014,0.0017746486745609804,14.0625,3.632195487741733,0
9.812703408036022,0.0017810568684576817,14.0625,3.6447734290386804,0
9.814193512167636,0.0015982866345363445,21.875,3.2587365569675195,0
9.814377050543982,0.0015870722229435353,21.875,3.237704555526172,0
9.815002770974129,0.0015627402553298258,21.875,3.1807088367297576,0
9.813187640172309,0.001478825869646638,21.875,2.978997221365206,0
9.81333966027441,0.0014886211816064583,21.875,2.995945173054166,0
9.812320641771862,0.0015117932055900758,21.875,3.0200915960766985,0
9.812046236879903,0.0015023031662240766,21.875,3.0073514214816393,0
9.811997343916994,0.0015085091141579705,21.875,3.0188908051970134,0
9.810791083461735,0.0015772671230471402,21.875,3.1857234331107356,0
9.810052699721945,0.00166876116444834,1.5625,3.357885541923441,0
9.8092826497189,0.001627182239159094,1.5625,3.2885522757273677,0
9.809678581724608,0.0016106853163269288,1.5625,3.261955385881775,0
9.81086829642304,0.0015898139641731019,34.375,3.1956755155859637,0
9.808897088760615,0.0017871667641067882,1.5625,3.5480982001635892,0
9.810569300425836,0.0018975044222135115,48.4375,3.717686706196558,0
9.810567467225349,0.0018975565820125745,48.4375,3.7177254332604326,0
9.809857974690985,0.001902695043092595,1.5625,3.7535756073438464,0
9.809271131461214,0.0019567793345919003,1.5625,3.8435392236475137,0
9.80810742106241,0.0019269458826448311,1.5625,3.822313896585936,0
9.809182272762865,0.0018397950005721226,1.5625,3.675730063768503,0
9.809835296796374,0.0018254003002529337,1.5625,3.627432371749884,0
9.809905385404706,0.0018212123181624285,1.5625,3.620958712267932,0
9.809827257825518,0.0018219555164737502,1.5625,3.6248016408017385,0
9.809491982258136,0.0017992312160614833,1.5625,3.56812600608424,0
9.810452836043353,0.0018680937984949368,1.5625,3.677556862409151,0
9.810807913706439,0.001841788671938195,1.5625,3.6358019643016606,0
9.810848996870284,0.001847009996246338,1.5625,3.6451195795829556,0
9.811424131019066,0.001874377827327696,1.5625,3.719798039702546,0
9.81175363977007,0.001839148329987218,1.5625,3.6371406836728166,0
9.811175233292795,0.0018771865515042725,1.5625,3.6955232924961994,0
9.812742936751459,0.001993958651035044,1.5625,3.8748763388525256,0
9.81291379723016,0.0019873583428894723,1.5625,3.8683647492209956,0
9.811297367626905,0.0019133875869243495,1.5625,3.777234839317175,0
9.810298827047212,0.0017579292467644332,25.0,3.4228313294840476,0
9.808952491796546,0.0018418990078621438,48.4375,3.6424148128031333,0
9.807761229446701,0.0018445792918053397,34.375,3.6061531377325093,0
9.80651790321424,0.0019196010374823214,10.9375,3.8032407121089427,0
9.806143043333615,0.0019009654768117434,10.9375,3.752643844537364,0
9.806717274979343,0.0019391598673810983,10.9375,3.8107069216201714,0
9.805879505230552,0.0019354144168901202,10.9375,3.7712027638035703,0
9.804920954855621,0.0019170540863469939,25.0,3.7697865841241303,0
9.805076257866542,0.0019389978380808818,25.0,3.820235884608326,0
9.805126399627282,0.0019426526052999822,25.0,3.825953151228129,0
9.805898811720157,0.0018765058732844312,25.0,3.7165726853461445,0
9.807047501134658,0.0019044431494698838,34.375,3.7341063070587253,0
9.808148502923109,0.0019448121005489608,34.375,3.8549239798285106,0
9.808796782483238,0.0020074257372048603,34.375,3.961299394604725,0
9.80813837362773,0.0019590985573063224,25.0,3.838364532473771,0
9.808935310937311,0.001982895596156402,34.375,3.8557234358360937,0
9.80879432076604,0.0019932219914178192,34.375,3.871049930068996,0
9.846253780273377,0.11537491688939608,1.5625,236.07093314342453,1
9.833943428339348,0.11367641729422509,1.5625,232.80095207784353,1
9.821308345135922,0.11220738589576165,1.5625,229.5699255325811,1
9.807914159121097,0.11225556364167726,1.5625,229.88358520765829,1
9.796266718252717,0.11304783384702043,1.5625,231.36086693500312,1
9.784660248303483,0.1139555225643743,1.5625,233.36556389979071,1
9.774180352770763,0.11580992844310832,1.5625,237.0559633127549,1
9.762758552411205,0.11794981291080756,1.5625,241.53349260020644,1
9.75219451351081,0.11956783711017184,1.5625,244.7778558780301,1
9.744430161230396,0.12182018604720096,1.5625,249.48615645719178,1
9.736743360238316,0.12423064504641056,1.5625,254.3294611531257,1
9.731084587546064,0.1263546636441833,1.5625,258.7716501108386,1
9.724801203288857,0.1290041798052936,1.5625,264.0874457561229,1
9.720080451166643,0.13060200409768932,1.5625,267.4578520182878,1
9.717189401859681,0.13175658176413052,1.5625,269.7732060117717,1
9.71430534314252,0.13300573386699194,1.5625,272.380612859008,1
9.715330644265107,0.13249236557727914,1.5625,271.338496431127,1
9.717598662436908,0.13165714522120553,1.5625,269.6017052066789,1
9.72307068304975,0.1293234886200097,1.5625,264.849827234022,1
9.728046061475782,0.127115749500594,1.5625,260.30847878145255,1
9.734824452053811,0.12394145848363812,1.5625,253.809610882585,1
9.742322646224077,0.12109634421599183,1.5625,247.96946234932733,1
9.750285706170896,0.11858922317004494,1.5625,242.84147970822406,1
9.760402803214582,0.11602112813633926,1.5625,237.52900290314102,1
9.770892407296804,0.11339272929706405,1.5625,232.19300990178354,1
9.782211903624034,0.111668304307734,1.5625,228.5914649760168,1
9.794702656835518,0.11098811288520209,1.5625,227.2456285573052,1
9.80827577371193,0.11041522388513389,1.5625,225.99097935238422,1
9.819171779674491,0.11009744179557367,1.5625,225.46522433523694,1
9.82895910887229,0.11075091240334729,1.5625,226.71341747747442,1
9.840769278071516,0.1123166327317054,1.5625,229.9798253336965,1
9.852713058781037,0.11328383410924613,1.5625,231.89689620258017,1
9.863822941752087,0.1156462585470703,1.5625,236.8134212510431,1
9.87431802718255,0.11880288306293611,1.5625,243.21745471745413,1
9.884021319290255,0.12151069633320838,1.5625,248.83494263145732,1
9.892129962716151,0.12357009234716848,1.5625,253.01899473974527,1
9.899575648492688,0.1265137055088645,1.5625,259.088468334819,1
9.90514253030041,0.12881676731454883,1.5625,263.79593933789255,1
9.90898892052684,0.13016496686456275,1.5625,266.5769613981159,1
9.91152643008702,0.1312398320140224,1.5625,268.77195278398455,1
9.911040668070628,0.13104610696805144,1.5625,268.3709839810919,1
9.91180920008249,0.13130093357673528,1.5625,268.88421828864784,1
9.90966910439266,0.1302790922779394,1.5625,266.75465014670704,1
9.906741557454678,0.12896540744001989,1.5625,264.1098937913226,1
9.901732344253672,0.12762829088273886,1.5625,261.27197902749464,1
9.896283908602019,0.12571214573786096,1.5625,257.45103726269474,1
9.888560798027621,0.12258608211562444,1.5625,250.86642043008646,1
9.878002320540373,0.1187272337084352,1.5625,243.15160434542582,1
9.868254438900003,0.11607861178817089,1.5625,237.5697448998627,1
9.857039399098339,0.11333557681125492,1.5625,232.09949539351982,1
9.846106031427514,0.1123933905160572,1.5625,230.0324230048212,1
9.832973164175588,0.1094610144198335,1.5625,224.1328898729265,1
9.82236150916018,0.10934658663817337,1.5625,223.8677057659691,1
9.811513213153818,0.10863107970465206,1.5625,222.42861369610367,1
9.800726359595137,0.10962453282310822,1.5625,224.4384456728686,1
9.790422445220004,0.10984238972604397,1.5625,224.91845927116702,1
9.779764441944874,0.11056588837737037,1.5625,226.357449954174,1
9.769748851220692,0.11289072853710293,1.5625,231.17205844644073,1
9.760119194146327,0.11549155485855751,1.5625,236.45488131818905,1
9.751955179596726,0.1176751988039643,1.5625,240.98851242457715,1
9.74283578179645,0.12141015164437716,1.5625,248.5511240242555,1
9.7353119340876,0.124363943126706,1.5625,254.69649957634917,1
9.728218370116245,0.12709982667751787,1.5625,260.2153202710893,1
9.724069624521832,0.1287551728638221,1.5625,263.6797758009715,1
9.722390722750786,0.12932442082145185,1.5625,264.8240177614065,1
9.721206657256873,0.12990351127072888,1.5625,266.02641300354327,1
9.721573579592517,0.12973603885580196,1.5625,265.68735166479695,1
9.724100059346878,0.12843343326556383,1.5625,262.98143490205547,1
9.727309505865255,0.1269722323001293,1.5625,260.0329078236594,1
9.733649605323453,0.12510009435770994,1.5625,256.07117481239254,1
9.741194326952295,0.12298151124382284,1.5625,251.8655407944511,1
9.74900135147358,0.12007766257469206,1.5625,245.77640888864207,1
9.75682356185927,0.11757837029760701,1.5625,240.79994116955848,1
9.765686275824441,0.1154009923124602,1.5625,236.1608024412036,1
9.775534911835432,0.11308386057432876,1.5625,231.59530847171033,1
9.786104574276195,0.11144699732284152,1.5625,228.03423553802085,1
9.798343754834713,0.10937781921757743,1.5625,223.99646501121256,1
9.810568306918952,0.10910575727104622,1.5625,223.23998107999836,1
9.820772161622976,0.10782605193813354,1.5625,220.8277290128323,1
9.833511106395513,0.10750504588846037,1.5625,219.84376366419346,1
9.844496889044983,0.1077207773955517,1.5625,220.60663108996016,1
9.85516390677926,0.10977792046846153,1.5625,224.51489016777072,1
9.864705936001,0.11221331318330235,1.5625,229.79718667608455,1
9.875261466542218,0.1149724719882719,1.5625,235.10013001221068,1
9.884445202527067,0.1173275884190844,1.5625,240.2518216488526,1
9.892408766246824,0.11979952402923115,1.5625,245.04946657395527,1
9.900095166126421,0.12277282276684094,1.5625,251.39880578131107,1
9.906095572145299,0.12566610347142618,1.5625,257.14197568994757,1
9.909742126273905,0.1270138693326936,1.5625,260.03054719383346,1
9.911869888702224,0.1279496075759768,1.5625,261.8786670709492,1
9.911705430559131,0.1278693903984176,1.5625,261.7083333928821,1
9.910355087312148,0.12716590504514777,1.5625,260.31398249559214,1
9.90902962061322,0.12664710100783189,1.5625,259.2060068110374,1
9.907094269417167,0.12587044342993645,1.5625,257.679379502194,1
9.901011027487472,0.12367609429035198,1.5625,252.93261216544087,1
9.894846563762373,0.1215278986946143,1.5625,248.78819699345166,1
9.887285372660296,0.11869878795432723,1.5625,242.6596625574317,1
9.877716812311474,0.11551046639984505,1.5625,236.51396670396045,1
9.867505104762902,0.11285909725187364,1.5625,230.66071596873832,1
9.857861497967132,0.11086747613703245,1.5625,226.99279650874195,1
9.845288943326324,0.10890891900357594,1.5625,222.37053019232138,1
9.83469067282714,0.10661505715676632,1.5625,218.23072649210354,1
9.823027903490244,0.10653720872573287,1.5625,217.43179309680212,1
9.810569095157533,0.10684187877008965,1.5625,218.71859458927108,1
9.79989064477998,0.10794812076509586,1.5625,220.45499556746813,1
9.787281673369197,0.11035056838287456,1.5625,225.95020787946328,1
9.775656410826299,0.1120358608709266,1.5625,228.894967477313,1
9.764250006570027,0.11422744567408549,1.5625,233.88562562313768,1
9.75573196129617,0.11687077532793565,1.5625,238.97445137180617,1
9.74747725671473,0.11877354027102467,1.5625,243.19044058216636,1
9.738618451730105,0.12194256662369019,1.5625,249.3271653513511,1
9.732190142771225,0.12468054967583377,1.5625,255.22302385285857,1
9.727408477361255,0.12645703547824946,1.5625,258.66281573372,1
9.723989016131256,0.12788680222972032,1.5625,261.74243380467226,1
9.722371354105245,0.12863142101433162,1.5625,263.20173243211303,1
9.722331774182791,0.12864667413724115,1.5625,263.23470577874616,1
9.722213784079058,0.1287015542789635,1.5625,263.34190936976347,1
9.722773097917248,0.12847578650954783,1.5625,262.85415429886336,1
9.726571416275378,0.12704583472821185,1.5625,260.072791571711,1
9.730486026968695,0.12588723838361768,1.5625,257.5473692724054,1
9.736042657192204,0.12427185482463776,1.5625,254.43701118294965,1
9.743185725198495,0.12180264861973851,1.5625,249.10240673125693,1
9.752694665649413,0.11948414785554899,1.5625,244.67768136172944,1
9.762262521987056,0.11775706584221415,1.5625,240.81389399543556,1
9.773506413630917,0.1142200555698954,1.5625,233.91545877082532,1
9.786563220825995,0.11264797605904092,1.5625,230.24631552203087,1
9.79813630335766,0.11009998416950897,1.5625,225.4616370982665,1
9.809605281576763,0.10911413482378898,1.5625,223.01535440180854,1
9.82011864626106,0.10956707506962456,1.5625,224.35521467766208,1
9.832958603194706,0.11017604306099059,1.5625,225.03773405082688,1
9.844377513348434,0.11089900515321416,1.5625,227.05374835129376,1
9.856048224538045,0.11251291128964147,1.5625,229.80581576777962,1
9.867679814934064,0.1150977600036737,1.5625,235.65187580610313,1
9.875944065864775,0.1180458529431665,1.5625,241.35416075587472,1
9.88296926249851,0.12062832943041332,1.5625,246.94602127977225,1
9.890449758381113,0.12304621006449738,1.5625,251.56828298824027,1
9.897939374254605,0.1258763889644234,1.5625,257.6943091031042,1
9.902497740310368,0.1274050068308257,1.5625,260.65154680494123,1
9.906439029762783,0.12890098341239986,1.5625,263.8701896990251,1
9.909804036061416,0.1305240973343958,1.5625,267.06606212259294,1
9.911250713141134,0.1312043634535915,1.5625,268.5200741461863,1
9.909223830498394,0.13035543813393707,1.5625,266.8522784972214,1
9.908043119000538,0.1300412026637604,1.5625,266.16952556552417,1
9.90545409866499,0.1288368359187407,1.5625,263.7814686059487,1
9.901405314648814,0.1274814899590911,1.5625,260.8708769915354,1
9.894507518076216,0.12515121470076354,1.5625,256.2879544350663,1
9.887552352950742,0.1226571116799295,1.5625,250.98815720458168,1
9.878206391474135,0.11973167910194484,1.5625,245.20894004354915,1
9.868368781045701,0.1174913817430938,1.5625,240.387680850464,1
9.858058101044527,0.11531977364869302,1.5625,236.17457894030724,1
9.845989966662211,0.11296828824214715,1.5625,231.0410037435679,1
9.832152765090164,0.11146454540518295,1.5625,228.27551510614765,1
9.820771168097759,0.11103806703448105,1.5625,227.2009046912175,1
9.808479239860098,0.11126386102611878,1.5625,227.85768808160867,1
9.797667451873055,0.11123450265570327,1.5625,227.65938256652427,1
9.784718422346621,0.1132353531845968,1.5625,231.86594012463084,1
9.772294000381795,0.11604585978410821,1.5625,237.5307991974037,1
9.760707933362909,0.11814233797548203,1.5625,241.9291933913215,1
9.751807715968487,0.12083582324543504,1.5625,247.41389711272143,1
9.742506862085433,0.12399585143208795,1.5625,253.9109779512479,1
9.733957451031854,0.12699882238404453,1.5625,260.0509240499383,1
9.727418507211688,0.12957546682588839,1.5625,265.36256983212377,1
9.722607787926773,0.13153150316226037,1.5625,269.3600466511624,1
9.717323203346313,0.13398062383667786,1.5625,274.3800386751031,1
9.715611631400684,0.13481619294652808,1.5625,276.102450699515,1
9.712184306100921,0.13628657403007038,1.5625,279.07938775264245,1
9.71267057214273,0.13605522928434424,1.5625,278.5968151476056,1
9.71475474007653,0.1350501195250309,1.5625,276.5691554194286,1
9.717991503689072,0.13374845439338,1.5625,273.84786379018954,1
9.724191952867615,0.13092296337892653,1.5625,268.1299058145515,1
9.73181561277578,0.12868053873553098,1.5625,263.43079464203436,1
9.739533936280028,0.125904901147229,1.5625,257.8527419820078,1
9.748208947853385,0.12357968376015264,1.5625,252.95405183674603,1
9.757147752267057,0.12189139549498464,1.5625,249.63240838523262,1
9.768088108760393,0.11900700307305787,1.5625,243.51390908665843,1
9.779052616755356,0.11668317146131015,1.5625,238.96588961202661,1
9.789496309500763,0.11544976232541261,1.5625,236.24985102333522,1
9.801904455070396,0.11566251491371696,1.5625,236.86140659096017,1
9.814563906566477,0.11662793733807617,1.5625,238.65267664630952,1
9.825060607974532,0.11756171475016625,1.5625,240.76569915492811,1
9.836547426313592,0.118083418192285,1.5625,241.59128266464754,1
9.848852102148522,0.12028880212435344,1.5625,246.34745602192086,1
9.8591388681097,0.1230284686655177,1.5625,251.80054254943295,1
9.868332485148438,0.12553414734512813,1.5625,257.0937416620682,1
9.876654422195152,0.12818932191901414,1.5625,262.4001452962173,1
9.884880299014181,0.1311146696482416,1.5625,268.52275294524605,1
9.891174020989512,0.13418206116915246,1.5625,274.7290665090834,1
9.895878695978467,0.1363501527796579,1.5625,279.2412192318806,1
9.900958768059178,0.13873318124423042,1.5625,284.0401176377723,1
9.902115372461106,0.13936497729906813,1.5625,285.36189506611237,1
9.903100655153098,0.13972268763895876,1.5625,286.0710990599617,1
9.901835504278608,0.13925471785697352,1.5625,285.0768362425259,1
9.898727126221813,0.13817871309423832,1.5625,282.9495515630353,1
9.894864555059979,0.13631901706269964,1.5625,279.04002435743763,1
9.889953149260815,0.13449044471274793,1.5625,275.41281811263735,1
9.884211238180288,0.13194108540839924,1.5625,270.04434963076284,1
9.876089880063954,0.1286088241088573,1.5625,263.38875737262356,1
9.866792592078736,0.12590000878469512,1.5625,257.6253812335314,1
9.859169406879376,0.12313826537029662,1.5625,252.17234590744846,1
9.849413513329702,0.12077309242936585,1.5625,247.026048120497,1
9.83817357530656,0.11809054850529245,1.5625,241.846463959847,1
9.8267400951807,0.11773771679076685,1.5625,240.79965548805555,1
9.815299133153598,0.11697707857699184,1.5625,239.5661143952645,1
9.80170671666113,0.11660962261796334,1.5625,238.36845407374938,1
9.789857960282527,0.11620695864286311,1.5625,237.974121274315,1
9.778431804042585,0.11837766230676748,1.5625,242.01463651203332,1
9.767737549585638,0.12075990857669079,1.5625,247.28864497758698,1
9.756565087597913,0.12217163705652308,1.5625,249.75608437934292,1
9.745805636260089,0.12549076147854105,1.5625,256.97086672922364,1
9.736252724120751,0.12932302635875353,1.5625,264.4725203968083,1
9.728192678906067,0.1316182189659649,1.5625,269.4903428536847,1
9.722021251507327,0.13386802753846166,1.5625,273.8788949763806,1
9.717202935698083,0.13580932936817688,1.5625,278.0390604227249,1
9.712444718044084,0.1379838960837615,1.5625,282.31107913973915,1
9.710569438565352,0.13876493835103693,1.5625,283.99325510201066,1
9.711270229444963,0.13843153477200126,1.5625,283.3376154411686,1
9.711598761988933,0.1382870230599207,1.5625,283.0291681507378,1
9.714736401748295,0.13702779877614893,1.5625,280.5514854203479,1
9.716905684821572,0.13621236460619582,1.5625,278.8158053371471,1
9.72195417821894,0.1336041831053571,1.5625,273.5973140607384,1
9.729379926213594,0.13033354913117107,1.5625,266.6818890478775,1
9.736520691464603,0.12748905231409274,1.5625,261.0693595250741,1
9.745593265672012,0.1251193061470774,1.5625,255.90960177743852,1
9.75571201161511,0.12214032316216893,1.5625,250.1288271947836,1
9.76734527053506,0.11980813891117341,1.5625,244.94832513686518,1
9.778846442829378,0.11795324019530863,1.5625,241.5522032508782,1
9.791778859022406,0.1178574114711337,1.5625,240.86521335418044,1
9.805114816683751,0.11645552208822754,1.5625,238.4891677860724,1
9.817434087379612,0.1164689564909726,1.5625,238.08504732825813,1
9.830255528402052,0.1158575359522341,1.5625,237.26890073258315,1
9.84330000692169,0.11770345273108186,1.5625,240.59975190842218,1
9.85563051727485,0.11978453105285324,1.5625,245.30480908026104,1
9.866192125572486,0.12181097842921998,1.5625,249.11377905090066,1
9.874944894531179,0.12358219798165952,1.5625,253.05642079726505,1
9.882300057061778,0.12625408637682908,1.5625,258.2846441056709,1
9.890800735394487,0.12945585183441516,1.5625,265.10369196707256,1
9.89837246739249,0.13301702699753795,1.5625,272.17816436465745,1
9.9033166225706,0.13501103050657687,1.5625,276.43136981317423,1
9.907332843764365,0.13665029272857013,1.5625,279.6585347377265,1
9.910759954363943,0.13815195067100283,1.5625,282.8490338793214,1
9.911726249299859,0.13849807855123636,1.5625,283.5303194733525,1
9.910379752271004,0.13783238863416186,1.5625,282.1221709776519,1
9.906718677163164,0.13617931429866728,1.5625,278.84117209936767,1
9.902642752541254,0.13483363992673802,1.5625,275.965429701492,1
9.897028982813087,0.13324365762018356,1.5625,272.85646760369497,1
9.890186086100806,0.13032194809521427,1.5625,266.67600366314923,1
9.882384745705544,0.12750709487856612,1.5625,261.12023891279057,1
9.874453141190038,0.1249376695358468,1.5625,255.64339444982022,1
9.865805928577265,0.12231784533540091,1.5625,250.4993500480412,1
9.855558972195457,0.11958756230862111,1.5625,244.61185197871865,1
9.843664836647532,0.11714001970093003,1.5625,239.90260110602117,1
9.832556208255157,0.11534246193172464,1.5625,235.95578854915584,1
9.819786732085142,0.11379140349536002,1.5625,233.0408828194027,1
9.807297313735134,0.11382961136865663,1.5625,232.8703727290602,1
9.796324139975043,0.11464795713619709,1.5625,234.79897930810668,1
9.785033345906694,0.11702025834371388,1.5625,239.39016068071908,1
9.775276609044806,0.11933213575738627,1.5625,244.3865139920741,1
9.763870018865768,0.12208472210976326,1.5625,249.67939968552932,1
9.754157424799775,0.1249677535066255,1.5625,255.9108064807067,1
9.746455455604455,0.12606809843095104,1.5625,257.9367536271733,1
9.73873327600914,0.1286053413582137,1.5625,263.3608639010847,1
9.733166079333499,0.13077091669232913,1.5625,267.6562767750062,1
9.726844772597042,0.13244109603409243,1.5625,271.225647964771,1
9.7224535069243,0.13421384231682582,1.5625,274.77019139816014,1
9.719381954027595,0.1355392849160056,1.5625,277.553182501823,1
9.720162772574168,0.1352070139263565,1.5625,276.8839405898809,1
9.720441701129433,0.1350824858198643,1.5625,276.62517527014427,1
9.723004756020101,0.13378741043817427,1.5625,273.99516205639964,1
9.726025438567438,0.13261393992903003,1.5625,271.562780414142,1
9.73136146200477,0.13011218614075773,1.5625,266.46531603546384,1
9.737055663292567,0.12746432202851432,1.5625,261.01043219553515,1
9.74346772881339,0.12498128814688121,1.5625,255.95185156387245,1
9.75297884089337,0.12134372432955112,1.5625,248.402191191227,1
9.764522212946924,0.11777433810601497,1.5625,241.1653257664499,1
9.774576074558777,0.11544374854100314,1.5625,236.35916053710727,1
9.785580787217775,0.11362615452577032,1.5625,232.65154798384816,1
9.79613902361848,0.11174635342771304,1.5625,228.797150888225,1
9.808771739775572,0.110125473904765,1.5625,225.42938036250106,1
9.820795270904405,0.11044339357735154,1.5625,226.1413650176793,1
9.832706155436568,0.11163129182215954,1.5625,228.516613724792,1
9.843882691356136,0.11210891232167135,1.5625,229.56560710699563,1
9.854530837254666,0.11433313333723669,1.5625,234.0648564113851,1
9.86616883541368,0.11687845788702993,1.5625,239.31524528337115,1
9.87655265216676,0.11861442968956593,1.5625,242.86367097968375,1
9.885419921166568,0.12120074218197129,1.5625,248.19382463816487,1
9.893383336776948,0.12323474759495866,1.5625,252.34422611222016,1
9.899364324890303,0.12557687508756166,1.5625,257.1766334342363,1
9.904353500145904,0.12742332903313053,1.5625,260.9385001295651,1
9.907892851368095,0.1291271104417795,1.5625,264.4523083527047,1
9.908829834424605,0.1294683895326917,1.5625,265.14976532154714,1
9.908929123798126,0.12952592628862392,1.5625,265.2679280460209,1
9.907911187572035,0.12905433096827834,1.5625,264.3031287837976,1
9.905073708857218,0.12786971421061277,1.5625,261.8635946154618,1
9.901347155533793,0.12646981874852,1.5625,259.00747324920025,1
9.895076826974664,0.12363446029177945,1.5625,253.1497121396063,1
9.888972656833896,0.12069138639115057,1.5625,247.1739709319931,1
9.882082502231704,0.11808959701193152,1.5625,241.77608742710555,1
9.874408508950566,0.11612468095978386,1.5625,237.81693637185398,1
9.866117250867687,0.1134708469634796,1.5625,232.3011777691926,1
9.855243682481053,0.11046405383367099,1.5625,226.19160241774642,1
9.842497963752434,0.10752461773883315,1.5625,220.06610875121035,1
9.829407536024544,0.10737110170786138,1.5625,219.85084912102909,1
9.816685932109634,0.10717300283122197,1.5625,219.35840400981874,1
9.804194342769039,0.10648276577414237,1.5625,218.03585325138573,1
9.794090050907934,0.10650730832066638,1.5625,218.06186509462935,1
9.783223176964867,0.10696889504227006,1.5625,219.01630472722965,1
9.773118362341128,0.10867391105285983,1.5625,222.5154769061529,1
9.762840130314821,0.11191269667486561,1.5625,229.13743479472913,1
9.75584960787463,0.1136076447212531,1.5625,232.66328965553146,1
9.74669062459177,0.11646960523829684,1.5625,238.4123710988678,1
9.738928062202152,0.11917346889099238,1.5625,244.06718885607617,1
9.732431181214945,0.12121346801982234,1.5625,248.1637692546778,1
9.726962518744463,0.12296116043738715,1.5625,251.8230242061264,1
9.722077677180309,0.12505999206013685,1.5625,256.0558296857376,1
9.719576912616624,0.12620515999807577,1.5625,258.44692820804306,1
9.71716639668569,0.1273234734136147,1.5625,260.6935376854554,1
9.71892293807179,0.126678632802082,1.5625,259.32607201812124,1
9.722499822792255,0.12529151659656343,1.5625,256.56728842500354,1
9.725365213438698,0.12403728168246934,1.5625,253.93707723154407,1
9.731920140578,0.12148654528930747,1.5625,248.8044147607795,1
9.738427266768108,0.11917674686424737,1.5625,243.98400434475295,1
9.746112272305405,0.11591146662617144,1.5625,237.38439610751837,1
9.75504543114279,0.11296487803882828,1.5625,231.22502049628548,1
9.762561257677469,0.11167386692362544,1.5625,228.70781334973907,1
9.772514637172641,0.10932829316958415,1.5625,223.68648753222388,1
9.783290718571326,0.10782475123991382,1.5625,220.82465296137212,1
9.794947964924365,0.10734748084490912,1.5625,219.5909684507936,1
9.806819035892623,0.10642795438440426,1.5625,217.96351452756525,1
9.819730681285497,0.10660264481198586,1.5625,218.01561139331287,1
9.831012959606618,0.10812910783160266,1.5625,221.4465516264211,1
9.843159715249824,0.10952870516042511,1.5625,223.9633274983272,1
9.854462541572635,0.1109749553982932,1.5625,227.27009349214987,1
9.864621550438924,0.11285404450165265,1.5625,230.8323178287011,1
9.874029804278862,0.11467479505736763,1.5625,234.84068412358027,1
9.884015554529654,0.11716002898533028,1.5625,239.62200943284344,1
9.892832748501872,0.11972674677054049,1.5625,245.17208891449633,1
9.899326681769693,0.1219746603515336,1.5625,249.59059234908918,1
9.903113046439408,0.12343979137774165,1.5625,252.72017326399902,1
9.908183184464209,0.12579196857122418,1.5625,257.35137418876144,1
9.91122417701959,0.1272349486563986,1.5625,260.4308295967437,1
9.912963407447469,0.12787242687469141,1.5625,261.6699698546058,1
9.912188114192706,0.12755430371627016,1.5625,260.9848553234436,1
9.910237836002155,0.12662154279150353,1.5625,259.1543856045036,1
9.90525927037712,0.12472269351562563,1.5625,255.03089345829028,1
9.901550151387825,0.12327454840322312,1.5625,252.24955284115757,1
9.895139759089107,0.12082691153328162,1.5625,246.8825295827865,1
9.887334498930835,0.11768741146542334,1.5625,240.86188495481724,1
9.878299380779318,0.1156040502779999,1.5625,236.09889917208875,1
9.868113139192978,0.11333439906070601,1.5625,231.98612797752293,1
9.856492516385039,0.11245640220040419,1.5625,229.5429758829983,1
9.84626756952161,0.11030947393386353,1.5625,225.7428393194796,1
9.834078476920881,0.10991126739599769,1.5625,224.1668722017594,1
9.820575003772744,0.10989409808069668,1.5625,224.9378004034382,1
9.809660757734811,0.11085265305093372,1.5625,226.30726952967342,1
9.797480011796118,0.1106469140945322,1.5625,226.51686118238484,1
9.78646980769507,0.11145753779708795,1.5625,227.63310029376444,1
9.774431883591648,0.1148576899253473,1.5625,235.16596370438688,1
9.764212521282403,0.11740341407847117,1.5625,239.93432769403302,1
9.754768255279968,0.12001101616557361,1.5625,245.70119507237155,1
9.745591448688723,0.12195788675106896,1.5625,249.2789927189328,1
9.737360769739002,0.12444372202454834,1.5625,254.75311660573004,1
9.730746269298258,0.12689129170604832,1.5625,259.47973177949314,1
9.72510320551911,0.1285111002111406,1.5625,263.0523296077973,1
9.72210712194696,0.1295207324156672,1.5625,265.00078837882234,1
9.721431976505647,0.12977331196264608,1.5625,265.5481566119466,1
9.722557704883934,0.12918106897613774,1.5625,264.3812549331187,1
9.724100535065133,0.12840898361340877,1.5625,262.73564600459014,1
9.726224885419455,0.1274791718273786,1.5625,260.9175048249624,1
9.728533193464417,0.12665315401374727,1.5625,259.1313803712712,1
9.733063272670423,0.125147742568549,1.5625,256.21302447551926,1
9.737335332087353,0.12319931423683379,1.5625,252.06955631275528,1
9.745700827679881,0.11998191150957781,1.5625,245.70995760044102,1
9.752019687658212,0.11831069379537497,1.5625,242.14032961485822,1
9.762606959589778,0.1158422530381268,1.5625,237.2386677363526,1
9.773433656142817,0.1136483489729093,1.5625,232.58306269944055,1
9.783412448560291,0.11188568290325374,1.5625,229.14021481259914,1
9.794526122835402,0.11103162734148314,1.5625,227.1791826789858,1
9.806735959384941,0.10965088558871292,1.5625,224.5568422455018,1
9.818858772403825,0.10933501150874493,1.5625,223.70813811870974,1
9.831653643440426,0.10916737919062078,1.5625,223.5601975522299,1
9.841826996342888,0.11078508275813359,1.5625,226.77253253237606,1
9.85238860093172,0.11357620214782016,1.5625,232.58491293053507,1
9.86365119141863,0.11580954445040807,1.5625,237.04007851408696,1
9.871812740007448,0.11805024199355017,1.5625,241.7668917730277,1
9.879592063721814,0.12021531300014282,1.5625,246.07563866541972,1
9.88757242724166,0.12257007006472896,1.5625,251.02345249804154,1
9.894599676460754,0.1254554815474935,1.5625,256.83618235180626,1
9.900518757430447,0.12788556020785097,1.5625,261.9077775380322,1
9.904145726214855,0.12920540575370482,1.5625,264.5697611887266,1
9.9057735230848,0.12985686383945289,1.5625,265.9290399342539,1
9.906335048032613,0.13014166341147623,1.5625,266.5048797331774,1
9.9058197683431,0.12991549510315092,1.5625,266.0337328554572,1
9.903903047618112,0.12889190536145403,1.5625,263.9615074960663,1
9.899493677722536,0.12702890044376347,1.5625,260.06815357543803,1
9.893642120970865,0.12469323068378467,1.5625,255.37082410268945,1
9.88591957473906,0.12256834714438482,1.5625,250.875812372135,1
9.87826401498347,0.12027099783963038,1.5625,246.31389891792324,1
9.870257563923285,0.11808225756767136,1.5625,241.67599024400317,1
9.860410768576017,0.11527446181630972,1.5625,236.0795929889986,1
9.849455212474243,0.11285075487953765,1.5625,230.9196584689277,1
9.839930532234288,0.11042232506751927,1.5625,226.1447054728825,1
9.82927060372051,0.10956654844438334,1.5625,224.1451636554547,1
9.816605443159723,0.10775205665407427,1.5625,220.67042987313866,1
9.804065793650437,0.10693282060264842,1.5625,218.7569040300866,1
9.792999174331985,0.10696935561818299,1.5625,219.07315234523801,1
9.781420373493983,0.10847001241533087,1.5625,221.88175377379204,1
9.770489094877199,0.10929677178823594,1.5625,223.8393916259011,1
9.759850642526919,0.11283859865621368,1.5625,230.8420820177802,1
9.749321746532175,0.11518830712455909,1.5625,235.90503384117613,1
9.740811852710273,0.11745635332812421,1.5625,240.3825144404169,1
9.733803654458328,0.11912412113160499,1.5625,243.95758049495515,1
9.728759640943688,0.12097733715270663,1.5625,247.6584763328779,1
9.725403389350747,0.12215757880282403,1.5625,250.15008560998203,1
9.72356146654376,0.12309770920580038,1.5625,252.0403133107692,1
9.721121466291763,0.12393343329325873,1.5625,253.79546328451104,1
9.72025037049924,0.12442491316984534,1.5625,254.78925214915785,1
9.721879661350396,0.1235350715004811,1.5625,252.9346433493971,1
9.72463973575639,0.122359344233372,1.5625,250.57493202912485,1
9.72769822353938,0.12109884597416196,1.5625,247.93817535865443,1
9.731935181721871,0.11947695494527663,1.5625,244.6828636982037,1
9.738701573734883,0.11589370054845562,1.5625,237.20339245457626,1
9.746961178867531,0.11323781846090389,1.5625,231.9109620248663,1
9.75714589960541,0.11105990290827666,1.5625,227.229400929302,1
9.766179153656253,0.10885304355252583,1.5625,222.92723790739865,1
9.776786837051578,0.1066264253561241,1.5625,218.07752914050843,1
9.787277845766301,0.10434051812903886,1.5625,213.6849073908042,1
9.79845359052768,0.10363829535778663,1.5625,211.92330948573084,1
9.809039807989013,0.10351656979117894,1.5625,211.9931805299164,1
9.819240869423206,0.10403484218838902,1.5625,212.755096097741,1
9.829306368040326,0.10388973173885378,1.5625,212.75623054379318,1
9.840280533897523,0.1047426948429824,1.5625,214.1574249294475,1
9.85038259897482,0.10579796240321156,1.5625,216.65485965576238,1
9.86093786155262,0.10800254051749225,1.5625,220.80870736233635,1
9.869843847343983,0.11030392134543507,1.5625,225.8567186112617,1
9.880464964082341,0.11261047354285536,1.5625,230.1439734096022,1
9.887481117279386,0.1148199418633945,1.5625,235.00915235813548,1
9.895692223969688,0.11794003226255502,1.5625,240.9808759535447,1
9.899821005181101,0.1197062798204252,1.5625,244.84296390169982,1
9.904069806541735,0.1218066463382745,1.5625,248.8915407161712,1
9.907714938064101,0.12341178464059513,1.5625,252.40040177930968,1
9.907375850585623,0.12328443217802557,1.5625,252.15742559261312,1
9.9071292855569,0.12317611074955476,1.5625,251.92265659501484,1
9.904791872699642,0.12220869527211099,1.5625,250.05392475618086,1
9.902729872284823,0.12114306816801067,1.5625,247.7734082177687,1
9.898243879263555,0.11936880532131679,1.5625,244.3308963690511,1
9.89195970658071,0.11659096190866707,1.5625,238.35091947178748,1
9.884112185064236,0.1137907331193655,1.5625,232.9542609420309,1
9.876659646934408,0.11159512630102768,1.5625,228.14249956962485,1
9.86709318606956,0.10995365413722687,1.5625,225.14390215057009,1
9.856047803283891,0.10837492469687685,1.5625,221.45793301491054,1
9.84387183370031,0.10638613068538429,1.5625,217.85576218091367,1
9.832693529511356,0.10423416427829922,1.5625,213.03907795050844,1
9.820973079421991,0.10427034815993236,1.5625,213.52948477757002,1
9.809863747453285,0.10457615873430778,1.5625,213.77509319274972,1
9.798373019551684,0.10444295429926287,1.5625,213.88707633099574,1
9.787172087112591,0.10538724304059029,1.5625,215.4525458929524,1
9.775649993362912,0.10629923555517054,1.5625,217.691725822273,1
9.765655976502261,0.10866997159724379,1.5625,222.25610843168099,1
9.755048201285756,0.11272014806585848,1.5625,230.8462848997203,1
9.748351438460153,0.1152081326971769,1.5625,235.8088192456874,1
9.740989100633486,0.11805156614967853,1.5625,241.768198002245,1
9.734258935655845,0.12072006170503358,1.5625,247.11764339885502,1
9.729472254205668,0.12256033582635634,1.5625,250.9878187864438,1
9.726098180793226,0.12405022507755249,1.5625,253.97747234209945,1
9.720827020872127,0.126419671589878,1.5625,258.90591587805557,1
9.719560487998995,0.12699493098598622,1.5625,260.076217541095,1
9.72039828049517,0.12665330610667036,1.5625,259.3677800389806,1
9.721978547234038,0.12592990039541874,1.5625,257.9004216703694,1
9.725230440775569,0.1247800703798814,1.5625,255.5052643234247,1
9.730097883275286,0.12263820328005946,1.5625,251.16294520465073,1
9.736438062547277,0.1208370262867217,1.5625,247.39740597461017,1
9.744721903888985,0.11723817582463947,1.5625,240.0942363192416,1
9.753645005350798,0.11442621234107393,1.5625,234.25118518318422,1
9.763467210122508,0.11236836753968728,1.5625,230.1112617570996,1
9.773167455710915,0.11112962714068353,1.5625,227.50312711974092,1
9.783679417532197,0.10995497955059796,1.5625,225.1571256610098,1
9.794369075171748,0.10988868040886865,1.5625,224.9567692358067,1
9.805802391502453,0.10934257394995432,1.5625,223.88999831311563,1
9.817947560640208,0.11055167354559498,1.5625,226.29365693434127,1
9.831350346700171,0.1109523276796867,1.5625,227.15976903609183,1
9.842435291680705,0.11135030760556125,1.5625,227.98976021359206,1
9.85258896629666,0.11289365010490109,1.5625,231.15621703272453,1
9.86284266823165,0.11470604586149712,1.5625,234.8601555621694,1
9.872839553695174,0.11722647148057942,1.5625,240.03489661109438,1
9.881478076478885,0.11871806095989214,1.5625,243.10254832991941,1
9.888949328333295,0.12170999445510534,1.5625,249.23675213817393,1
9.893713444485686,0.1239221089169894,1.5625,253.78928820501125,1
9.89988993862779,0.12675614159775775,1.5625,259.5468362598746,1
9.903423445417962,0.12829244889649125,1.5625,262.7389511699143,1
9.906345473191376,0.12944617668986586,1.5625,265.0676058297943,1
9.906156942990716,0.1293682050834612,1.5625,264.90451366684164,1
9.906688735108105,0.12963128362170662,1.5625,265.43290572557976,1
9.905000655443835,0.12893541016683166,1.5625,263.9670923186885,1
9.902975022527375,0.12824526417704898,1.5625,262.60106896886424,1
9.898960950796232,0.12667647826497772,1.5625,259.2779278163996,1
9.893949783343867,0.12503266287557907,1.5625,256.0388189200467,1
9.885533914916925,0.12269626165448914,1.5625,250.98118634522893,1
9.87766609016723,0.12039545532567306,1.5625,246.53289146871384,1
9.867553976311266,0.11781856951748274,1.5625,240.8699582260063,1
9.857694156832821,0.1160870378350248,1.5625,237.70472961060943,1
9.846011375558124,0.11331512523823745,1.5625,231.53285480137924,1
9.834896304105548,0.11225616943715962,1.5625,229.84798050286963,1
9.822549007445073,0.11074380946529734,1.5625,226.18199861389985,1
9.810157847405126,0.1100042636899363,1.5625,225.23698458476295,1
9.799776743280317,0.1110980375825316,1.5625,227.04258741761305,1
9.788262547383765,0.11209863164678337,1.5625,229.5469501917414,1
9.776875015504212,0.11457803730220782,1.5625,234.17758777753826,1
9.763654758133603,0.11714646442124849,1.5625,239.90726112973047,1
9.75382107375488,0.11948146989611676,1.5625,244.40829976788459,1
9.744440721330449,0.1220005613844165,1.5625,249.84420415505662,1
9.73682984429833,0.12457080384536737,1.5625,254.91105213062968,1
9.729193823675672,0.12744429676357835,1.5625,260.99323184702536,1
9.724523828470366,0.12954351499571184,1.5625,265.20015531662904,1
9.721559050439364,0.13095670910369336,1.5625,268.1633124048499,1
9.719776245388259,0.1317971940140793,1.5625,269.84748820015034,1
9.717606355164659,0.13271416553779342,1.5625,271.7689263042082,1
9.718540214903888,0.1322697332953931,1.5625,270.8715057627753,1
9.72137354819615,0.1312319733793561,1.5625,268.6963869236143,1
9.725130544323244,0.13002359637010813,1.5625,266.28054071696397,1
9.729067197243682,0.1283785832767412,1.5625,262.848378524235,1
9.735335592209148,0.12639169600228972,1.5625,258.84989440146114,1
9.74329149172871,0.12396533633760379,1.5625,253.7635305913502,1
9.752692018287021,0.11988216777889596,1.5625,245.5118455636917,1
9.762147139406103,0.11793039363708109,1.5625,241.40226818891654,1
9.772760264125962,0.11555592037311797,1.5625,236.64028005789186,1
9.784100912751898,0.11348012828242951,1.5625,232.26430861831693,1
9.795950460589463,0.11290241626620294,1.5625,231.199151730694,1
9.807432858387452,0.11209348110142271,1.5625,229.4367451391946,1
9.820579715725966,0.11042969181583619,1.5625,226.1055199517087,1
9.832160105693253,0.11035481777497272,1.5625,225.92219514857715,1
9.844210099139497,0.11253151621468388,1.5625,230.39968311390436,1
9.856269180850687,0.11442529147004919,1.5625,234.2582860334293,1
9.865890649375707,0.11630490778341819,1.5625,238.17160942651057,1
9.875338720888724,0.11810242533349456,1.5625,241.7935624004993,1
9.883984568093762,0.12140711944248991,1.5625,248.6301032077368,1
9.892427230163205,0.12428439692650516,1.5625,254.4593638623158,1
9.898469354007238,0.12639981561576585,1.5625,258.8668220517376,1
9.903702567226114,0.12885407532498844,1.5625,263.8367865148325,1
9.907524274697918,0.1306239495482146,1.5625,267.5136946983005,1
9.911028890562314,0.13245900420092802,1.5625,271.22628833804833,1
9.911127870830722,0.13250257159154927,1.5625,271.3174925405494,1
9.910817054298466,0.13236509680393077,1.5625,271.0418951935894,1
9.907299310222333,0.13075628207401638,1.5625,267.6565866907277,1
9.903599725039179,0.12894608586456663,1.5625,264.0430589216734,1
9.898719831532626,0.1274601967517307,1.5625,260.8644968114719,1
9.892577033928076,0.12554105199911778,1.5625,257.0887186818259,1
9.8855307025883,0.12329079990891464,1.5625,252.28978897111313,1
9.875306527400369,0.12111898536445735,1.5625,248.05166005255404,1
9.866678384760888,0.11951704781800081,1.5625,244.6220896247431,1
9.855430157774528,0.11718808087508271,1.5625,239.98599682397116,1
9.844039247547078,0.1157823633487032,1.5625,236.96843212422624,1
9.831095340411464,0.11391590371284784,1.5625,233.26231317787844,1
9.81826673599592,0.11399482954719994,1.5625,233.31162903616416,1
9.805753680813549,0.11441075332683609,1.5625,234.28108880948687,1
9.794989301141921,0.11522508494301517,1.5625,235.88618348958786,1
9.78276841380145,0.11544887740639202,1.5625,236.37919082832934,1
9.771151644510022,0.11755747377482548,1.5625,240.67900283955288,1
9.760253083382368,0.11984476703241383,1.5625,245.39685383428977,1
9.749810386645343,0.12237752914131396,1.5625,250.56162580448222,1
9.741010436779792,0.1246108787363504,1.5625,255.18394474431787,1
9.734850386556655,0.12677685936375963,1.5625,259.6192837220327,1
9.72926973450287,0.12827911676840364,1.5625,262.70306284481654,1
9.724097151401235,0.130511271859588,1.5625,267.2722066302322,1
9.721777775137298,0.13126386393521902,1.5625,268.82810389763307,1
9.71909426735023,0.1323891774264324,1.5625,271.1138656693933,1
9.717544600353365,0.13311907427728772,1.5625,272.62319584667097,1
9.717126553251477,0.13331627659925285,1.5625,273.02412306180565,1
9.718235268786248,0.13280067056972528,1.5625,271.95688957816276,1
9.721796151148345,0.131476189614003,1.5625,269.26267326462164,1
9.726998632067033,0.12964696528655936,1.5625,265.4721644506487,1
9.733858498550136,0.12688092987339827,1.5625,259.84239603794117,1
9.74299663371342,0.12330005254497216,1.5625,252.4194015874625,1
9.750870363033663,0.12062866944296395,1.5625,247.04579167177724,1
9.761045339144001,0.11827471149724564,1.5625,242.0510869980384,1
9.770763775272414,0.11581243644444839,1.5625,237.18343500819432,1
9.78221805687886,0.11330512737623614,1.5625,231.80138562762036,1
9.794766165998508,0.11244458883826806,1.5625,230.2815683172034,1
9.807561002006967,0.11239620395841354,1.5625,229.92867583943158,1
9.82016189415354,0.11283131740196041,1.5625,231.0747463536781,1
9.832678470102728,0.11313348284404152,1.5625,231.44249035278068,1
9.843788122576042,0.11373957851243623,1.5625,232.93865241104356,1
9.854196314535653,0.116061841095915,1.5625,237.47081330644835,1
9.863705031462146,0.1184958307631879,1.5625,242.67762964708808,1
9.873683370797881,0.12038670454887754,1.5625,246.30757207868052,1
9.882033488144328,0.12311971178545135,1.5625,252.13560122982042,1
9.888843295850249,0.12548802265693423,1.5625,256.8191337330099,1
9.896289039116233,0.128128708677099,1.5625,262.3999032430734,1
9.901035170145079,0.1301219413490647,1.5625,266.3982355937207,1
9.905170638397266,0.13197827716839575,1.5625,270.27820827499323,1
9.907103402985902,0.1327727315519539,1.5625,271.8774234748295,1
9.90821138681706,0.13337687600236503,1.5625,273.1325352875011,1
9.907530749975827,0.13309883322374455,1.5625,272.5715597473957,1
9.90501004666913,0.13216871515265727,1.5625,270.6258621586204,1
9.901869372727798,0.13097671432145797,1.5625,268.23151122234594,1
9.896033753277951,0.1283108517035657,1.5625,262.6525342064703,1
9.888569506077339,0.12557157117834872,1.5625,257.17017362333735,1
9.880717134083174,0.12351855393560954,1.5625,252.82502729381733,1
9.873306607989123,0.12123714301648653,1.5625,248.29206095648095,1
9.862711782337543,0.11826212291429045,1.5625,241.93087867227524,1
9.851781150139372,0.11560061301353555,1.5625,236.74943532848755,1
9.840268786144234,0.11446246558695172,1.5625,234.1211310149864,1
9.828759930830824,0.11215517375503786,1.5625,229.69316779366616,1
9.817498209901894,0.11044430778403941,1.5625,225.90402930117835,1
9.803393092901295,0.10984003650990021,1.5625,224.94165842247668,1
9.791446301911142,0.11092456785102538,1.5625,226.9825165176861,1
9.779122852704617,0.11234071938848643,1.5625,230.05923399811277,1
9.768423854892168,0.11428749918237822,1.5625,233.92865196687916,1
9.757641973036826,0.11593371580469083,1.5625,237.4167714064322,1
9.74881013160265,0.11838182687555858,1.5625,242.37020751007188,1
9.7411585187125,0.12044081557299395,1.5625,246.65774903496845,1
9.733531684245103,0.12285329162749123,1.5625,251.52838341047806,1
9.729168970085697,0.12469874068872798,1.5625,255.37713567759252,1
9.723442695226945,0.12723917523242656,1.5625,260.4730309379474,1
9.720074814492222,0.1287540073900838,1.5625,263.65455538360266,1
9.718649432951679,0.12937560282713884,1.5625,264.89975561475273,1
9.71772851067595,0.12984011274250665,1.5625,265.87000219885164,1
9.719699102917545,0.12887623568166612,1.5625,263.924819546577,1
9.722390323783339,0.12758470373608818,1.5625,261.2364070717624,1
9.726210446247913,0.12617912469035547,1.5625,258.4104905371433,1
9.731140485082067,0.12438202785509854,1.5625,254.65080593015122,1
9.738304160153547,0.12164524776601476,1.5625,249.1282370597818,1
9.746776056932568,0.11894395696086131,1.5625,243.47589861968441,1
9.756220654972669,0.11611671046252013,1.5625,237.80076685106016,1
9.765857995033697,0.1138860900244977,1.5625,233.11123464349984,1
9.77605416844475,0.11226126024269717,1.5625,229.9001645601014,1
9.785775679418904,0.11127078354653307,1.5625,227.76996455117788,1
9.797686213136858,0.1097176258184106,1.5625,224.6603058692961,1
9.808062245750039,0.11004210615659693,1.5625,225.2954157531809,1
9.818901077400088,0.10913712031774103,1.5625,223.46246989679656,1
9.831801384555556,0.10967087041406774,1.5625,224.47676878478435,1
9.844221717318561,0.11035487800881447,1.5625,225.9657140210271,1
9.856533630823932,0.11193669607839107,1.5625,229.12068253517282,1
9.868034737942862,0.1154730260853606,1.5625,236.46120819900614,1
9.876787372221418,0.11762174430255107,1.5625,240.83637738289232,1
9.885229700133292,0.11994305094114613,1.5625,245.62028355893332,1
9.892839879406399,0.12282591497365829,1.5625,251.51043275491773,1
9.899758266869314,0.12496152660184304,1.5625,255.90665493146832,1
9.90452329627474,0.12702214798949626,1.5625,260.1323320279338,1
9.908142974150456,0.1281783487460901,1.5625,262.504525189847,1
9.909948185114835,0.1288365306381582,1.5625,263.85704840366077,1
9.90978092480942,0.12875607001863024,1.5625,263.69201251024515,1
9.908319040960725,0.12801671561630207,1.5625,262.1761459549526,1
9.904593637600916,0.12646183705696804,1.5625,258.97873740310024,1
9.900292403331273,0.12475047309267819,1.5625,255.4838208755302,1
9.894885688693982,0.12312395872396215,1.5625,252.1279625843917,1
9.888830144582698,0.12060511398972429,1.5625,246.98904974121731,1
9.88213828842648,0.11804088460868012,1.5625,241.7070381068404,1
9.873927989109134,0.11570936872391137,1.5625,236.94394517067127,1
9.863667521290635,0.11341963683104613,1.5625,232.19668214395207,1
9.852919226575738,0.11180732520557632,1.5625,228.94457419248894,1
9.841267405762618,0.10975178227844504,1.5625,224.65916000756513,1
9.8302651241607,0.1081524020820352,1.5625,221.4697096417563,1
9.817874814816006,0.10717805676090694,1.5625,219.34208872257014,1
9.805855656358595,0.10773021732771342,1.5625,220.61025233685586,1
9.792230615635441,0.10825612267363488,1.5625,221.48680717702305,1
9.781045059865937,0.1094693752023453,1.5625,224.19203318516932,1
9.7705393967356,0.11160979502784825,1.5625,228.38315820437097,1
9.759069165420575,0.1148018507518303,1.5625,235.1079544727693,1
9.749725908830953,0.11690888617312294,1.5625,239.31115916913154,1
9.741444187784776,0.11978530976531981,1.5625,245.31935786493057,1
9.734236100151607,0.12273205676749661,1.5625,251.26806616359707,1
9.728024532964797,0.12442278326085672,1.5625,254.8176593441752,1
9.724188196114993,0.12579998750155938,1.5625,257.6031122246632,1
9.719864508927062,0.12779902383917474,1.5625,261.73233864179855,1
9.71853022805782,0.1284256915604925,1.5625,263.0130603623041,1
9.717245356481168,0.1289204515220245,1.5625,264.0290528005611,1
9.7164088332569,0.1292632294423438,1.5625,264.7300565911826,1
9.720683909733047,0.12754258186106293,1.5625,261.15627839035636,1
9.724779893587854,0.1257245540168321,1.5625,257.4822615648139,1
9.730305024295738,0.12332375576963528,1.5625,252.48274815569255,1
9.736048164700685,0.1209234651704454,1.5625,247.65032970645012,1
9.743962596549723,0.11862712963733395,1.5625,242.7973419306344,1
9.752217352286277,0.1161188990395311,1.5625,237.8112788881613,1
9.760623888558156,0.11407064976118592,1.5625,233.46028536039063,1
9.771336128551708,0.11218403081411689,1.5625,229.74492071030085,1
9.782109874123805,0.11106954991509654,1.5625,227.3118235440326,1
9.795425940720529,0.10996667717622959,1.5625,225.16999520068578,1
9.806870676943738,0.1089177865280433,1.5625,222.96529574604247,1
9.817988416749788,0.10889650184599006,1.5625,222.98410520319248,1
9.831034756148773,0.10966604055140339,1.5625,224.43536527838498,1
9.843010387373349,0.11166369707518307,1.5625,228.667342708698,1
9.854913154475776,0.11402372443312174,1.5625,233.36253460514442,1
9.864042035481559,0.1157622373699138,1.5625,237.08081979738745,1
9.874737642645517,0.11954947468511919,1.5625,244.61786865693378,1
9.884156659644573,0.12322107222046472,1.5625,252.35497466871533,1
9.891079527594679,0.12582584173351996,1.5625,257.56494506736465,1
9.89749760548785,0.1285874135429939,1.5625,263.3427915747036,1
9.901307037383859,0.1299299007163198,1.5625,266.04005695542196,1
9.904691077169554,0.13143813636082258,1.5625,269.1781967829708,1
9.90618178740159,0.13198471135524323,1.5625,270.2816572090301,1
9.907106610054955,0.1324112712629509,1.5625,271.166203533445,1
9.906776189774286,0.13225727659499625,1.5625,270.8538858250229,1
9.905301528112647,0.13176960936511478,1.5625,269.83801581705967,1
9.900128306143289,0.12979767507477558,1.5625,265.8203936454559,1
9.89522217399533,0.1277535200983777,1.5625,261.6168276667183,1
9.889077286483486,0.12505207881250957,1.5625,256.09014993703954,1
9.880748464344537,0.12117712585721227,1.5625,248.10903228589717,1
9.873139570719498,0.11882120417591482,1.5625,243.3366291201949,1
9.86443182122983,0.11636196860350331,1.5625,238.22040837875426,1
9.85466904811818,0.11343294590173285,1.5625,232.29003901138773,1
9.84405916055093,0.11166851884200397,1.5625,228.58389257257477,1
9.8340449925544,0.10943857121465252,1.5625,224.11657801813828,1
9.824326329088644,0.10862822158355434,1.5625,222.36618505480178,1
9.813157682222421,0.10923190544206775,1.5625,223.67370699732416,1
9.80062572254129,0.11080785046960487,1.5625,226.78638662644738,1
9.789261206495217,0.11179567705205652,1.5625,228.9407832991443,1
9.779637118410498,0.11365294541592168,1.5625,232.6675574486113,1
9.770141448402388,0.11583711081664692,1.5625,237.21911075180594,1
9.759711414777122,0.12050344909468673,1.5625,246.6697175544896,1
9.750379875096403,0.12325804516157998,1.5625,252.4270079657984,1
9.742637229693251,0.1252918074209234,1.5625,256.5212010562048,1
9.73729591373415,0.1269326367917335,1.5625,259.95683451214654,1
9.73229993850755,0.129356944373113,1.5625,264.85499796761,1
9.728576557877103,0.1312948548893636,1.5625,268.8833410596105,1
9.726016149189535,0.1325586083053296,1.5625,271.43668914157274,1
9.724460142280702,0.13323905974044895,1.5625,272.85461449702683,1
9.725298215164349,0.13285159864933802,1.5625,272.0701059019544,1
9.727853733083828,0.13162230634668245,1.5625,269.516047427082,1
9.7318347992803,0.12956244269315614,1.5625,265.34263459755704,1
9.736367701342079,0.12761709036101684,1.5625,261.30197845494587,1
9.742619192641227,0.12509518215949475,1.5625,256.1931313242617,1
9.751529078774976,0.12147160059850283,1.5625,248.6436840942654,1
9.759803253456768,0.11901853511888993,1.5625,243.74977283928385,1
9.770411876504552,0.11649956779742243,1.5625,238.37357320079667,1
9.781046692679155,0.11367837587421567,1.5625,232.8130928745395,1
9.792032104456451,0.11282720295123368,1.5625,230.8375178887882,1
9.802898457719632,0.1122644760622463,1.5625,229.91755719483237,1
9.814765640653372,0.11044674476746472,1.5625,225.91660093288493,1
9.825912943541104,0.10995718354727033,1.5625,225.19177816604622,1
9.838055141958826,0.11094811717355067,1.5625,226.89387783726764,1
9.850159160284578,0.11163556000811992,1.5625,228.629010336908,1
9.86009496077626,0.11395905972728311,1.5625,233.16302910301607,1
9.871106856093597,0.11657229315302521,1.5625,238.7394867020795,1
9.881264885049502,0.11933438368698804,1.5625,244.20686822205582,1
9.891536535171493,0.12242160955951073,1.5625,250.71861481059668,1
9.899391136391849,0.1256275111104311,1.5625,257.17857387294174,1
9.906540518898472,0.12828894272096314,1.5625,262.7357462548045,1
9.911477599367542,0.12979556680668494,1.5625,265.7700948568945,1
9.915046219558903,0.13137751182822893,1.5625,269.05694074820065,1
9.916612003243866,0.13201646666828343,1.5625,270.3513110106504,1
9.916275847629505,0.1318508967313792,1.5625,270.00786383471205,1
9.915487353518536,0.13156634134233897,1.5625,269.43459073016083,1
9.914504535313219,0.13113234090360473,1.5625,268.53352999391416,1
9.910135160473406,0.1292155213389554,1.5625,264.6319410362624,1
9.905602225309476,0.12694247905574474,1.5625,259.95027397206184,1
9.898327046253574,0.12411654177229756,1.5625,254.16438983884765,1
9.891333768187762,0.12232336784716046,1.5625,250.4944350385893,1
9.880182340963328,0.11906510069681586,1.5625,243.7226082876366,1
9.868658264689369,0.11600964430065935,1.5625,237.55843902146842,1
9.858039291657436,0.11401068901560865,1.5625,233.3981931204657,1
9.845216269697598,0.1126554834929639,1.5625,230.64501476109297,1
9.834315673283209,0.11246091268195649,1.5625,230.27050882397504,1
9.823194298712462,0.1113600123866688,1.5625,227.98637577933937,1
9.812156257797689,0.11212001209866126,1.5625,229.57400729628299,1
9.801138845934132,0.11195142519276564,1.5625,229.19811289344506,1
9.789707241310362,0.112679343272835,1.5625,230.7109719470489,1
9.779441619549234,0.11450407371108794,1.5625,234.4527030443205,1
9.770658062714663,0.11675901143939939,1.5625,239.09346892525232,1
9.761408620010823,0.11884956985265584,1.5625,243.34225237952313,1
9.75271437191849,0.12093535479339035,1.5625,247.65454419328557,1
9.744372198745848,0.12367958195871719,1.5625,253.2417765675787,1
9.7372123876499,0.12628049996397328,1.5625,258.614069447122,1
9.732451293785102,0.12776443328369524,1.5625,261.6462227413742,1
9.726654180682129,0.13029091826100286,1.5625,266.8166166120968,1
9.723957033810619,0.13147019974428356,1.5625,269.25069856147564,1
9.72141824805304,0.13235364869254165,1.5625,271.0430224153375,1
9.721421952263887,0.132352452804731,1.5625,271.0405291751595,1
9.723836793696366,0.13133322083003204,1.5625,268.96994235159843,1
9.728523188490755,0.12914726693921974,1.5625,264.43870335876375,1
9.731730719319525,0.12760978180355365,1.5625,261.33688544840334,1
9.737417583163857,0.1256465992919986,1.5625,257.20416764572656,1
9.745071032344452,0.12349881821438746,1.5625,252.92557967987088,1
9.755755060914668,0.11920264298009671,1.5625,243.89308946702747,1
9.765039182204868,0.11633450168998814,1.5625,238.2490265926003,1
9.77435603054309,0.11439380846406891,1.5625,234.04316153963825,1
9.785199451909472,0.11401772275019105,1.5625,233.50826505667087,1
9.797187091063478,0.11221266814147463,1.5625,229.52326268394555,1
9.808645116751137,0.11026011599915496,1.5625,225.8123794613181,1
9.8210311239287,0.10976690380235517,1.5625,224.4674771868103,1
9.832556479473462,0.10973948293236008,1.5625,224.74317359679534,1
9.84305951810512,0.1101349185153325,1.5625,225.2725975796037,1
9.854249940548454,0.11186437777807515,1.5625,229.0975577376144,1
9.865136496018621,0.11376315428468545,1.5625,232.71768473949047,1
9.876563262915225,0.1174055378093565,1.5625,240.4465382592554,1
9.884814021894163,0.11940506445701278,1.5625,244.40082068982775,1
9.890506398977863,0.12080926262726781,1.5625,247.4035493174411,1
9.896853659209304,0.1231150418874867,1.5625,251.9757386857988,1
9.899481001141297,0.12401763095377089,1.5625,253.90636647196044,1
9.904312435490525,0.12629916134406383,1.5625,258.4061108714327,1
9.904737653563494,0.1264764036773379,1.5625,258.7881511891907,1
9.90564294797885,0.12691651186523717,1.5625,259.64804921277835,1
9.905941397529016,0.12704529502249648,1.5625,259.9258307831588,1
9.905517044825633,0.12684518238400982,1.5625,259.5353258001944,1
9.902173000997552,0.12516991454285054,1.5625,255.93208835663424,1
9.89680938859696,0.12314562024115526,1.5625,252.04048866853,1
9.890333823254803,0.1206951546481138,1.5625,246.70034347347325,1
9.880588821711134,0.1179795109440339,1.5625,241.55741401296046,1
9.871219874084519,0.11495356284853592,1.5625,234.96493677161675,1
9.861440057612269,0.11131374234667853,1.5625,227.91502777924643,1
9.850512040158108,0.10813988764700871,1.5625,220.93734881104106,1
9.838561758339631,0.10596660165741087,1.5625,216.98374408624312,1
9.827517917131729,0.1052347181259978,1.5625,215.04578286667058,1
9.816124940778426,0.10380586395561253,1.5625,212.56428733546767,1
9.804233598441167,0.10429890948436428,1.5625,213.09765291954017,1
9.792177730544532,0.10507137025878956,1.5625,215.1585732723056,1
9.77978153525894,0.10783735286046209,1.5625,220.3222253803306,1
9.767578601657853,0.10929766151919632,1.5625,223.81103565051498,1
9.755205799037444,0.11339243837680765,1.5625,231.6878024249967,1
9.743726863945618,0.11576289063848393,1.5625,237.03604192703494,1
9.735856065641686,0.11778222880633156,1.5625,240.89139122020546,1
9.728113303732176,0.12057737500402427,1.5625,246.89357721537064,1
9.722306909078691,0.12331811425631309,1.5625,252.321366846805,1
9.717594005575249,0.12551003968565969,1.5625,256.97134268532085,1
9.7134891656351,0.12739196881055492,1.5625,260.69049388994745,1
9.7122228751547,0.12804852412599718,1.5625,262.0841385629873,1
9.711267314771739,0.12851187796010122,1.5625,262.99670459996963,1
9.711355463143713,0.12847906475561863,1.5625,262.92595852135986,1
9.71328047928828,0.12762941702459948,1.5625,261.2560472839269,1
9.714793448821053,0.12701248664272416,1.5625,259.9387024991108,1
9.719391693105184,0.1254290810002817,1.5625,256.83055989772333,1
9.72509315964735,0.12346097180325866,1.5625,252.62000733926382,1
9.731992209736928,0.1214994563771849,1.5625,248.8035480341715,1
9.740099168353286,0.11956056689476556,1.5625,244.57677964680886,1
9.749880959342876,0.11813087601686806,1.5625,241.92401493331172,1
9.761104580356989,0.11635255371320892,1.5625,237.93305624785273,1
9.773266758391557,0.11518618190232706,1.5625,235.8990844369907,1
9.78413007645403,0.11508982560481112,1.5625,235.41377256543043,1
9.7965250260754,0.11341519511093813,1.5625,232.27382504648187,1
9.808486161637449,0.11343029428569629,1.5625,232.03581844519113,1
9.820139209525978,0.11403720586565412,1.5625,233.5481287923135,1
9.831918925143013,0.11665319130490805,1.5625,238.63032782693747,1
9.842202219344522,0.11831649710905284,1.5625,242.30865480959426,1
9.852198440529737,0.12062762282177739,1.5625,246.78343043800365,1
9.863055213852103,0.12242745518530235,1.5625,250.73100877502316,1
9.872503577106045,0.12580080891030654,1.5625,257.4392948931529,1
9.878961948555292,0.12808416899034203,1.5625,262.2921069678822,1
9.886285207121103,0.13164278488756034,1.5625,269.3670549548683,1
9.890966326195066,0.1331800098135914,1.5625,272.6768361367598,1
9.894912799654508,0.13473519406945264,1.5625,275.73159912380714,1
9.896493428112741,0.1355707223910641,1.5625,277.5025887151518,1
9.89650875545292,0.13557696058622828,1.5625,277.51483352666673,1
9.89723386321494,0.13588252172514848,1.5625,278.1646898924982,1
9.894802097455795,0.13482496717837889,1.5625,276.0638092195746,1
9.892400547463163,0.13374924248475006,1.5625,273.79669016305456,1
9.889344619150181,0.13250200957069094,1.5625,271.3197449166239,1
9.882113661095184,0.13008827914694404,1.5625,266.1314815445259,1
9.873211849120311,0.12772485411817014,1.5625,261.56226832664646,1
9.862892828581975,0.12364626395916152,1.5625,252.86512671496985,1
9.854199118893371,0.12140084337749647,1.5625,248.58542059613632,1
9.844353054263403,0.12083358501010823,1.5625,247.0392509385134,1
9.834212356940975,0.11850846250500323,1.5625,242.6672090763292,1
9.824292310721352,0.11836329373311105,1.5625,241.99305904916977,1
9.811172637608,0.1169187191639157,1.5625,239.4469916130577,1
9.801327426176034,0.11681537048230496,1.5625,238.99186896998384,1
9.789885049320839,0.11646129659612253,1.5625,238.51225891761322,1
9.777335164260913,0.11781945078552666,1.5625,240.99599489615875,1
9.765519743154972,0.11832952835690556,1.5625,242.33874391178867,1
9.754211042910473,0.12001277977924994,1.5625,245.51245331172439,1
9.743141115469765,0.12413858413928723,1.5625,254.23532683190084,1
9.735687237726303,0.12566478241107967,1.5625,257.2322064231388,1
9.730446304798736,0.12763348792626436,1.5625,261.3784110634025,1
9.724045627647946,0.13012311397784063,1.5625,266.32237483454674,1
9.71831238084116,0.13201713424028527,1.5625,270.34781471364965,1
9.71418155977117,0.13364416018765027,1.5625,273.5879763840654,1
9.712688379151974,0.13426579679625528,1.5625,274.9024051465416,1
9.71072166039108,0.13529583715488464,1.5625,276.95560046094926,1
9.711154271792495,0.13514257112188618,1.5625,276.62719574351155,1
9.713839246906048,0.13397378791027037,1.5625,274.3112342595014,1
9.718565580604016,0.13222902820028887,1.5625,270.5814209784014,1
9.72415651376071,0.12926901385225797,1.5625,264.6945943463311,1
9.731686476798368,0.126805047108419,1.5625,259.38241420219293,1
9.740131879800467,0.12231768900589947,1.5625,250.47478296447258,1
9.750419728345515,0.11949518659992502,1.5625,244.31137513400992,1
9.758858605406921,0.11738631843169521,1.5625,240.3384711017309,1
9.769165945542522,0.11469689264545607,1.5625,234.36840575985784,1
9.780775837952705,0.11237353782009427,1.5625,230.09972443301797,1
9.793289499090255,0.11112209442862053,1.5625,226.98594841827335,1
9.805268048127347,0.10966043724838632,1.5625,224.5328675775074,1
9.817811165164226,0.10973397250483827,1.5625,224.10310234259373,1
9.83012472899573,0.10995024536576099,1.5625,225.1215621727522,1
9.841355302540649,0.11111026540367792,1.5625,226.9972779138805,1
9.853081624502378,0.11301594412332053,1.5625,231.41027918800884,1
9.863230275602906,0.11352687264586202,1.5625,232.04791948855262,1
9.874348662211968,0.11750859518145229,1.5625,240.6282037526886,1
9.884235091594286,0.12085349987107057,1.5625,247.12496690627577,1
9.891707761004799,0.12321946526473548,1.5625,252.27467450856756,1
9.8972109008831,0.12495325925894893,1.5625,255.62365062593807,1
9.901298407661946,0.12672293502100054,1.5625,259.4097111651769,1
9.90405239772706,0.12793953004083136,1.5625,261.7998288629871,1
9.905552388086653,0.1286943908489924,1.5625,263.40490219154384,1
9.906236833951754,0.1290200465140411,1.5625,264.046012445755,1
9.906014164692433,0.12892823459568442,1.5625,263.8491639226575,1
9.903677797384857,0.12796432713610117,1.5625,261.957487920843,1
9.90003584885661,0.12654504568988048,1.5625,258.91260567651926,1
9.893751609913624,0.12382989868154338,1.5625,253.55643363398679,1
9.8874533807711,0.12187928256583808,1.5625,249.35648719025764,1
9.879762690492056,0.11952640428673529,1.5625,244.76628680306655,1
9.871344048245062,0.1171189505839203,1.5625,239.57314857125158,1
9.861530621000488,0.11381819930210364,1.5625,233.0913699289064,1
9.851164038449857,0.11234411482737683,1.5625,229.76686193745473,1
9.838651898664848,0.10947537876947086,1.5625,224.20553995710773,1
9.828717090894239,0.10846168256583946,1.5625,221.93272907278845,1
9.817227008311205,0.10787323638145035,1.5625,220.91855666376145,1
9.803930626496802,0.10855074667623009,1.5625,222.03592432933527,1
9.791982015255003,0.110458255648044,1.5625,226.21827130668677,1
9.779268093642125,0.1120270337169735,1.5625,229.11776993097573,1
9.768111997415653,0.11414753628200813,1.5625,233.77111516933238,1
9.757789074146416,0.11523284073621513,1.5625,235.72407041937754,1
9.747873425405492,0.11668015596433948,1.5625,238.95554841456283,1
9.741098983224113,0.1185773701913706,1.5625,242.70195095680174,1
9.735139191023562,0.12100035953457117,1.5625,247.79654234755873,1
9.727943531419283,0.1242576031988963,1.5625,254.28941889996847,1
9.723049837308956,0.12594697590195353,1.5625,257.8933528784146,1
9.7185112821512,0.1286973943942269,1.5625,263.3958696172517,1
9.715611821587613,0.12974364021766852,1.5625,265.63158221754696,1
9.715351430405946,0.12985023725809197,1.5625,265.8429481892278,1
9.716403016496333,0.12936804343941902,1.5625,264.82454336758224,1
9.717355825045594,0.12900609509450717,1.5625,264.11143793170095,1
9.720136567648533,0.1279781089900813,1.5625,261.9135143442012,1
9.726225693959872,0.12553727627560402,1.5625,257.07621995235525,1
9.732114060819118,0.1235470859234807,1.5625,252.84652584010377,1
9.738343215250964,0.12090179374482926,1.5625,247.5873044185607,1
9.749524870902356,0.11692035109073265,1.5625,239.03567436725316,1
9.75745951179476,0.11531644720556254,1.5625,236.08581072634297,1
9.766359784244548,0.11354415104190281,1.5625,232.06285480449523,1
9.7776047781332,0.11165050222233729,1.5625,228.62756775332423,1
9.790007333228552,0.11129360965228356,1.5625,227.37875070640112,1
9.801703339757397,0.11048752588673472,1.5625,226.23321269378442,1
9.813880222517422,0.11144616589563494,1.5625,227.65841760255444,1
9.826412733321682,0.11063897585737859,1.5625,226.54996948720404,1
9.837598561943961,0.11228512403036167,1.5625,229.46598276452335,1
9.848908206649204,0.11453390408312851,1.5625,234.52895434806737,1
9.858661263340768,0.11728776964097025,1.5625,239.80545595311625,1
9.86933629501313,0.11970369053723157,1.5625,245.13087467634696,1
9.876711393956795,0.12218539394915683,1.5625,250.00236340311957,1
9.886415948703519,0.12547476203619612,1.5625,256.97038916102514,1
9.891018031383679,0.1272774907743523,1.5625,260.6007345501072,1
9.897159968367717,0.12976112602248063,1.5625,265.7501189955115,1
9.901656662560136,0.1316305940785856,1.5625,269.54789043540836,1
9.904635407969181,0.13305206325572577,1.5625,272.4887880306561,1
9.905041856490243,0.13325173877977942,1.5625,272.89580822971743,1
9.903765564335373,0.13280162668629483,1.5625,271.96356606933733,1
9.902596651480279,0.13215810665455258,1.5625,270.6554306452225,1
9.898669457894815,0.13058345412119182,1.5625,267.3754541652614,1
9.893219838228893,0.12866048476527173,1.5625,263.49666508378596,1
9.886058918339861,0.12601196974748016,1.5625,257.9692877017133,1
9.880709438243745,0.12436949231938835,1.5625,254.70244783128535,1
9.871559669898016,0.12007439039194222,1.5625,245.6690362519817,1
9.861169038700405,0.11662554178910947,1.5625,238.84857857256023,1
9.851158140129959,0.11444531991601445,1.5625,234.15735803176796,1
9.841200898230886,0.11318520601233042,1.5625,231.8026530949869,1
9.829777828146236,0.11214568365998805,1.5625,229.3801395383141,1
9.816507027191427,0.11310453509767264,1.5625,231.63470682474195,1
9.80460297649763,0.11279647381447779,1.5625,230.77623181257903,1
9.792147043618645,0.11357548454797256,1.5625,232.59568305757838,1
9.780327970355302,0.11497688817521828,1.5625,235.26859070985807,1
9.770366839446599,0.11612715959549658,1.5625,237.8284219324835,1
9.761021585094625,0.117707927029533,1.5625,240.88616316070548,1
9.753311710319782,0.11912741134240637,1.5625,243.96731829945108,1
9.745649893633237,0.1214373792368738,1.5625,248.5259202966513,1
9.737876061251134,0.1245476960243196,1.5625,255.06879568920402,1
9.730130550770332,0.12815275610097998,1.5625,262.2800914643695,1
9.725051265479722,0.1298750921533854,1.5625,265.94787643531873,1
9.72101751323155,0.1319435992926925,1.5625,270.0812842790496,1
9.719433301037267,0.13261455306060418,1.5625,271.5037558480474,1
9.717237609586403,0.13358860364514413,1.5625,273.42883803568276,1
9.71957168195487,0.1328285446119826,1.5625,271.7764132503536,1
9.72457388227808,0.13080380383512735,1.5625,267.8077727003992,1
9.72948057259316,0.12850517895420555,1.5625,262.926519359908,1
9.734710759718208,0.12591471537150623,1.5625,257.8029044059608,1
9.740143203621802,0.12328615513763758,1.5625,252.22868357931011,1
9.74607575937972,0.12123089955521753,1.5625,248.2219503224404,1
9.75365793521334,0.11903679834003546,1.5625,243.44409686930604,1
9.762415681039114,0.11745843839022822,1.5625,240.51894926695994,1
9.772826255746313,0.1155771466301965,1.5625,236.26548809273558,1
9.784944486446419,0.11276194463000076,1.5625,230.92385599295102,1
9.796646533895307,0.11229295887627354,1.5625,229.56400402672185,1
9.810534753859905,0.10988677569466936,1.5625,225.04793855277862,1
9.821730829170978,0.10957327799068681,1.5625,224.1356516787787,1
9.834160637573557,0.11136990474618215,1.5625,228.0837596813125,1
9.846051128992839,0.11281217480703783,1.5625,230.79370065616868,1
9.85818485299923,0.11508343486656368,1.5625,235.68801283252893,1
9.86858457103517,0.11700313988418488,1.5625,239.44842306777127,1
9.877512505524104,0.11932892056348947,1.5625,244.38545744803375,1
9.88715911067946,0.12270445614317063,1.5625,251.09652731537483,1
9.895647150785441,0.12444355660212046,1.5625,254.85610837238443,1
9.901563791227616,0.12698107909149783,1.5625,259.9461630777932,1
9.907745485902767,0.12944745867733115,1.5625,265.10552825587894,1
9.911845251277388,0.13082950055195777,1.5625,267.8816580503167,1
9.914635846163868,0.13207790630276434,1.5625,270.4828301305792,1
9.915029958918142,0.13228605983852243,1.5625,270.904787070557,1
9.914006637205592,0.13190046573655795,1.5625,270.10084694767056,1
9.91221400574584,0.13094556461050072,1.5625,268.1673363319463,1
9.910069903593957,0.13004834466852677,1.5625,266.3018213608465,1
9.904447955310912,0.12806522771041173,1.5625,262.2737946137595,1
9.900068301039788,0.12576876793267275,1.5625,257.5557707606917,1
9.891386868702247,0.1234503264300733,1.5625,252.76060275689315,1
9.883352876653765,0.12064968120233108,1.5625,247.07902873843685,1
9.874024093569414,0.11878268780516457,1.5625,243.16781480221434,1
9.862097327006362,0.1161142488766113,1.5625,237.75140395979975,1
9.653523954718096,2.001290121360052,3.125,4098.475938421516,2
9.633079626776357,2.047324207546717,3.125,4192.652179726468,2
9.62114658093203,2.076588628110916,3.125,4252.853002471556,2
9.61896245820073,2.0821815260194754,3.125,4264.301942761046,2
9.624098960542344,2.068929634963454,3.125,4237.072561492635,2
9.638597662600812,2.034966382574096,3.125,4167.490479126494,2
9.663582912971487,1.9826059426558242,3.125,4059.763373995677,2
9.693775331226199,1.9288861984570815,3.125,3950.0190118252212,2
9.730587300384064,1.883752925777004,3.125,3856.7533396694703,2
9.770212350924584,1.8547223987371293,3.125,3797.966897711346,2
9.813409823188211,1.8452923634238292,3.125,3777.609830507164,2
9.854918772748665,1.8565122316229936,3.125,3801.735195106678,2
9.895400858511314,1.8899931388200677,3.125,3869.2705297908924,2
9.931300750572275,1.9399481664310847,3.125,3972.83189642541,2
9.962084240699431,1.994759518110611,3.125,4084.333278815958,2
9.985365932745328,2.0439666448142555,3.125,4186.036108874337,2
10.000304312597063,2.079658372558708,3.125,4258.793458515064,2
10.007567203968357,2.0978356702552765,3.125,4296.299701041629,2
10.003587484826419,2.0878948269967337,3.125,4276.002175265208,2
9.989721975208669,2.0547188676343686,3.125,4207.563442301271,2
9.967835671117726,2.0076003428727205,3.125,4111.485532133916,2
9.939546698518853,1.957616974401139,3.125,4008.2047110091085,2
9.904702622989191,1.9062496430297555,3.125,3903.663518336283,2
9.867060610467409,1.8699348705301375,3.125,3828.363141874677,2
9.824660472566688,1.852978436413918,3.125,3794.2681814964276,2
9.782996190084543,1.8612627986433676,3.125,3810.6764932472083,2
9.741993555193174,1.8873915692876468,3.125,3864.792976139465,2
9.704091987554701,1.935821668211952,3.125,3963.659509044302,2
9.67449692739629,1.984295537295575,3.125,4063.6860049616835,2
9.648968965457437,2.0362465094413786,3.125,4169.645562105759,2
9.632533598385033,2.074331473360493,3.125,4248.230348119812,2
9.623406576168243,2.097196631071843,3.125,4294.868944320162,2
9.62527975224645,2.0925208146243937,3.125,4285.211832671569,2
9.638088476358494,2.060871483360818,3.125,4220.661284235897,2
9.657129784288168,2.018894252216146,3.125,4134.051526821756,2
9.684868577080469,1.9666791393267622,3.125,4027.5537774133168,2
9.719248576553692,1.9120204382469979,3.125,3914.6012891781847,2
9.756093583635431,1.8723855284203552,3.125,3834.326977474328,2
9.797842077859949,1.844259946166543,3.125,3775.289041350439,2
9.840604851472564,1.8485766644881505,3.125,3785.512501096087,2
9.883032882924685,1.8746572620543134,3.125,3837.582655471668,2
9.922688343808092,1.9167452868723953,3.125,3925.2592564235156,2
9.955610131162215,1.9685954396162106,3.125,4030.6734190698626,2
9.981398484721518,2.0181666143967605,3.125,4133.178969463041,2
9.999986380306867,2.059967312881769,3.125,4218.351808580384,2
10.01071308959051,2.0861985419811764,3.125,4272.497087657458,2
10.010911686328921,2.0867066485918073,3.125,4273.534127170995,2
10.003677202513243,2.068550223266338,3.125,4236.1098513032075,2
9.987860628937266,2.0329019146334124,3.125,4163.348645417088,2
9.96434004456068,1.9861463140158613,3.125,4066.855460667348,2
9.931798152879326,1.9299397043825657,3.125,3952.163756698565,2
9.892844640646235,1.8844352364439996,3.125,3857.9570358736814,2
9.851465249356302,1.8541407471214906,3.125,3796.7850325025033,2
9.809696273363192,1.8494884607863358,3.125,3786.3445116758385,2
9.76705308998212,1.866112085587392,3.125,3821.2450874618407,2
9.725724698299986,1.903536342621172,3.125,3897.1722321555744,2
9.6904733830833,1.9560899441781345,3.125,4005.8529363632465,2
9.661948133619042,2.011144180144966,3.125,4118.146538748007,2
9.638790090485834,2.0628084640601756,3.125,4224.580942766328,2
9.625673444679814,2.0946486700988225,3.125,4289.704889181611,2
9.620605135187242,2.107179604268717,3.125,4315.484548514289,2
9.623448803945696,2.100141872233818,3.125,4301.090450979497,2
9.637011416522627,2.0679545285390737,3.125,4234.781573118958,2
9.660337856773317,2.0166001314821256,3.125,4129.810709551421,2
9.689778761608792,1.962800163363242,3.125,4019.0035655064576,2
9.725796930674269,1.912953669423116,3.125,3917.197167906628,2
9.76555398768837,1.8768235365090469,3.125,3842.59001947321,2
9.80803550649203,1.863435320325915,3.125,3815.5885375049215,2
9.851623845571934,1.8687464461143868,3.125,3825.9384538755653,2
9.89326384829667,1.9007335917507666,3.125,3892.1179808440193,2
9.929572372812137,1.9481703865889046,3.125,3989.080898138245,2
9.96241651889338,2.0046775349154995,3.125,4105.210303672925,2
9.986173175410443,2.0551869453961755,3.125,4208.804389284282,2
10.003329722157085,2.096580345297827,3.125,4293.701063881966,2
10.009914962290667,2.113294807246034,3.125,4328.027644465205,2
10.008314692784431,2.1093348532286735,3.125,4319.914005745592,2
9.99652251772729,2.080931140210071,3.125,4261.5239808274755,2
9.97606342252564,2.035228880933449,3.125,4167.94294963858,2
9.947111406543781,1.9811474334016912,3.125,4056.6562340679898,2
9.912785624019836,1.9298548996827676,3.125,3951.8572497871182,2
9.873084917010997,1.8899844959249386,3.125,3869.478666097001,2
9.830400871229106,1.8669267832219059,3.125,3822.7740782418173,2
9.787469989850758,1.8716972209427725,3.125,3832.0016312943458,2
9.746804975389681,1.8976505411311466,3.125,3885.8564177967623,2
9.708111133110279,1.9449193507149467,3.125,3982.1508056713624,2
9.674923597816683,1.999455219923722,3.125,4094.653774052411,2
9.647800634145778,2.0528917930513684,3.125,4203.7638989568795,2
9.628348907338024,2.095561979503969,3.125,4291.693255494131,2
9.61942077303186,2.117356835820843,3.125,4336.27331506795,2
9.61857986838121,2.119500732340611,3.125,4340.6831989022485,2
9.627527791388294,2.097937440396515,3.125,4296.546324482376,2
9.646258826529998,2.0542491492266444,3.125,4206.6456077713465,2
9.671526143038712,2.007401631566793,3.125,4110.939789275933,2
9.705139676188185,1.9546020027919833,3.125,4001.9151124396253,2
9.742227242140435,1.9115292345822115,3.125,3914.421339576422,2
9.783668540827716,1.882227856246983,3.125,3853.2389173043052,2
9.825606711070286,1.8800110160080012,3.125,3849.843418339344,2
9.86698897385,1.9035192783635675,3.125,3896.9060354453063,2
9.90618473192972,1.9444663698460714,3.125,3981.9663146527596,2
9.93937012715191,1.9946826963597963,3.125,4084.2013100508498,2
9.968017071022501,2.050275363866272,3.125,4198.846244506453,2
9.989453831512785,2.096839960902712,3.125,4293.935058643515,2
10.00268356999086,2.1286801605518386,3.125,4359.536166103707,2
10.004627119161313,2.133720340578041,3.125,4369.8457348212205,2
9.995879361714765,2.1119089373176103,3.125,4324.927190249069,2
9.979818783406209,2.073340453674709,3.125,4246.155173033223,2
9.95723012508324,2.0241532135174856,3.125,4144.81357554365,2
9.925702733792681,1.9734253753190458,3.125,4041.1917918384893,2
9.88980052280612,1.926516326426429,3.125,3944.494256853799,2
9.849344873902558,1.8935727069424448,3.125,3877.35588378719,2
9.807306774780008,1.8832427209733305,3.125,3855.7207589552554,2
9.7629520940671,1.8986635483890992,3.125,3887.5979059336314,2
9.722992237692393,1.9310406287978592,3.125,3953.9997955293397,2
9.685283962523526,1.9833368682646253,3.125,4061.188022504154,2
9.655492913076658,2.034182417041735,3.125,4165.7351817421895,2
9.63323025958026,2.0834661725470798,3.125,4266.701080091865,2
9.618332701489633,2.118875618794686,3.125,4339.42240970409,2
9.61403342204963,2.1292291072776783,3.125,4360.6611499044975,2
9.617925337401749,2.1194015488658833,3.125,4340.500520017472,2
9.631623467188247,2.0861063045851784,3.125,4272.155687900832,2
9.653043942013108,2.0380286956927103,3.125,4173.598186288442,2
9.681899496582549,1.9834512974348169,3.125,4061.511669913183,2
9.719068246241681,1.9301331824944277,3.125,3952.0852491442038,2
9.758522248838853,1.8924545432769468,3.125,3874.9798626334455,2
9.800636040802798,1.8750035201055544,3.125,3838.946219923612,2
9.843493283738193,1.8771423275351302,3.125,3843.5603800519675,2
9.885072524318543,1.905737716338118,3.125,3902.005655557397,2
9.922633174870333,1.950241989375906,3.125,3993.5662019924926,2
9.954632718404055,2.000726101746036,3.125,4096.967877668316,2
9.979803342421093,2.0514020188887745,3.125,4201.096149037049,2
9.997343953700508,2.0912627347582986,3.125,4282.765271519879,2
10.005238133739894,2.1108394979136365,3.125,4322.998967878339,2
10.00413843481455,2.1080997045432066,3.125,4317.38718551484,2
9.992442873944906,2.079645179824507,3.125,4258.865812306851,2
9.972415599088997,2.03545560524327,3.125,4168.445944742988,2
9.944180099837933,1.979244093766203,3.125,4052.736792383049,2
9.910183211368667,1.9260400626872518,3.125,3944.081748584276,2
9.869062406777735,1.8812499214447125,3.125,3851.3804927339106,2
9.825925944337259,1.8589419619667253,3.125,3806.5343668098562,2
9.78224507391419,1.859526406561953,3.125,3806.831423813767,2
9.740632224922335,1.8814676145476477,3.125,3852.800542460283,2
9.700815105253701,1.9249759143030616,3.125,3941.0630491838483,2
9.66762053815564,1.9765826397399613,3.125,4047.9062048452265,2
9.641181483893645,2.025324850518462,3.125,4147.178027502642,2
9.622200717444795,2.067630161435894,3.125,4234.505673250395,2
9.611232914496773,2.0942103144155815,3.125,4288.725204326594,2
9.610444170935589,2.0961924121930595,3.125,4292.816561555147,2
9.618149593223722,2.077376117510932,3.125,4254.459566647231,2
9.635175708403857,2.0363984403726763,3.125,4169.81724637246,2
9.660852163894011,1.9840963770443714,3.125,4063.333601190994,2
9.692678706755485,1.929993246936852,3.125,3951.3474088532953,2
9.730492504135261,1.8859214809760687,3.125,3862.030289378534,2
9.77257360975317,1.8617395866842739,3.125,3811.0898579377103,2
9.815400963919263,1.85264506142824,3.125,3793.8398375539837,2
9.857782567501605,1.8716383015977034,3.125,3831.4154331441728,2
9.896975928324334,1.9066688626491468,3.125,3904.637004033473,2
9.931660049748482,1.9577226863520012,3.125,4008.206716781024,2
9.961199238718775,2.015465771604221,3.125,4127.617689089042,2
9.984443067417093,2.0666383058157813,3.125,4231.811340371419,2
9.997487770364746,2.096954346983592,3.125,4294.512115472527,2
10.00059874464281,2.104549710603879,3.125,4309.984394314596,2
9.99427293126147,2.0886756349369406,3.125,4277.18320760153,2
9.979139289734613,2.0525906978107247,3.125,4203.7046376038215,2
9.956268311646857,2.004939573630919,3.125,4105.112878038772,2
9.924984372045246,1.9486916434293784,3.125,3990.7490346513373,2
9.888624568536764,1.8992069826224653,3.125,3888.05957823894,2
9.84759342285058,1.8629623841863834,3.125,3814.955753413166,2
9.805298436756473,1.8475156855712198,3.125,3782.0516721578697,2
9.763280151491488,1.8611181814084425,3.125,3811.19433358907,2
9.721473814045916,1.895027318094352,3.125,3879.380122916749,2
9.683409975011056,1.9396410067172636,3.125,3972.188019293479,2
9.652885450615127,1.9950636758422036,3.125,4085.010933408512,2
9.62859370538196,2.0439340718034145,3.125,4185.950891711058,2
9.612991224383862,2.079442906361913,3.125,4258.402513650391,2
9.607368704639812,2.0927584879271808,3.125,4285.885210338633,2
9.612577140225692,2.0797232452151095,3.125,4259.270244790719,2
9.623589807210411,2.053148766871756,3.125,4204.543091961288,2
9.644927338915595,2.0041827106396415,3.125,4104.395761788719,2
9.671781888554314,1.9539483904282922,3.125,4001.0423503366787,2
9.706096904821429,1.9013933746828386,3.125,3893.4904510738447,2
9.745539404963596,1.861711872881052,3.125,3811.7157038603805,2
9.785873174543097,1.8455367949674004,3.125,3779.034011015679,2
9.829665768005162,1.8518038245309378,3.125,3791.075658939357,2
9.871327393009956,1.8793395896832379,3.125,3848.4053563498583,2
9.909901335457008,1.921717369694958,3.125,3934.5719280839294,2
9.942827927977282,1.972584724322814,3.125,4039.660986538433,2
9.967583693325095,2.0225724906461,3.125,4141.763968259858,2
9.986872984330391,2.0674722295756567,3.125,4234.146493460783,2
9.996983318112399,2.0927811063267465,3.125,4285.944872733507,2
9.998464557950943,2.0965379004764455,3.125,4293.669974794709,2
9.98876429854821,2.0725848161944467,3.125,4244.596164917869,2
9.970833203662682,2.03153580554627,3.125,4160.258607117199,2
9.945671198629926,1.9818153068980098,3.125,4058.436139551912,2
9.913529377852543,1.9290263868524165,3.125,3949.858442641628,2
9.875859435988307,1.8848786127136972,3.125,3859.563452254824,2
9.834974574368971,1.8578846816123165,3.125,3803.880826466203,2
9.792738612638416,1.8536786449136564,3.125,3795.5622364077453,2
9.75186424008275,1.873280503594637,3.125,3835.534971631136,2
9.714222643126934,1.9103788018474899,3.125,3911.9197790529447,2
9.67863556838856,1.9662539734680418,3.125,4026.11661771706,2
9.649430741683219,2.0233098402784058,3.125,4143.542040213703,2
9.62978809359409,2.0684800953116613,3.125,4236.048651529906,2
9.61892037602952,2.0955715663433874,3.125,4291.7284344032705,2
9.617520511467541,2.099108767613221,3.125,4298.974461566489,2
9.624537360261943,2.081843147277121,3.125,4263.502736521957,2
9.642040463921793,2.0407820762348816,3.125,4179.312484171493,2
9.665941074383243,1.9908529129810357,3.125,4076.8771081918358,2
9.696096368939383,1.9408263449282719,3.125,3974.264092276646,2
9.73248612257086,1.8942519481955193,3.125,3878.6064923813938,2
9.773823078861152,1.86313676095629,3.125,3814.7741500598227,2
9.816269099958872,1.8539968347225708,3.125,3796.070518993201,2
9.85815506199821,1.8659788659443488,3.125,3820.643021413048,2
9.89908561706588,1.8986642532240479,3.125,3887.6302394358786,2
9.934446816825874,1.9457632323388858,3.125,3984.451204391436,2
9.965592885169107,2.001321617043889,3.125,4098.184573415846,2
9.987368905680592,2.047453320536117,3.125,4193.115280629899,2
10.00076315966269,2.080814487686466,3.125,4261.390251427727,2
10.005925711236202,2.0934125924966325,3.125,4287.296973365461,2
10.000781876171017,2.080564108582258,3.125,4260.980124617206,2
9.98831232783883,2.051014066842734,3.125,4200.282202838691,2
9.966963374164598,2.0040724929053164,3.125,4104.0648387991905,2
9.936128451430928,1.9466690785375755,3.125,3986.0206284322344,2
9.899703255014055,1.8932057545386942,3.125,3876.680119190896,2
9.860713972271526,1.8586974274484391,3.125,3805.639218180145,2
9.820419606538556,1.843438348364077,3.125,3774.6610850602906,2
9.778094224716021,1.8522380521653437,3.125,3792.2206310438105,2
9.737580685428325,1.8813779666664059,3.125,3852.4919674082603,2
9.701289501655788,1.925158394064515,3.125,3941.9370962893513,2
9.669843555154278,1.9788244251490585,3.125,4052.3453573839793,2
9.645394071059345,2.0285168150108004,3.125,4154.076769957031,2
9.629768676052516,2.064168025591084,3.125,4227.397497239156,2
9.622253471117377,2.082368116261603,3.125,4264.648429894322,2
9.622807197820421,2.0808985577976755,3.125,4261.627939899874,2
9.634802154636425,2.0510085151585735,3.125,4200.366765344433,2
9.654295323385133,2.007250016660096,3.125,4110.525368752801,2
9.682037255764788,1.9519381577502903,3.125,3997.096800636018,2
9.716020846101307,1.900687108170633,3.125,3891.883844547887,2
9.754592853657435,1.860771851006411,3.125,3810.0596037952473,2
9.795729436797533,1.8432755962181644,3.125,3774.0941807903937,2
9.837137417383992,1.8460835608051025,3.125,3779.9558480762385,2
9.879671188660378,1.868764587740672,3.125,3826.194552101938,2
9.91904205132613,1.9105098630369124,3.125,3912.140177481422,2
9.95336027403006,1.9616013537898465,3.125,4016.737284865019,2
9.98129326655773,2.01454979676142,3.125,4125.572120443303,2
10.00108936892592,2.0591794115255704,3.125,4217.02251486063,2
10.013069605617614,2.0887025406737765,3.125,4277.648030089164,2
10.01315968865735,2.088931433391032,3.125,4278.117776758777,2
10.005392603605841,2.0694156243197943,3.125,4238.108428687676,2
9.988235575344953,2.0306940191754377,3.125,4158.567144045601,2
9.962951676868247,1.9817558721912047,3.125,4058.273851088658,2
9.932069621965182,1.9310307025874929,3.125,3954.117657072084,2
9.893250555383926,1.884178659826027,3.125,3857.874378074343,2
9.851824229120334,1.8536132321916585,3.125,3795.364972400375,2
9.808408575284263,1.8454657502166698,3.125,3778.4092034446326,2
9.766672363574948,1.8625968848814,3.125,3813.8966109327703,2
9.727592875255215,1.897537113882931,3.125,3885.2896295992737,2
9.691361570388448,1.950275651452991,3.125,3993.6620707789525,2
9.660980184787192,2.006549617767017,3.125,4108.969983878987,2
9.638567673953848,2.0554867327702437,3.125,4209.515574037754,2
9.624272804976341,2.090127010381047,3.125,4280.490898257597,2
9.620262976321765,2.1000592313567705,3.125,4300.907562624159,2
9.625382399273379,2.0874197711312057,3.125,4275.0225931004325,2
9.63816567868179,2.057072776482563,3.125,4212.669696480031,2
9.662060436394128,2.003888457025485,3.125,4103.582506414059,2
9.6937599520099,1.9461402101155028,3.125,3985.027234861564,2
9.731273228737997,1.8973093576185345,3.125,3884.914466996673,2
9.771761830798228,1.8628361852250472,3.125,3814.1823769760895,2
9.81389560014118,1.8514995291078253,3.125,3790.959301030875,2
9.855968073654147,1.8621571687989473,3.125,3812.7970247024596,2
9.895374673644266,1.894136619679721,3.125,3878.4959003352637,2
9.931771953206978,1.939664772048926,3.125,3971.772567775996,2
9.962526413636,1.9921625970395107,3.125,4079.6139436515878,2
9.986884260217932,2.043000870962836,3.125,4183.791761976068,2
10.002062355943542,2.0791491012099064,3.125,4258.070656015594,2
10.008565156345432,2.0953856747404522,3.125,4291.332734434086,2
10.006628747272691,2.0905406537193185,3.125,4281.37951495231,2
9.994950089990127,2.0622042551874977,3.125,4223.298207183033,2
9.974766540422577,2.0184639818095107,3.125,4133.450153825187,2
9.94621555073186,1.9633907345876402,3.125,4020.5499455119575,2
9.912495748167382,1.9145539436602286,3.125,3920.3053970328965,2
9.872053310112936,1.8755995204250977,3.125,3840.241945838444,2
9.830271451688093,1.8588443705079203,3.125,3806.107010116673,2
9.78914574683844,1.8619748105267924,3.125,3812.396625457052,2
9.748577425569382,1.8852316632655346,3.125,3860.1928482383646,2
9.710579448810929,1.9271551499564883,3.125,3946.0965138815545,2
9.677979505512612,1.982042440930681,3.125,4058.828021419539,2
9.652289649837034,2.0334746659491,3.125,4164.27076613341,2
9.63477577445595,2.073017111947813,3.125,4245.472271526452,2
9.625289248793008,2.0956540335785916,3.125,4291.870252254808,2
9.625362267494193,2.095466799390483,3.125,4291.485656224491,2
9.634566330884738,2.0727573951432072,3.125,4244.948426791443,2
9.651862172787235,2.0335023101431915,3.125,4164.320697361545,2
9.677756887708638,1.981185227050247,3.125,4057.068603902664,2
9.710182413669854,1.9294766796927534,3.125,3950.869423766743,2
9.747192999349393,1.888943416858562,3.125,3867.8522712051986,2
9.78669561060194,1.8630122633803394,3.125,3814.5490296337334,2
9.831043836965572,1.8562316138066743,3.125,3800.4424665733736,2
9.872014002277302,1.8747679583452688,3.125,3838.891393654647,2
9.91195922408822,1.9172844253083912,3.125,3925.574643438883,2
9.946455527650034,1.9679030985867283,3.125,4029.9638538452245,2
9.975540137852581,2.0261978362144184,3.125,4149.064949840342,2
9.995258511823081,2.0694910051582727,3.125,4238.301854017969,2
10.006708353187646,2.0979846858444997,3.125,4296.518373742895,2
10.01014374348592,2.106757994704724,3.125,4314.584064190765,2
10.002198164253002,2.087280531650551,3.125,4274.735576233826,2
9.986413365914661,2.0497139948031005,3.125,4197.463729084771,2
9.96271607389157,2.0001447257563774,3.125,4096.065653236894,2
9.93097397670002,1.946413833423817,3.125,3985.341357783473,2
9.893669475890857,1.8982288623412116,3.125,3887.036761613439,2
9.85236739491214,1.8628807479524379,3.125,3813.8869259244143,2
9.809401682240596,1.8559491784193518,3.125,3800.332067233569,2
9.766132442370841,1.8693919301883004,3.125,3827.19040170503,2
9.726578130455009,1.9038719588093322,3.125,3898.7211260444124,2
9.690630807496056,1.9559694764669384,3.125,4004.8502600674137,2
9.660688304126536,2.0070670887339994,3.125,4110.338336461406,2
9.639096554811095,2.0531400626044043,3.125,4204.459206540346,2
9.623785048257758,2.0900591970492517,3.125,4280.434297419788,2
9.618384767428031,2.103659774714103,3.125,4308.269267552885,2
9.62215674227188,2.0942085867975506,3.125,4288.8290988829585,2
9.63565795904597,2.063228156532969,3.125,4225.413310880506,2
9.658149104848635,2.0135265544578878,3.125,4123.156807519786,2
9.687878900163925,1.9574074183794243,3.125,4008.402203859996,2
9.723138570295701,1.9054796369494644,3.125,3901.444403443495,2
9.763243716881474,1.8655769982535404,3.125,3820.019305716391,2
9.804224922079287,1.8478020691141241,3.125,3783.2407622949236,2
9.846795948494103,1.855375047300272,3.125,3799.001667535707,2
9.88938671154228,1.8850754639099754,3.125,3859.574836717067,2
9.925929170950447,1.926263149176685,3.125,3944.597180111143,2
9.957662565287075,1.9805334666841545,3.125,4055.4735361746525,2
9.981690739493207,2.0315365710137065,3.125,4160.510941706056,2
9.999181940800732,2.0731908303073974,3.125,4245.628604984041,2
10.007039921801276,2.0929131381045787,3.125,4286.260394999637,2
10.005631261579047,2.089373185172256,3.125,4279.026951589699,2
9.995556750169902,2.0648021202486353,3.125,4228.40946306632,2
9.976087482614593,2.022169056709504,3.125,4141.294277978977,2
9.948581049274187,1.9703331197662888,3.125,4034.402731024362,2
9.913729860710694,1.9179633735550616,3.125,3927.552142891648,2
9.875297860569278,1.8759466625691357,3.125,3840.7760547367743,2
9.833296903538502,1.8538117638676992,3.125,3795.9300586447275,2
9.790057767403328,1.853696351653229,3.125,3795.0834372528957,2
9.747723890973576,1.877685457913679,3.125,3844.8890934502733,2
9.708456945286466,1.921828218547847,3.125,3934.913110496917,2
9.675554358801234,1.970100081741335,3.125,4034.521454239464,2
9.647765685276823,2.024366896231183,3.125,4145.319552723827,2
9.629500364133232,2.06613616011929,3.125,4231.442950574033,2
9.62021494068714,2.088557501555836,3.125,4277.237801380218,2
9.618290858769273,2.0932722599031823,3.125,4286.948340384622,2
9.625747876672968,2.075384997930455,3.125,4250.384010498993,2
9.642641557031931,2.0371509515554322,3.125,4171.598366174744,2
9.667697540669721,1.9848276503432414,3.125,4064.736751966652,2
9.700174437089544,1.9326932564367447,3.125,3957.087604392356,2
9.73688845157101,1.8894086537373285,3.125,3869.1145936455587,2
9.776816707497062,1.8617947610328776,3.125,3811.565652658811,2
9.819228092842767,1.8537117269336085,3.125,3795.853528274311,2
9.860940255047321,1.8691900647472395,3.125,3826.78484748268,2
9.900978785632196,1.9061970273120674,3.125,3903.4498319829722,2
9.935977940922667,1.9541281309864846,3.125,4001.2093165025285,2
9.964812398693287,2.006407928353717,3.125,4108.974743969862,2
9.986574287462716,2.0536801222903676,3.125,4205.5778222908475,2
9.99991336307607,2.0839975390546126,3.125,4268.02694031738,2
10.004130539243345,2.0948314042681107,3.125,4290.179966165015,2
9.999798931691588,2.084017843790532,3.125,4267.922284418644,2
9.986068497232955,2.0491394994191476,3.125,4196.580607536355,2
9.963305050693188,2.0007146103435587,3.125,4096.837482512597,2
9.931087819118238,1.9417109860482094,3.125,3976.1795319885096,2
9.89596341130679,1.894175851552542,3.125,3878.420601969686,2
9.855930539295493,1.8577729804092584,3.125,3803.928937311556,2
9.812945955667937,1.8418416092371328,3.125,3770.975699073965,2
9.771625737219964,1.8531584879262408,3.125,3794.606687016992,2
9.731359231713803,1.8822203622478801,3.125,3853.769858564542,2
9.69408633901131,1.9301771049916365,3.125,3952.5428987122227,2
9.664250732463188,1.981282132270023,3.125,4057.2140739565098,2
9.641122898850435,2.028849914575261,3.125,4154.944348234018,2
9.625300340440447,2.065566475692045,3.125,4230.163511916556,2
9.619537529061397,2.0802061280917923,3.125,4260.2556351439325,2
9.623131455355342,2.071160101347923,3.125,4241.729175720075,2
9.634524027098113,2.0433735071689667,3.125,4184.640896326512,2
9.656063944967427,1.9950222745382968,3.125,4085.5127832791604,2
9.682844446140992,1.944233541226668,3.125,3981.340313288807,2
9.717061299756773,1.8954424523131967,3.125,3881.095832121688,2
9.757683603481864,1.8546912040422494,3.125,3797.484675149426,2
9.800522900836864,1.8359089931657395,3.125,3758.9851284064193,2
9.844474705819291,1.8422482474540818,3.125,3771.9022315983475,2
9.88649725456267,1.875266366950769,3.125,3839.7521824832766,2
9.924500374299628,1.9187652214073097,3.125,3928.9437165794793,2
9.958593553303501,1.9753587029055395,3.125,4045.025183100786,2
9.985859274433498,2.0297664990672986,3.125,4156.691229165716,2
10.004010032200346,2.070241604980665,3.125,4239.764052535074,2
10.015311194689263,2.0980479486963084,3.125,4296.758024384487,2
10.014408057235524,2.095820868685469,3.125,4292.178113592956,2
10.0038420217609,2.069777078632682,3.125,4238.8518756205585,2
9.98657836621073,2.0320411871549986,3.125,4161.31327080576,2
9.95966526501222,1.9793980131156297,3.125,4053.3665010947557,2
9.926216425187501,1.9267767483825486,3.125,3945.3164129392553,2
9.888226234833661,1.8798233251413088,3.125,3849.1224568750654,2
9.846824400620992,1.8535659179227915,3.125,3795.094350126162,2
9.804465237277382,1.8504638042376098,3.125,3788.9169568858365,2
9.76188604065561,1.871585935423206,3.125,3831.979245729538,2
9.723673207473517,1.910402814024592,3.125,3911.99367766741,2
9.690340124035885,1.9603548252598235,3.125,4014.177133697935,2
9.663174904960908,2.013533098736345,3.125,4123.525762932407,2
9.641768281777292,2.0617475196019788,3.125,4222.175005322281,2
9.630673719079322,2.0887622373628805,3.125,4277.78411631138,2
9.627746133560022,2.0963360949268375,3.125,4293.2696746603815,2
9.634759125299782,2.078439467718449,3.125,4256.413040875881,2
9.65095573710938,2.0390783585310004,3.125,4175.968791784947,2
9.673397730507324,1.9924678044709305,3.125,4079.9915177733697,2
9.70499040366488,1.9367240668222068,3.125,3965.966700845725,2
9.742189792959417,1.8904130306255538,3.125,3870.531642718669,2
9.782273157128236,1.8616187022290211,3.125,3811.9599121105734,2
9.824571484202146,1.8516878619419328,3.125,3791.0085704358366,2
9.866401817372664,1.8646025896271783,3.125,3818.1042237534175,2
9.905915264762385,1.8979089725054603,3.125,3885.8926920401873,2
9.94249954728927,1.9461506756074984,3.125,3985.302812749285,2
9.971528740657309,1.9979665398723745,3.125,4091.385955614183,2
9.994159425435827,2.0452752784058124,3.125,4188.598675812478,2
10.010084603707119,2.0833761586170936,3.125,4266.619680556016,2
10.015459679374741,2.0964819239749657,3.125,4293.579664672096,2
10.011444013790495,2.086696086784458,3.125,4273.550224987379,2
9.998561612953836,2.05559553056661,3.125,4209.5840016924885,2
9.977301392620488,2.0107390442020154,3.125,4117.802498438153,2
9.947815957740538,1.9592246897437657,3.125,4011.6871076097063,2
9.912340991398592,1.9100620764249532,3.125,3911.3056362187704,2
9.873700043827421,1.877064475931707,3.125,3843.1453531142965,2
9.831036929004512,1.8596684823884853,3.125,3807.8086198456112,2
9.788239915320347,1.8654524079411063,3.125,3819.3511908737855,2
9.745694464076085,1.891383952706676,3.125,3872.782041961049,2
9.708311789516362,1.9372403548761838,3.125,3966.807367859917,2
9.676536487761403,1.9929916128221024,3.125,4081.2561463032857,2
9.650942120625515,2.045027334331197,3.125,4187.931649215804,2
9.633673270407801,2.084585213301687,3.125,4269.168878095371,2
9.62532349698648,2.105500470911407,3.125,4312.048169279391,2
9.62605683683644,2.103639070138878,3.125,4308.22631725287,2
9.634533062647924,2.0823305079936074,3.125,4264.564124672151,2
9.653863062892828,2.037911437816758,3.125,4173.214949162012,2
9.680731666225853,1.987424444940973,3.125,4069.9294584006043,2
9.715323122476123,1.9385210341972763,3.125,3969.0841351215677,2
9.753958433775066,1.8974377123895672,3.125,3885.397455944348,2
9.795472373475063,1.8743191338333307,3.125,3837.320225818509,2
9.837706275786315,1.8753935462658966,3.125,3840.201397295844,2
9.88023665927651,1.898860615828352,3.125,3887.550577747776,2
9.918872138733326,1.9412815115929876,3.125,3975.382988844672,2
9.953653459857458,1.9937963539978583,3.125,4082.348719191118,2
9.981265250402625,2.0489117778030783,3.125,4196.094685104356,2
10.000574163000094,2.0938113542367356,3.125,4287.769256594926,2
10.010898064469567,2.1197320367108663,3.125,4341.194367452007,2
10.01138219150066,2.1209960192586825,3.125,4343.776836829655,2
10.001241386587376,2.0951927020706678,3.125,4290.581805684426,2
9.984139380753364,2.055722967812527,3.125,4210.093959594463,2
9.95765412347732,2.0004171860465174,3.125,4095.78265358851,2
9.924755848053255,1.9445880057838447,3.125,3982.3105231886134,2
9.88728301515455,1.9007014008207914,3.125,3891.09323099657,2
9.845754098616668,1.8669719008112649,3.125,3823.1525399331404,2
9.804283719387502,1.8614267592131821,3.125,3810.6653397585974,2
9.762785352017188,1.878693464046774,3.125,3847.156685902314,2
9.723737904904317,1.9143889185758705,3.125,3919.3945276143013,2
9.689171423659513,1.9643484178495074,3.125,4022.795817452436,2
9.659421157657894,2.0218933791803075,3.125,4140.008176540665,2
9.63653877894682,2.0708943054010565,3.125,4241.175965142756,2
9.623512114709,2.1018224118295397,3.125,4304.316325053304,2
9.61963827643945,2.111419998246692,3.125,4324.1043921699265,2
9.624543176374772,2.0987405764227822,3.125,4298.216150999086,2
9.639457906303326,2.0646555288964006,3.125,4227.863345051212,2
9.661499379764114,2.0181881670112833,3.125,4133.184305586963,2
9.69132869096762,1.964901147643974,3.125,4022.9188516140603,2
9.728375951728482,1.9142918519062548,3.125,3920.1313184855385,2
9.768954995155692,1.8829310162789614,3.125,3854.6684962739405,2
9.811132500630384,1.8661975560893718,3.125,3821.5448072574527,2
9.853907307121316,1.876119591030773,3.125,3840.650136731876,2
9.894116340638407,1.9049674071557554,3.125,3901.0838692083903,2
9.932001283239135,1.9535444307792658,3.125,3999.4747580526996,2
9.963344453125556,2.008284804097243,3.125,4112.908765948493,2
9.987656335978532,2.061478232741897,3.125,4221.170680064844,2
10.00236397862312,2.0956397625725995,3.125,4291.833083492842,2
10.009406933443438,2.1133748725324137,3.125,4327.9301355773305,2
10.007480649473234,2.108488495724583,3.125,4317.826062894405,2
9.997484851760241,2.0835050612407637,3.125,4266.996965457842,2
9.97595832149164,2.0370655894434293,3.125,4170.654881293143,2
9.947870118651693,1.9855130546471083,3.125,4066.3080374394294,2
9.913220229076385,1.9361079452635002,3.125,3963.1400070128916,2
9.873264790275046,1.8932631087779048,3.125,3877.250151922713,2
9.831453230629359,1.8754037656135498,3.125,3838.5726700755786,2
9.788503856772833,1.8823572927163263,3.125,3854.8721473398773,2
9.745862711160727,1.9106573026451639,3.125,3910.8136052286613,2
9.70871812903039,1.9517669380561038,3.125,3997.181244019238,2
9.675654366640382,2.008480940555138,3.125,4111.671710561445,2
9.64938698491198,2.061818305819903,3.125,4222.590880256056,2
9.630877844934119,2.104349999016911,3.125,4308.80308466212,2
9.621259941389805,2.12825658175109,3.125,4358.402776287281,2
9.620279150884171,2.130766610606373,3.125,4363.49550101532,2
9.628871511191468,2.1093053324648725,3.125,4318.955458333221,2
9.64711915318722,2.067822935827864,3.125,4234.886028691056,2
9.673984045151844,2.013956998707736,3.125,4122.789306972286,2
9.707260362105623,1.960874160985998,3.125,4015.8426334791466,2
9.745151382909148,1.9177282389625498,3.125,3925.1096606855554,2
9.786972375356909,1.8911360173801588,3.125,3872.9281396835017,2
9.830298982999185,1.8874833412909098,3.125,3862.952452865087,2
9.874000132024515,1.9041650210262038,3.125,3899.5995860558146,2
9.913834738935378,1.943567893834837,3.125,3978.348746746182,2
9.948582380995918,1.9969605748764474,3.125,4089.758130962684,2
9.974814436091728,2.0481555842600647,3.125,4193.506952461834,2
9.995412031789657,2.0940181730939518,3.125,4288.533813041631,2
10.007355001276004,2.1228128974881395,3.125,4347.07912645975,2
10.010114442756658,2.1297686844904686,3.125,4361.474970589137,2
10.003208660091802,2.1122530910113433,3.125,4325.842711596463,2
9.985796502954935,2.072790631026911,3.125,4244.044617889624,2
9.96232536264614,2.022137259979378,3.125,4141.334899383445,2
9.930919185084878,1.9657657991803879,3.125,4023.999709075391,2
9.893078712570507,1.9166810005429418,3.125,3925.2483210134214,2
9.852194979788038,1.8831107876699318,3.125,3854.3247400387177,2
9.808990763357393,1.8728343306025494,3.125,3835.3682858210373,2
9.76750319878797,1.8862589670480006,3.125,3861.001101503029,2
9.727449066042071,1.9206920425882397,3.125,3933.4341719691733,2
9.69130441135476,1.9711898117561009,3.125,4035.4156962216575,2
9.661728863650676,2.0235954185021523,3.125,4144.316849114038,2
9.639912763202647,2.0696914551659473,3.125,4237.906827539803,2
9.624868328313688,2.1048991240468555,3.125,4310.782597490749,2
9.619780969341152,2.117315298862006,3.125,4336.054128705337,2
9.624295774202634,2.1062087108695557,3.125,4313.079903395221,2
9.636573075900113,2.076721200489968,3.125,4253.1141308045835,2
9.658336331930759,2.030001522406834,3.125,4156.256680309824,2
9.688800228308311,1.9725119229362202,3.125,4039.620664992263,2
9.724710415269781,1.9213328243229173,3.125,3933.1055080019655,2
9.763980018963439,1.8850749328471559,3.125,3860.4386009090895,2
9.805939232010555,1.869682441481921,3.125,3826.9855497381604,2
9.849832453107933,1.8752321873252435,3.125,3840.195726801828,2
9.890175086324689,1.906503252786459,3.125,3902.837114913718,2
9.927688283033621,1.9510094436564183,3.125,3995.50661274324,2
9.959882441591088,2.004077054982865,3.125,4103.234603959262,2
9.984467366901752,2.054568120378793,3.125,4207.752312156922,2
10.000928361296872,2.0939043718429744,3.125,4287.842279134409,2
10.010103930085332,2.116466297078264,3.125,4334.448367397706,2
10.00794436272465,2.11111418383333,3.125,4323.531077839538,2
9.997633407292232,2.086642481633048,3.125,4273.031591865292,2
9.977210129092121,2.040668749246881,3.125,4179.2099526796765,2
9.949913288044405,1.9867937308090307,3.125,4068.045164566648,2
9.91535661908978,1.9308801892890182,3.125,3954.0696021552944,2
9.877729421150994,1.8912666991129357,3.125,3872.1216168528676,2
9.836363632277868,1.8656550160649816,3.125,3820.2531548691454,2
9.793108074270018,1.8642507853945043,3.125,3816.598924094262,2
9.749556820766015,1.8845159199410944,3.125,3858.859232970217,2
9.712432774894072,1.9247906804043753,3.125,3941.1850527647625,2
9.678657220407596,1.9785330491404345,3.125,4051.623785507551,2
9.651235333707067,2.0338034649086736,3.125,4164.870480362831,2
9.631796702274668,2.0770632062596683,3.125,4253.746758993606,2
9.621142183764608,2.10347480915302,3.125,4307.87574413413,2
9.620883594789364,2.1041340245607763,3.125,4309.230400054227,2
9.62956420568738,2.0819703944040513,3.125,4263.834204876053,2
9.645686402658702,2.045327076828084,3.125,4188.552418314965,2
9.672541801128878,1.9903679641791183,3.125,4075.799399217109,2
9.704927684133013,1.9355905099500952,3.125,3963.485631996676,2
9.742247292168475,1.8885336428722614,3.125,3866.8853563353814,2
9.784686940909829,1.860530341414246,3.125,3809.348645837848,2
9.828450377694832,1.8520971946372915,3.125,3792.150662683523,2
9.871633376807182,1.8678578510066457,3.125,3824.4076882338104,2
9.911934423586546,1.906798221084532,3.125,3904.4148431666254,2
9.946823278571888,1.9559746633063149,3.125,4005.2921845597157,2
9.976264713166909,2.0112326672577234,3.125,4118.650651358908,2
9.998627311162842,2.0603200618852586,3.125,4219.361462822808,2
10.01117147726777,2.0899975129712027,3.125,4280.292249568013,2
10.015468829379108,2.100974062701389,3.125,4302.792948498522,2
10.009482495833186,2.0861589782119365,3.125,4272.354447993171,2
9.994730502492954,2.051077691031263,3.125,4200.482689296898,2
9.970298991776138,1.999913115607197,3.125,4095.2551887625814,2
9.941706679175303,1.9481051348247178,3.125,3989.4266012159733,2
9.906733927777857,1.898150929839153,3.125,3886.328059746044,2
9.866965707951216,1.8639792831593411,3.125,3816.854932923,2
9.825376277464189,1.8489766886841563,3.125,3785.440717618105,2
9.782611518302888,1.8591210543490195,3.125,3806.821810970736,2
9.744226979409365,1.8914580283049756,3.125,3872.8488489877454,2
9.708080334498115,1.9334463609351134,3.125,3959.1940993848643,2
9.677364716115868,1.9848360206664375,3.125,4064.481679247612,2
9.65463426644952,2.032283318520457,3.125,4161.994717325287,2
9.638592640759809,2.0703029655576146,3.125,4239.838068857196,2
9.631809535168305,2.087739259369569,3.125,4275.685047447173,2
9.634097296148786,2.081970023820929,3.125,4263.873510842834,2
9.646011980326008,2.0528297420668324,3.125,4203.939213166745,2
9.66718940191669,2.005192131393621,3.125,4106.428892744538,2
9.69490278039386,1.952532245019148,3.125,3998.143081618808,2
9.729433623458311,1.9034332595309609,3.125,3897.6524348388207,2
9.768613811184656,1.86312376098093,3.125,3814.6528107967506,2
9.809765403890212,1.8439383792151904,3.125,3775.663202553711,2
9.85152438771658,1.84745750105695,3.125,3782.511906662283,2
9.893758946716193,1.8729060946941387,3.125,3834.952030643197,2
9.931794176053579,1.9166365877188165,3.125,3924.549744578696,2
9.965683617826961,1.9736092687791453,3.125,4041.483977294424,2
9.99210558327089,2.0269758783747363,3.125,4150.984701820675,2
10.010363547878555,2.067959146119767,3.125,4235.081419533612,2
10.019978586971181,2.091741802190708,3.125,4283.872660577606,2
10.019627851446435,2.090854679200103,3.125,4282.051751532734,2
10.01056573970165,2.068318074830353,3.125,4235.840556339963,2
9.992137698989685,2.027352095155694,3.125,4151.703097971797,2
9.965763991994631,1.9759091397855333,3.125,4046.2609924634676,2
9.93288257012149,1.9243356713917923,3.125,3940.3086757909955,2
9.894746376745722,1.8800893582791898,3.125,3849.664380705643,2
9.852782347754303,1.8539056884355136,3.125,3795.7418925429574,2
9.810572731561981,1.8541846065845957,3.125,3796.591965315511,2
9.769426962522953,1.87452227182034,3.125,3838.0613300970954,2
9.730472972581895,1.9163649287313305,3.125,3924.1024161830787,2
9.695479175078455,1.9692670582739105,3.125,4032.417779232546,2
9.667389307298766,2.022327478500613,3.125,4141.505324483249,2
9.64656941183047,2.068312338325215,3.125,4235.681148325815,2
9.635030127275543,2.0952482578453924,3.125,4291.065883074368,2
9.632498435476316,2.101668570663758,3.125,4304.213125993736,2
9.639266085560415,2.0844207599686815,3.125,4268.756555352445,2
9.65307139581757,2.0511828619687993,3.125,4200.757779711543,2
9.677402472590405,1.9992362041066356,3.125,4093.718854541219,2
9.709674199018055,1.942362035501005,3.125,3977.5807508232742,2
9.746766215433686,1.8952906439907238,3.125,3880.421363484393,2
9.787686349110043,1.8615959712458958,3.125,3811.9291832648196,2
9.830233494244352,1.8522906838462323,3.125,3792.195215699006,2
9.874082362726579,1.8678475918383142,3.125,3824.636308974248,2
9.913345811515029,1.8976742618228257,3.125,3885.5702136332425,2
9.948161583754274,1.9449259798302594,3.125,3982.792860909523,2
9.979489193351913,2.002446074627077,3.125,4100.41188130043,2
10.001866908890577,2.0477728584773347,3.125,4193.781404833825,2
10.016101136073036,2.0830204496076568,3.125,4265.8622078348135,2
10.020899617430977,2.094975390230014,3.125,4290.474476430326,2
10.017733786056139,2.0867837296004614,3.125,4273.731129749659,2
10.003115405561342,2.0520994811886366,3.125,4202.201733617407,2
9.981290817409445,2.0058317518175377,3.125,4107.863918255623,2
9.951500618111355,1.950873171599403,3.125,3994.2515235469846,2
9.91541357098683,1.8994606841322348,3.125,3889.774063502713,2
9.876332371899814,1.8648535148838452,3.125,3817.7759729284658,2
9.834091148733883,1.8461800258797216,3.125,3780.4726733722496,2
9.791620950451064,1.8558276013775272,3.125,3799.265890600357,2
9.751380591207072,1.8832002258603584,3.125,3856.4231420938604,2
9.714662986263962,1.9316804315687055,3.125,3954.9735219077515,2
9.681850127816741,1.9842624956539605,3.125,4063.582687275589,2
9.655082794880059,2.0381045222078757,3.125,4173.431177698569,2
9.637410509475691,2.0793819582978483,3.125,4258.573820907427,2
9.628610275823904,2.1008359278985997,3.125,4302.369455791669,2
9.628634401066327,2.10077267463336,3.125,4302.239087562758,2
9.638863271740423,2.0763761037402557,3.125,4252.411155684615,2
9.65654834051675,2.037712016766821,3.125,4172.721489865258,2
9.682449223832398,1.98759964362527,3.125,4070.396047355923,2
9.714521535758998,1.9377438148733255,3.125,3967.5086470722126,2
9.753962462817057,1.8964190401667973,3.125,3883.2427883085356,2
9.796153890842788,1.8717738098751195,3.125,3832.138798347574,2
9.84001035138194,1.8744573994524363,3.125,3838.1406823875072,2
9.881434448717425,1.8962713822678021,3.125,3882.5442376842234,2
9.919819937192594,1.9375173735673015,3.125,3967.506470832421,2
9.954908345168501,1.9938874988026005,3.125,4082.7411021199005,2
9.98093685903556,2.0444453417646633,3.125,4186.923319945473,2
10.000355369555075,2.0879087914063224,3.125,4275.722050743407,2
10.011705674808589,2.1158331218593873,3.125,4333.223955447979,2
10.014987738870778,2.1243713972483724,3.125,4350.674104000931,2
10.006492310934261,2.1032546394090677,3.125,4307.128267996788,2
9.9901884626313,2.0646240195637433,3.125,4228.325308562422,2
9.963999522639508,2.0091753403356485,3.125,4113.734176721994,2
9.930971222145324,1.9543551326502113,3.125,4002.30157373686,2
9.893848081546263,1.9092520962309727,3.125,3908.6760078960697,2
9.853577949441663,1.8772584723316104,3.125,3844.2544209440102,2
9.810500433739506,1.8718547544575124,3.125,3831.7617972181006,2
9.766467684420563,1.8920191719037918,3.125,3874.4298085734504,2
9.726454967506406,1.932328124727967,3.125,3956.06587864503,2
9.690161323971934,1.9874540174767186,3.125,4070.0716071810666,2
9.660674185717001,2.042751497889711,3.125,4182.831764873775,2
9.639673956800346,2.08679384633213,3.125,4273.743819322698,2
9.626994641599294,2.1171273176782215,3.125,4335.652155407111,2
9.623793619255904,2.125130904191867,3.125,4352.159818670133,2
9.628058169772519,2.1143563750905336,3.125,4330.183344602681,2
9.643310879412534,2.078321742983474,3.125,4255.720131299765,2
9.66675317903023,2.0282685630740747,3.125,4153.838998192159,2
9.69665302810062,1.97523665935864,3.125,4044.0335210232533,2
9.733451594424997,1.9273172391868465,3.125,3946.8467576493504,2
9.772749676974879,1.8965736214351032,3.125,3882.6657739857947,2
9.815061069352902,1.8834419168868584,3.125,3856.82238137652,2
9.858059722969772,1.8935517609438866,3.125,3876.3994220432096,2
9.899438313103024,1.9208199287135739,3.125,3933.4673424840043,2
9.937112018267433,1.9708218804487319,3.125,4035.043957118902,2
9.968122925870414,2.0256980838368377,3.125,4148.534633654381,2
9.992696622132588,2.0791012161768756,3.125,4257.353212930556,2
10.008415541562698,2.1158019774132053,3.125,4333.153905964193,2
10.015954714848029,2.1352558237016486,3.125,4372.815903589524,2
10.012070909203,2.1252012763257717,3.125,4352.040872886598,2
10.000323682298765,2.0982328544491167,3.125,4297.1748394852775,2
9.981297015076182,2.0554688540938186,3.125,4208.718853778643,2
9.951665133595254,1.9980037956475998,3.125,4091.7500259890967,2
9.918354630168258,1.9501309349614258,3.125,3992.6465045928244,2
9.878824717150072,1.907512911504841,3.125,3906.1190835038865,2
9.837702949111417,1.88747906017969,3.125,3864.1710281607448,2
9.794357371805559,1.8867263359183264,3.125,3863.400448830491,2
9.754139590691228,1.9134516819130676,3.125,3917.676216570285,2
9.716618462505,1.9571448814653922,3.125,4007.794157639763,2
9.684380417729038,2.008505266370157,3.125,4112.784072102845,2
9.65866533826677,2.0601099755954153,3.125,4218.970509738714,2
9.640286714602649,2.102364547303725,3.125,4305.426666352649,2
9.630977874099493,2.12487311175712,3.125,4351.738248544501,2
9.630767850798216,2.1254180652808796,3.125,4352.853397858168,2
9.638523595615485,2.106140902789352,3.125,4313.213434970106,2
9.656739681631386,2.063630568044085,3.125,4226.138610420759,2
9.683364961181605,2.011922143187963,3.125,4119.801179463324,2
9.715896238882088,1.9564589662984908,3.125,4006.3549732554675,2
9.754602661085737,1.9112678004856791,3.125,3913.1445504219923,2
9.795540625765975,1.8840361088323143,3.125,3857.8838549796815,2
9.839685548966655,1.876397577848114,3.125,3841.4004602527284,2
9.881259265253716,1.8962219457943597,3.125,3883.0104621903015,2
9.921317655419779,1.9363668663398197,3.125,3964.3786823697083,2
9.95633633890071,1.9862832390622176,3.125,4067.710671165819,2
9.986257749643231,2.042161264482399,3.125,4181.518554473267,2
10.006453693015873,2.087496481718138,3.125,4275.19277712374,2
10.018427128379436,2.116324418442069,3.125,4333.94330885944,2
10.019672164596871,2.1194939706781635,3.125,4340.491967221579,2
10.012088969456407,2.101430021136767,3.125,4303.709595058292,2
9.997768063816146,2.066973190701562,3.125,4232.542904916551,2
9.972515592030467,2.0129212450371643,3.125,4122.335584749455,2
9.94135095472823,1.9619462147914442,3.125,4016.9553441026687,2
9.904409877778363,1.915683591946721,3.125,3922.9381243795424,2
9.863075551155639,1.8832020235238047,3.125,3855.22868675854,2
9.819644395864936,1.8668750674252579,3.125,3822.851983674609,2
9.777415455186524,1.881075728137008,3.125,3851.0073739594527,2
9.735657308030987,1.9171106047950501,3.125,3925.7642857664605,2
9.699722369640812,1.965258547045789,3.125,4023.975866707181,2
9.668821135270091,2.024133680101387,3.125,4145.210717998252,2
9.64707464521768,2.0685786211505235,3.125,4236.17821096995,2
9.63151885973937,2.104505500026081,3.125,4309.993560574921,2
9.626746486355652,2.1165850363135847,3.125,4334.765105394562,2
9.63177533127559,2.10333028371808,3.125,4307.552837986979,2
9.645304788590272,2.069689428455651,3.125,4238.5998300236,2
9.66774847941978,2.018030346375549,3.125,4132.486076891835,2
9.696291164177381,1.9624018629228683,3.125,4018.60423569414,2
9.730708192357467,1.9154154645904804,3.125,3921.907417900117,2
9.769386258177002,1.8782124016537183,3.125,3845.9047155049466,2
9.811279155256795,1.8633857032821814,3.125,3815.0589215641007,2
9.855124680706442,1.8694346085287745,3.125,3827.7748638411563,2
9.896068683761877,1.9003169657398133,3.125,3890.959140820787,2
9.932966233625603,1.9448749787245434,3.125,3982.576311492423,2
9.965674826478025,2.000415942595899,3.125,4096.283590440884,2
9.990594629044516,2.0532858427439313,3.125,4204.98959627054,2
10.006288513723527,2.088541927302039,3.125,4277.220760792141,2
10.014491556157054,2.1089641881391836,3.125,4319.157438287474,2
10.012704144123106,2.1044624755225345,3.125,4309.925739413914,2
10.0034142127633,2.0816645563349656,3.125,4263.156223648401,2
9.984758738484862,2.0370260809315077,3.125,4171.53820283435,2
9.956553925584073,1.98306774077722,3.125,4060.7799111665468,2
9.920787638302246,1.9279756806163302,3.125,3947.7165646700623,2
9.881472313325457,1.8877365724323267,3.125,3865.279217332488,2
9.83855254341679,1.861111042003546,3.125,3810.46349051283,2
9.795771796080782,1.8612817861234394,3.125,3811.111066965592,2
9.755187820072836,1.8853089349802858,3.125,3860.218658777289,2
9.715524182984732,1.9248808890948093,3.125,3941.4345220754303,2
9.682002276883638,1.977413349076948,3.125,4049.2968572926375,2
9.654829209301157,2.029058213198213,3.125,4155.195243128048,2
9.635997581138376,2.0695587410720533,3.125,4238.372141706767,2
9.62424675166419,2.098235222069844,3.125,4297.1273263538,2
9.622328669454255,2.1030189644756847,3.125,4306.958852701748,2
9.629889039442812,2.08443322577822,3.125,4268.88417731896,2
9.646764531274933,2.045759456380133,3.125,4189.383094899284,2
9.671469974338759,1.9965342859709274,3.125,4088.6088757002994,2
9.702792157509077,1.9439396547465155,3.125,3980.4212652456035,2
9.74089407841226,1.898920014302715,3.125,3888.2683618722185,2
9.78177991985426,1.872407239293212,3.125,3833.6863115698984,2
9.825537826904888,1.8657019380074702,3.125,3820.0002999554563,2
9.868583947206266,1.880378757129783,3.125,3850.0754856219373,2
9.909254428278555,1.9191171920601764,3.125,3929.5935562356935,2
9.94453521838692,1.9722579430272729,3.125,4038.6575772361393,2
9.97353986975769,2.0219883634755496,3.125,4140.687756092522,2
9.995339046244277,2.0700869748087456,3.125,4239.37840300771,2
10.008825086474754,2.1019669137873143,3.125,4304.783863101477,2
10.012457557551057,2.1110432374363004,3.125,4323.4144093531895,2
10.007596753527425,2.0987582091570505,3.125,4298.226638981555,2
9.993004156571565,2.063240603291846,3.125,4225.279897427288,2
9.970201772473724,2.014860502334842,3.125,4126.137024963641,2
9.939145724435853,1.958086232371866,3.125,4009.420661745866,2
9.902135813965497,1.9092292831489674,3.125,3909.437870908727,2
9.861640276239369,1.875077447533819,3.125,3839.1224099213455,2
9.819865263832218,1.8621929346356196,3.125,3813.0097327653098,2
9.778673203091467,1.8748096929138047,3.125,3838.6270618283556,2
9.737100676886852,1.9029561808824567,3.125,3896.462516600047,2
9.700459066809357,1.950151884482976,3.125,3993.320603627986,2
9.669507927044618,2.005735216701022,3.125,4107.345948993924,2
9.646002921118974,2.0547658081521836,3.125,4207.974236638813,2
9.630615118688048,2.0909813605909453,3.125,4282.259636051652,2
9.623557117400347,2.108109937122607,3.125,4317.406183821884,2
9.626345023408813,2.101102963488001,3.125,4303.026238371038,2
9.639266036976231,2.0693036091234003,3.125,4237.770496124935,2
9.659686678927018,2.024452684325902,3.125,4145.808661560069,2
9.689765101150314,1.9661355488510486,3.125,4025.938054828932,2
9.723588278434638,1.9198544497978987,3.125,3931.3864990409784,2
9.762347916415393,1.879860431168367,3.125,3848.8208789611144,2
9.804727911845417,1.8615073159894935,3.125,3811.638791430926,2
9.847764494717367,1.8635073052281192,3.125,3815.2655300861675,2
9.889854182248722,1.8892913251918895,3.125,3868.6117401011893,2
9.927212684462317,1.9274570400549595,3.125,3946.6573312888195,2
9.960561472167914,1.977092111327564,3.125,4048.6889640702375,2
9.986168803987372,2.0271959348773465,3.125,4151.416560515167,2
10.00549681878778,2.0708570190690794,3.125,4240.996245602894,2
10.014038605628674,2.0916565315216493,3.125,4283.710838029046,2
10.013953055252077,2.0914360673417973,3.125,4283.258989544571,2
10.004901479785762,2.068556286255974,3.125,4236.270734331048,2
9.986033683933956,2.027054334908758,3.125,4151.167375182608,2
9.958240924971193,1.972385032173784,3.125,4038.8547863248778,2
9.925531993959005,1.9169239583619004,3.125,3925.3529250766296,2
9.887926474718965,1.8782818213922117,3.125,3845.7419563821863,2
9.847321162140693,1.8498019435291464,3.125,3787.6752181018455,2
9.804539627437176,1.848027070822902,3.125,3783.57561673056,2
9.761418437785755,1.867436152063687,3.125,3823.7637705923466,2
9.720887556174276,1.9034793827158498,3.125,3897.3832980213224,2
9.687463220886404,1.9535561826666663,3.125,4000.589515081847,2
9.66035755342486,2.0065192860092975,3.125,4108.882460849982,2
9.640568640437085,2.0511994991711964,3.125,4200.812187697748,2
9.629015031359554,2.0791072328651667,3.125,4257.914159444071,2
9.626343588407229,2.0858765774158012,3.125,4271.838642636885,2
9.63371266731521,2.0679926672977005,3.125,4235.228759858389,2
9.649378830636094,2.0312413160040035,3.125,4159.660995055002,2
9.672349697817689,1.9814731648775545,3.125,4057.8335208002445,2
9.703573154393753,1.9290035011029023,3.125,3949.715133279644,2
9.739015689143645,1.8850785307603752,3.125,3860.2003152284815,2
9.779278992174197,1.8499032473747121,3.125,3787.2599705463685,2
9.822094034233526,1.839995168837941,3.125,3767.7029653801974,2
9.864617956783071,1.8532877092903322,3.125,3794.2216976935633,2
9.904889233393334,1.8884375840321006,3.125,3867.061505852281,2
9.941745833729083,1.9407403217105639,3.125,3973.6547115883777,2
9.972297990102565,1.9939324338340125,3.125,4083.4200055979845,2
9.993728680368077,2.039069504902383,3.125,4175.68037778302,2
10.00788662866917,2.0729834917079777,3.125,4245.466245201699,2
10.012335612457516,2.084190927591091,3.125,4268.4038312816265,2
10.008810276391612,2.0752250752043557,3.125,4249.972113784682,2
9.995567274547893,2.0423650211218276,3.125,4182.672812260617,2
9.972893987378411,1.992519342106449,3.125,4080.1542387646314,2
9.945171870153576,1.9427121646293952,3.125,3978.3938960808423,2
9.911078124302886,1.8904731084192161,3.125,3870.6624049309935,2
9.871176411156746,1.854751980695184,3.125,3797.9038866860546,2
9.829675098369265,1.8383386691203147,3.125,3763.7391464678713,2
9.786888632411738,1.843411827084312,3.125,3774.5836786063537,2
9.745867312908567,1.8703832956909485,3.125,3829.5335933141137,2
9.708353889779113,1.9165065949495539,3.125,3924.5266677166196,2
9.674839441049585,1.9761031543851653,3.125,4046.379115138336,2
9.651648697399299,2.022900775633307,3.125,4142.850260565489,2
9.635927269236863,2.058719496119603,3.125,4216.020664368988,2
9.628304791841549,2.077285865849348,3.125,4254.261365162521,2
9.629594161339563,2.074037397719643,3.125,4247.621637925019,2
9.639241809174512,2.0501758730861477,3.125,4198.489803698552,2
9.658653296442953,2.0064786941188864,3.125,4109.139858611836,2
9.686863287511253,1.9515587975959345,3.125,3995.9494000375093,2
9.720847976542428,1.9003280854764597,3.125,3891.48775257521,2
9.760285291467738,1.8601465968633561,3.125,3808.223197615512,2
9.802635587208044,1.8399508916017688,3.125,3767.654466148272,2
9.84483870668401,1.838621790463759,3.125,3764.155867467789,2
9.88638751855214,1.861864045993442,3.125,3812.5762424400336,2
9.92494762793887,1.9029704071082916,3.125,3896.2368569444075,2
9.958102380786556,1.9551721915384355,3.125,4003.9647289007685,2
9.984755148211402,2.0077482751149383,3.125,4111.337379871783,2
10.003775190465396,2.048897343924069,3.125,4196.124338651397,2
10.012868738646675,2.07082805291958,3.125,4240.97771216811,2
10.014409765148018,2.0747186097043264,3.125,4248.9796979738285,2
10.006222003828773,2.0542548782951937,3.125,4207.088153731648,2
9.991637947241264,2.020735194204489,3.125,4138.216417094802,2
9.965993208018217,1.9717136290084507,3.125,4037.632209956709,2
9.934123643457626,1.9206442209874908,3.125,3932.8694605537084,2
9.89609214490239,1.8741172369561232,3.125,3837.308227484467,2
9.855142198886186,1.8483511416105687,3.125,3784.5895007589797,2
9.811843933167902,1.841360578425869,3.125,3770.011473051641,2
9.770006147586653,1.8535856665047405,3.125,3795.4261315485255,2
9.731303743494589,1.8921041993951047,3.125,3874.2112307656334,2
9.696545467093712,1.944930065355872,3.125,3982.769944768349,2
9.666125566972601,2.000402246984582,3.125,4096.322261979371,2
9.644805349570552,2.048184137896733,3.125,4194.615246154879,2
9.631547689951697,2.0785037767166763,3.125,4256.657862615514,2
9.627799535080877,2.0880387066967803,3.125,4276.273098604161,2
9.633669676708609,2.0731891054477254,3.125,4245.882833274641,2
9.648158097062058,2.0390613773211905,3.125,4175.679918585707,2
9.669822289155839,1.9922560514708358,3.125,4079.9667647685305,2
9.699431960144459,1.9385107478522827,3.125,3969.217541563814,2
9.734885498747007,1.8892765632271082,3.125,3868.7744348532847,2
9.775593143369257,1.8570957081934827,3.125,3801.983934415523,2
9.818826600604204,1.8451175410935758,3.125,3778.167973602202,2
9.860602783042522,1.8576102148246894,3.125,3803.1864365124015,2
9.901883369253824,1.8914310280666002,3.125,3873.053173084065,2
9.939875277786896,1.9375915991620325,3.125,3967.292131371471,2
9.970415423028864,1.9906717784138652,3.125,4076.7058807617827,2
9.994103095954939,2.0385937020739746,3.125,4174.635174377594,2
10.010723097909366,2.0764934337653127,3.125,4252.645107141306,2
10.016393660620064,2.090363171646318,3.125,4281.043988357201,2
10.0138322037013,2.0838912059871686,3.125,4267.743353897124,2
10.000941598114265,2.0532125474601415,3.125,4204.872513979888,2
9.97980952827205,2.004791762931594,3.125,4105.4171956493,2
9.951704960314528,1.9519495138877248,3.125,3997.180034262659,2
9.918496201053385,1.9038560080600535,3.125,3898.356574337353,2
9.878710576445606,1.8656761355294131,3.125,3820.0212172857873,2
9.837387004517229,1.8465329410825269,3.125,3780.8343025880304,2
9.792805769491157,1.8529796409311987,3.125,3793.719917597678,2
9.750717209386012,1.878192825398361,3.125,3845.8708705882323,2
9.712927285459108,1.9222708713269423,3.125,3936.0135773786174,2
9.679930996803463,1.973880759191577,3.125,4042.147315362167,2
9.65169263801062,2.0284488513889203,3.125,4153.8042104720535,2
9.633399746496902,2.0711090565913053,3.125,4241.608752112819,2
9.623450229474447,2.0955188295544374,3.125,4291.532596048611,2
9.623060473169332,2.0964978172661097,3.125,4293.547832837097,2
9.631765659752617,2.075189248482927,3.125,4249.975116211633,2
9.650692805922763,2.032654773888687,3.125,4162.322101628574,2
9.67874200161538,1.9744736600752992,3.125,4043.446995261825,2
9.710166646553882,1.9256587802039764,3.125,3942.9433975101338,2
9.747006187010161,1.8852688197052427,3.125,3860.4383934654065,2
9.787506115890846,1.860893414823969,3.125,3809.9790956405564,2
9.829160192454822,1.8554862761331583,3.125,3799.360631742452,2
9.872229712352967,1.8756447532934206,3.125,3840.049512282968,2
9.911208776873972,1.9146375759587158,3.125,3920.77245748196,2
9.944561489598753,1.9640974825295063,3.125,4021.709966978549,2
9.971914316183755,2.016324202686446,3.125,4129.298664415834,2
9.991757912990051,2.061817029554476,3.125,4222.317281034004,2
10.0027412694601,2.0893292678484405,3.125,4278.945054448904,2
10.006828501760715,2.0998293434189867,3.125,4300.401729732995,2
9.9998351579066,2.082377391503838,3.125,4264.420193682898,2
9.985353279142998,2.0471402755297046,3.125,4192.52934539326,2
9.961698437793904,1.9970279353081646,3.125,4089.0060832051277,2
9.931105707331223,1.9428626781370892,3.125,3978.796109630333,2
9.895008030947997,1.8983576239239108,3.125,3886.3926715699185,2
9.855689124882106,1.8691357441973482,3.125,3827.6561370416807,2
9.813185952864064,1.85802206337236,3.125,3803.418380439596,2
9.770366176726345,1.8720710386153465,3.125,3833.650857086037,2
9.729238763490708,1.9036939239903408,3.125,3897.1546073267073,2
9.694997013678632,1.951213793290441,3.125,3996.0071512247973,2
9.665023104300488,2.0056294725582298,3.125,4106.3715265505225,2
9.642330533065259,2.0541938004689486,3.125,4206.986503818465,2
9.628928238991342,2.0859486369979416,3.125,4271.593123454012,2
9.623602775812802,2.099454076527274,3.125,4299.510137847057,2
9.626407048483152,2.092559753511923,3.125,4285.479664960231,2
9.63966154380844,2.060899085628102,3.125,4219.93380627257,2
9.6616102627703,2.0123256683719672,3.125,4121.231762109184,2
9.691557087661703,1.9570940733363036,3.125,4006.567719783108,2
9.727467169741884,1.906263495064836,3.125,3903.886466366698,2
9.767125084835138,1.8739194734770952,3.125,3835.7735650406057,2
9.808850489462316,1.8559782151816526,3.125,3800.8231498135806,2
9.85140216467386,1.8632345180524583,3.125,3813.7832586922073,2
9.891300247787077,1.8897405722964293,3.125,3870.066748615119,2
9.930003267584281,1.9361720383219962,3.125,3963.3139040142987,2
9.962797109091882,1.990450830629319,3.125,4076.4366123200452,2
9.98841596781418,2.0417664776862274,3.125,4180.37654165224,2
10.004762076188378,2.0806408723293757,3.125,4261.038362800124,2
10.012232530508197,2.099656298713251,3.125,4299.639224064377,2
10.01075485860559,2.095911013891459,3.125,4291.874008165549,2
10.000015845849703,2.0687878420353734,3.125,4236.811551491972,2
9.980828015460316,2.025051362896849,3.125,4146.039234437685,2
9.953992683928503,1.9727057173111788,3.125,4040.0933379513726,2
9.921290114971626,1.9224956079573965,3.125,3935.337046771653,2
9.882609742533518,1.8811296072959032,3.125,3852.4239757211635,2
9.840911490159684,1.8626263193088206,3.125,3812.3262339488847,2
9.798099283584794,1.8620280503961963,3.125,3813.2651689417403,2
9.757008938558096,1.8873064813417353,3.125,3863.103147068743,2
9.717968512173917,1.928452153973327,3.125,3949.369237713218,2
9.68425409771823,1.980605708554832,3.125,4054.8205224984745,2
9.656411058841796,2.034330566938609,3.125,4166.306324012027,2
9.63741910076,2.0779883074376144,3.125,4255.067613891176,2
9.626946241197171,2.1031230465205795,3.125,4307.084583576888,2
9.626300782312995,2.1048413667272623,3.125,4310.58335003236,2
9.6342815898662,2.0848972781359456,3.125,4269.345203208286,2
9.650327394654239,2.046724550778124,3.125,4191.691876072895,2
9.675001731616153,1.996655690792081,3.125,4087.9084035506658,2
9.707530949535016,1.9410728779064506,3.125,3975.189482441703,2
9.745748220396129,1.8942532382481503,3.125,3877.5480700116364,2
9.787522217784652,1.8653031763060595,3.125,3819.8721556502414,2
9.830564577724147,1.8586917028775976,3.125,3804.557239093871,2
9.872926633039658,1.874443478326419,3.125,3838.6224670264155,2
9.911342876602518,1.909820703851533,3.125,3909.748057384824,2
9.945856416227944,1.9582086205544553,3.125,4010.314529425044,2
9.974588453165383,2.0089234419586015,3.125,4113.2965809561665,2
9.996034909962647,2.0544001826625156,3.125,4207.4112243829095,2
10.009372490773215,2.0860481628120944,3.125,4271.839391925346,2
10.015851586061029,2.102519025204429,3.125,4305.850669869324,2
10.011470722107289,2.0910491056263907,3.125,4282.451453172203,2
9.997932809724196,2.05852262414928,3.125,4215.30157046411,2
9.97560620947476,2.012287863295968,3.125,4121.094305364104,2
9.945754053380659,1.96020986900279,3.125,4013.334650256331,2
9.91022418016709,1.9105980180006799,3.125,3912.6303221783423,2
9.870032393944799,1.8764428083848586,3.125,3841.2777876678965,2
9.82664986900196,1.86052216548466,3.125,3809.9028418995754,2
9.78372916674583,1.8735144944635145,3.125,3835.3342951561476,2
9.742038824202169,1.9027984137694545,3.125,3896.555913686233,2
9.704821822124515,1.9503291983626632,3.125,3993.125694322473,2
9.672280379258561,2.007418541841094,3.125,4111.03239286718,2
9.647589716287914,2.0605356572355977,3.125,4219.463801338767,2
9.632375481392339,2.095166105714721,3.125,4290.899407246259,2
9.625588100245595,2.1120137774717267,3.125,4325.291963693162,2
9.62852607242289,2.104518737268644,3.125,4309.8353512475205,2
9.640486314436107,2.0757542735808947,3.125,4251.139385239911,2
9.660731641882167,2.0320136577470156,3.125,4160.8534253225325,2
9.68938258417746,1.9778576799194387,3.125,4050.4467257219712,2
9.724170666671492,1.9266431879723838,3.125,3944.5093387192846,2
9.764447144932692,1.8917327634946002,3.125,3873.7758516591234,2
9.806815585441527,1.8712267198362922,3.125,3830.7952577363685,2
9.850366049873807,1.8756263929235804,3.125,3840.712036768672,2
9.891393798023032,1.9006409438155445,3.125,3891.300054853044,2
9.928645032294273,1.9400150841532289,3.125,3972.809114010878,2
9.960758928525964,1.9911188041221988,3.125,4077.0566869058985,2
9.986522869494967,2.0427338690278742,3.125,4183.43060505382,2
10.004985816718749,2.087178675321248,3.125,4274.252175592537,2
10.015840945477322,2.114211407662795,3.125,4329.90275026138,2
10.015656977438594,2.113749497549823,3.125,4328.95747227176,2
10.008249096785537,2.095507492555896,3.125,4291.459501972055,2
9.989585414288008,2.052475153768192,3.125,4203.247588184861,2
9.963785061781694,1.999786571858141,3.125,4095.0771955386813,2
9.931172575971365,1.9472248592143193,3.125,3987.309751331861,2
9.892591858603925,1.9038368490405282,3.125,3898.122747405719,2
9.8514360585963,1.8765702166629958,3.125,3842.413913629554,2
9.80917548696266,1.872440804775725,3.125,3833.7244547923306,2
9.766884619533897,1.890775357934194,3.125,3871.503585602564,2
9.727135260750696,1.9307540606556777,3.125,3953.3707186479123,2
9.692846220502277,1.9803530350408465,3.125,4055.3408427986665,2
16.727666733794617,156.79090750787802,1.5625,321107.6948433198,3
16.879005835063364,153.21688865826968,1.5625,313737.2341851984,3
17.03105255634218,149.5827531236848,1.5625,306345.41217188555,3
17.182399820281855,145.89192306392187,1.5625,298736.1555481899,3
17.333307082757493,142.17072373417884,1.5625,291165.5653371547,3
17.48652513568957,138.35976727244756,1.5625,283308.8032269302,3
17.638536028998274,134.51177675502686,1.5625,275480.0086466388,3
17.248240914877098,130.68534113872036,1.5625,267343.2200964522,3
16.857192411537454,126.60217869605111,1.5625,259281.1280285122,3
16.46577153420463,122.17690433472262,1.5625,249917.35712832026,3
16.07293560015008,117.41184101489559,1.5625,240459.2654833138,3
15.680417056339985,112.35708922220184,1.5625,229806.87391717348,3
15.289291129661756,106.97831549421092,1.5625,219091.45544680796,3
14.897266333940768,101.29780098763926,1.5625,207156.03978068195,3
14.505877209957191,95.34458789840956,1.5625,195265.60161790554,3
14.114718899752866,89.09323557325844,1.5625,182161.4526615068,3
13.723363714480485,82.51869478032211,1.5625,168998.16640576866,3
13.331111596432375,75.62812676521227,1.5625,154583.49858100014,3
12.940688209361264,68.45263343437016,1.5625,140190.92337764072,3
12.550485627842278,60.98612032496676,1.5625,124597.01711445507,3
12.159085643382584,53.22022006293839,1.5625,108994.90920416047,3
11.769025224385365,45.147069689729115,1.5625,92160.74667127477,3
11.377503725610314,36.72686980023378,1.5625,75216.4813663176,3
10.985684619307044,27.988349086447762,1.5625,57019.21979156874,3
10.595291570543175,19.006612219986646,3.125,38925.439329474255,3
10.203098970287652,9.654853001786792,42.1875,19469.3877505603,3
9.810599167204076,0.001416262549680968,42.1875,2.7889136062578923,3
9.809378135362794,0.0013787743572621055,42.1875,2.7460024301037556,3
9.807282932722112,0.0014551258744714554,1.5625,2.8405100073638865,3
9.808524282161251,0.0013815652657281075,1.5625,2.6447248894769015,3
9.806807109802891,0.001463834759237767,1.5625,2.7403754104226,3
9.80647745509299,0.0014502762471039154,1.5625,2.727527319691349,3
9.80690171854885,0.001462482197676543,1.5625,2.771071643873782,3
9.808005564589092,0.001499757784116181,1.5625,2.797621461859961,3
9.808364168038121,0.0014689323932649224,1.5625,2.751213713117959,3
9.807857361338826,0.001460656981886732,1.5625,2.757001198059507,3
9.808419019521988,0.0014389178948881328,1.5625,2.7364467027931036,3
9.808648382998344,0.0014481845986374505,1.5625,2.7457935733181986,3
9.808516173994306,0.001443062885081841,1.5625,2.7296547358627175,3
9.807575289216771,0.0013943629642732224,1.5625,2.6685650151550377,3
9.807228553276946,0.0013738212729823623,1.5625,2.61267504437805,3
9.807137908630049,0.001376830835265478,1.5625,2.622499184007407,3
9.805528993965952,0.0012723607854223174,1.5625,2.3385679884272452,3
10.040265357612839,3.4869555036697593,1.5625,7017.187608492895,3
10.274322662455235,6.833760475369432,1.5625,13995.241510435357,3
10.507605441706323,10.057067886653599,1.5625,20473.557469799078,3
10.74210719176589,13.179577786271183,1.5625,26991.532743817515,3
10.97625979543357,16.219848930108494,1.5625,33095.283722691864,3
11.211048618313823,19.13808306831611,1.5625,39194.579092944856,3
11.445837771833387,21.960177861329463,1.5625,44851.47704198086,3
11.68097950020363,24.660042568386096,1.5625,50503.56669229145,3
11.914793500871115,27.256305190215656,1.5625,55699.2747976831,3
12.149255205930722,29.714707076437623,1.5625,60855.54499478253,3
12.382809868522266,32.072893676793825,1.5625,65564.55176901148,3
12.61785598937476,34.35094982388895,1.5625,70350.62207261586,3
12.853068796754094,36.50311975904564,1.5625,74637.48895657911,3
13.086534028451078,38.52374852662899,1.5625,78896.45205037424,3
13.31962893260238,40.4404669730767,1.5625,82701.54431858755,3
13.553481820202466,42.2528576125727,1.5625,86533.6957843739,3
13.787941461605202,43.97881554803309,1.5625,89947.47852745134,3
14.023121798951733,45.578581131264826,1.5625,93344.80230069206,3
14.257019233334157,47.05960778524076,1.5625,96258.21564100432,3
14.491983863317234,48.45125597445092,1.5625,99228.07312136983,3
14.340352542440563,51.31292406312106,1.5625,105046.00231285757,3
14.188066026074257,54.152039974933125,1.5625,110903.25920563133,3
14.036826590203939,56.908803072347126,1.5625,116506.98076492548,3
13.884525571410553,59.63940932889632,1.5625,122141.35623616661,3
13.732979685823848,62.337420846750874,1.5625,127625.23304274643,3
13.582168588936115,64.96939651727244,1.5625,133057.1949967327,3
13.42864437391179,67.59210273599813,1.5625,138385.21874523247,3
13.278179470684627,70.11942142752268,1.5625,143604.52632413455,3
13.126661163922785,72.60283192024319,1.5625,148646.56167816202,3
12.975019251393183,75.07260225876668,1.5625,153748.63816485618,3
12.823516037352682,77.4840858120102,1.5625,158643.4529160005,3
12.671112685545364,79.88006903903761,1.5625,163594.3100256457,3
12.520719814751752,82.18214328123969,1.5625,168266.2727540835,3
12.367545824807163,84.48001759913598,1.5625,173014.92159103666,3
12.215996943986584,86.707105501313,1.5625,177534.3517604303,3
12.065052407059259,88.87720321009667,1.5625,182020.37847119165,3
11.914303032095175,90.9966201116438,1.5625,186319.39180800642,3
11.762263916825626,93.09723781559019,1.5625,190662.96325225767,3
11.612503131024187,95.11038761046044,1.5625,194745.7084117881,3
11.461861314275826,97.07656293806664,1.5625,198812.58570116965,3
11.311059601037034,99.00246006222501,1.5625,202716.58079341907,3
11.160888816895046,100.89184370861193,1.5625,206626.3063946459,3
11.009545369261119,102.73747578544683,1.5625,210365.21507933552,3
10.858265964438578,104.5458979848988,1.5625,214109.81206752505,3
10.70676492976945,106.31420217407549,1.5625,217690.22196645348,3
10.555201149185276,108.03586353668616,1.5625,221257.25905363937,3
10.404831415499267,109.69606845662081,1.5625,224616.97542172726,3
10.254258693803873,111.32334970923881,1.5625,227990.02265349546,3
10.103216850719159,112.90198168408116,1.5625,231182.4148042579,3
9.953012134853681,114.43755510840366,1.5625,234367.94755221644,3
10.34367580583724,123.94700502212837,1.5625,253516.36279344172,3
10.735952183840299,133.15905978618912,1.5625,272709.643152966,3
11.127243585376098,142.08550054338033,1.5625,290665.61199924187,3
11.518056423284209,150.69746138268206,1.5625,308628.27470376977,3
11.908797026289452,159.02018441445196,1.5625,325347.96251059003,3
12.300894720328028,167.03384629610542,1.5625,342085.2308709079,3
12.691462309052918,174.69056575598069,1.5625,357443.3967956247,3
13.081344785964145,182.01770073151567,1.5625,372772.14557238016,3
13.472175210208881,189.10415030057598,1.5625,386960.87439856643,3
13.862986916964756,195.8746621198548,1.5625,401151.2019446528,3
14.253745347516297,202.321958116547,1.5625,414031.031653034,3
14.644771675112088,208.4919718172677,1.5625,426991.4599551718,3
15.035750258386148,214.32438343050333,1.5625,438612.076515787,3
15.427919322841863,219.89701913168932,1.5625,450349.0277398506,3
15.584188391106693,224.38309580567017,1.5625,459482.8274639268,3
15.739744849941335,228.7736798531228,1.5625,468528.41110748396,3
15.895461690894791,233.11193009953348,1.5625,477359.37361822027,3
16.05335376289048,237.49021562536387,1.5625,486379.92415656557,3
16.209608424206436,241.7755956279077,1.5625,495103.64276307786,3
16.365890300087113,246.00607118187347,1.5625,503820.3968114181,3
16.131509077302816,245.48919193651548,1.5625,502653.4009859406,3
15.897968181652162,244.86291592164537,1.5625,501479.22801615414,3
15.663596374829543,244.13578337739878,1.5625,499880.8356070149,3
15.429541096688387,243.32075023884937,1.5625,498320.87691153516,3
15.195441198771034,242.39157866166394,1.5625,496308.6621336304,3
14.959964197625984,241.32966264442967,1.5625,494243.10819450865,3
14.725234936199303,240.16386645120184,1.5625,491747.0138996347,3
14.491576406417979,238.9102030310288,1.5625,489288.07215775945,3
14.258063287910874,237.54352835211748,1.5625,486380.69857351435,3
14.023915240334487,236.0631569353521,1.5625,483457.31209060445,3
13.789662459493949,234.44622398421643,1.5625,480037.3204891754,3
13.555074873300896,232.7321968622984,1.5625,476635.50010054087,3
13.320867624257248,230.92497889545027,1.5625,472826.16890133865,3
13.087668255773854,228.97164441428117,1.5625,468933.9046386371,3
13.23956385398446,226.488072180894,1.5625,463798.2061856796,3
13.393099915015746,223.9290058281363,1.5625,458606.5978801169,3
13.544331529817777,221.367014424852,1.5625,453311.7344853617,3
13.695889742477064,218.74575191026557,1.5625,447991.295938236,3
13.848576845727038,216.0497270050793,1.5625,442421.22000315355,3
14.000713501377117,213.3262615440615,1.5625,436892.17590703774,3
14.154139406176224,210.5287440951469,1.5625,431113.4299388072,3
14.305099717988066,207.7333453714498,1.5625,425437.85150851274,3
14.456461886021328,204.89426307955904,1.5625,419573.75674973766,3
14.609357667608329,201.96313630564273,1.5625,413620.48622103466,3
14.761707893801091,199.0021537458519,1.5625,407507.0643102848,3
14.916379117439423,195.94590551596627,1.5625,401297.21386718063,3
15.06745229814875,192.91605290528784,1.5625,395044.99092652387,3
15.221671309411217,189.77990086538665,1.5625,388669.2232191599,3
15.372984101437144,186.64443788280258,1.5625,382202.5110186989,3
15.525043771006176,183.46298484904304,1.5625,375732.1701475918,3
15.676184771379432,180.2503290807946,1.5625,369107.93408285227,3
15.8292489384888,176.94727150231665,1.5625,362387.9553421616,3
15.979626935597759,173.66346065120433,1.5625,355619.63896876905,3
16.130684527068304,170.33092982281997,1.5625,348837.6719908051,3
16.281878244850798,166.94636628824938,1.5625,341862.94876236655,3
16.432528066480682,163.51254982772852,1.5625,334873.64239047235,3
16.584449884662206,160.01766137187653,1.5625,327672.20099939965,3
16.737168594641705,156.45689056361957,1.5625,320423.63330034533,3
16.889056942526892,152.85587578268863,1.5625,313005.3610549355,3
17.041597902383053,149.20016021563782,1.5625,305561.83211813914,3
17.19291200607542,145.530058412787,1.5625,298002.8161422051,3
17.343590690634827,141.8116235623658,1.5625,290430.126044976,3
17.495134192079565,138.03807469100377,1.5625,282658.72020268836,3
17.646346323061447,134.2208785631742,1.5625,274884.2884922191,3
17.2561037290023,130.41095228901898,1.5625,266760.27245585056,3
16.86463889484681,126.3027610433133,1.5625,258668.01018844673,3
16.473338424461165,121.86642793195287,1.5625,249261.3532003608,3
16.081809192168908,117.13662695329121,1.5625,239895.77182914244,3
15.690209413342252,112.08510141573385,1.5625,229229.0820694527,3
15.299208613614407,106.7172874320454,1.5625,218556.95288899983,3
14.90822857545044,101.10179512679478,1.5625,206735.30446684736,3
14.518352830975472,95.19913666693894,1.5625,194967.7548827208,3
14.126726994551692,88.93730998373596,1.5625,181819.59388756013,3
13.735978039182,82.37245284107279,1.5625,168698.68280777035,3
13.344615890682157,75.52481194104222,1.5625,154349.7981015992,3
12.953546467202464,68.338277652641,1.5625,139956.68344254818,3
12.56281708025848,60.87629279200375,1.5625,124350.18549480733,3
12.170692954463473,53.0562340782965,1.5625,108659.09593209167,3
11.77990423974613,44.94360084936927,1.5625,91722.20591214801,3
11.389665406367914,36.60821219056829,1.5625,74973.53318234229,3
11.000168688913243,27.98345945525984,1.5625,56989.04104778957,3
10.608082167608062,18.93342442688965,3.125,38775.622599812654,3
10.217439967418404,9.611822035411203,7.8125,19366.265777161283,3
9.826998110031065,0.0013522201537189288,42.1875,2.735464872784012,3
9.827010055478556,0.001352806082188384,42.1875,2.7368635752731745,3
9.825905226357088,0.0013076294182068108,1.5625,2.6601944680739193,3
9.825756545514414,0.0013071735580415683,1.5625,2.657418656900266,3
9.826392992924498,0.0012972499148194106,1.5625,2.6281858504398112,3
9.82704845227775,0.0012973947796425813,1.5625,2.6376323324569757,3
9.827927211867411,0.0012936865968873462,1.5625,2.617369171602133,3
9.82698494136197,0.0013748484377882847,1.5625,2.7664900329186812,3
9.826767009227272,0.0013834935105324676,1.5625,2.788473063036338,3
9.82612232304092,0.0014071415472712654,1.5625,2.8236858580546023,3
9.82625345630161,0.001403849283763814,1.5625,2.814046244390018,3
9.825097453695403,0.0014054931000702666,45.3125,2.7888265384056954,3
9.82451060236129,0.0014345302899612423,45.3125,2.8634907191356174,3
9.82478704043037,0.001426622079474567,45.3125,2.8539640854619006,3
9.823101282127295,0.0012508952144062162,45.3125,2.5279719419816513,3
9.823149662041184,0.0012535500301236303,45.3125,2.5342099843107393,3
9.82183750133003,0.0011715664755702646,45.3125,2.3843756606481485,3
10.05566256106904,3.453063855526942,45.3125,6962.4784372673075,3
10.289976128092597,6.802566760866374,1.5625,13931.635831232517,3
10.525120654457924,10.069525130488117,1.5625,20512.20307405049,3
10.759379900859013,13.206885634906888,1.5625,27047.690862566673,3
10.993217960914523,16.235901787443378,1.5625,33141.342260150865,3
11.229400851351437,19.187324405469248,1.5625,39295.59602885477,3
11.462881859014228,21.97563873557729,1.5625,44898.87089222282,3
11.696758375735815,24.662612501340966,1.5625,50508.97818980477,3
11.930634385223376,27.241512945642107,1.5625,55683.381749853615,3
12.164416046337006,29.739324526680388,1.5625,60906.086350744365,3
12.39919229141605,32.10095215158053,1.5625,65634.57901951202,3
12.632005277055534,34.357438618497696,1.5625,70364.01596163567,3
12.866886531614556,36.49261527642996,1.5625,74626.74937685521,3
13.10013560829695,38.51450382585571,1.5625,78877.70005053448,3
13.334975158239418,40.44320708423122,1.5625,82716.04555531406,3
13.569236293250354,42.27289906059453,1.5625,86574.89602684256,3
13.805027909988915,43.997107230514246,1.5625,89992.96460514545,3
14.038409847552671,45.5863628845422,1.5625,93360.86575514066,3
14.272514381178542,47.07880669323487,1.5625,96303.58846200643,3
14.506733672817273,48.4310520794733,1.5625,99186.7899649392,3
14.354308029671518,51.308974465084205,1.5625,105034.13782951694,3
14.201118733151874,54.155201540114646,1.5625,110909.84213063086,3
14.048983700607439,56.94657001231368,1.5625,116580.5829108651,3
13.89619382066431,59.696164782277485,1.5625,122257.727863357,3
13.743794201045809,62.39818065225729,1.5625,127745.72073766944,3
13.593289192925273,65.02710796359443,1.5625,133175.51490371497,3
13.441264700435237,67.63088858005325,1.5625,138461.37159006187,3
13.29124777116463,70.14495026323402,1.5625,143656.85621305398,3
13.139347213717585,72.6455885548457,1.5625,148730.3049581474,3
12.988377197904205,75.09559116169392,1.5625,153795.763303444,3
12.83700386929653,77.49956897826397,1.5625,158671.00399510443,3
12.685799101404738,79.86173595238141,1.5625,163556.8264645607,3
12.534313516718768,82.18035042019115,1.5625,168257.06792740704,3
12.382698663956896,84.44344460282689,1.5625,172940.1668418813,3
12.232878935489556,86.63931031052957,1.5625,177390.14024288027,3
12.082207198412226,88.80050024060937,1.5625,181863.42207026226,3
11.930503401198887,90.94732407002797,1.5625,186212.3087059028,3
11.778341061907502,93.04591042776755,1.5625,190558.02374565738,3
11.629109074524482,95.04978840365787,1.5625,194615.97198760105,3
11.477009194960004,97.05662023162131,1.5625,198771.94796896842,3
11.32547155034107,99.01049046623886,1.5625,202727.83428151716,3
11.173979164675668,100.92150372138147,1.5625,206687.22976683953,3
11.021591707077558,102.78803798499249,1.5625,210463.70259769398,3
10.87020928489944,104.60860550410771,1.5625,214238.42117933105,3
10.718816566468181,106.37578088278262,1.5625,217811.39371795676,3
10.56729231155357,108.10122063485973,1.5625,221391.29629132082,3
10.415161902573509,109.77954272739414,1.5625,224781.92429525635,3
10.263724763992833,111.39997482295712,1.5625,228147.1476327749,3
10.11149033150859,112.9854044485422,1.5625,231347.03529462402,3
9.96019836935279,114.51818535794983,1.5625,234533.24340901602,3
10.350030511510326,123.98496283198733,1.5625,253610.47499181662,3
10.7404195992188,133.18711346510625,1.5625,272767.2068171078,3
11.129448234238167,142.02723547756327,1.5625,290563.21612663544,3
11.518076553455282,150.55050901783125,1.5625,308327.4420116966,3
11.90921970028992,158.80923749043396,1.5625,324928.74500472983,3
12.299538327151167,166.76071868187336,1.5625,341525.9516063892,3
12.690745086328286,174.43693746333378,1.5625,356932.851755285,3
13.081491572165978,181.81079274230612,1.5625,372348.5021842309,3
13.472141178863108,188.8518170465559,1.5625,386454.68049975013,3
13.862947115850364,195.5889446710547,1.5625,400566.15780452586,3
14.252380841076146,201.99388817240018,1.5625,413371.8385530298,3
14.643465519282687,208.16434982149246,1.5625,426320.5864077433,3
15.034478589674583,214.04953211638886,1.5625,438061.91175537225,3
15.426033747354072,219.61842786979264,1.5625,449778.5354400413,3
15.583280477664848,224.12503952623868,1.5625,458958.4260397014,3
15.739129626365855,228.53379401866587,1.5625,468037.2101104959,3
15.895219506716426,232.9219731223673,1.5625,476974.3923902264,3
16.051840196474316,237.26764010988646,1.5625,485924.12602544035,3
16.207922117296153,241.54447083133402,1.5625,494633.61125510617,3
16.363216086612095,245.76883073045641,1.5625,503334.5653075277,3
16.130073683995363,245.264538113501,1.5625,502190.56675741303,3
15.896607185970696,244.64630547842629,1.5625,501035.63321979844,3
15.662097957924917,243.92989233171392,1.5625,499456.21471655095,3
15.427626795911454,243.07511003578517,1.5625,497817.82501920994,3
15.192955974615872,242.13435468674018,1.5625,495778.7621167507,3
14.957368914197163,241.09880760542416,1.5625,493770.35440679645,3
14.723959919672339,239.93123999768264,1.5625,491268.8634970813,3
14.491130703402298,238.66297982230876,1.5625,488781.78155355155,3
14.25559456197217,237.2835249564788,1.5625,485843.7547855607,3
14.02081857340591,235.77970774957421,1.5625,482876.8414703245,3
13.78536675909309,234.15456051818788,1.5625,479434.9847229841,3
13.55136902591151,232.45176644765752,1.5625,476061.21323584457,3
13.316818831103326,230.62477731440714,1.5625,472205.45525187865,3
13.082411716184366,228.7163722442961,1.5625,468411.12500165444,3
13.234261742260815,226.23008629201433,1.5625,463272.9934232494,3
13.387888708034373,223.67703400117574,1.5625,458090.5420443109,3
13.54045988800646,221.08358343903404,1.5625,452733.60298013466,3
13.692809874102645,218.44607496108787,1.5625,447377.5409049231,3
13.845211032019824,215.75958672791808,1.5625,441830.0264428828,3
13.9971582466177,213.042715985923,1.5625,436311.4672009542,3
14.149353896076416,210.26843584995393,1.5625,430583.9974651569,3
14.299822404775627,207.49285122056463,1.5625,424945.3572858622,3
14.452321648446997,204.6341658255827,1.5625,419043.76067721646,3
14.60415351978301,201.7338738266953,1.5625,413150.9733817406,3
14.755385843025865,198.79629159091377,1.5625,407088.16557311773,3
14.90829874482134,195.7909619297715,1.5625,400979.8818005166,3
15.060860824616757,192.74185718695435,1.5625,394688.9005116482,3
15.211568839355222,189.67644793876096,1.5625,388457.36533202813,3
15.362818735302685,186.57219529069357,1.5625,382053.0981780958,3
15.513418519287809,183.4232359808973,1.5625,375650.78677822405,3
15.665524298291139,180.18461140536468,1.5625,368970.3896726752,3
15.817151149104252,176.9094924213003,1.5625,362310.6385188607,3
15.96745102154324,173.64246225942733,1.5625,355572.8940706674,3
16.12025243102771,170.2608359149974,1.5625,348694.18720185565,3
16.27256484055918,166.84380128804648,1.5625,341649.5389131788,3
16.425273759512635,163.37194681484735,1.5625,334585.73952882085,3
16.576574101267845,159.8732080218215,1.5625,327374.6298233501,3
16.727839701772588,156.3265787523247,1.5625,320156.8260074869,3
16.880396175789244,152.72357325798578,1.5625,312731.3845768435,3
17.03175910834682,149.08729234174697,1.5625,305330.77373661986,3
17.183800005376487,145.39711361051098,1.5625,297726.37587156106,3
17.335618980440728,141.67505037707684,1.5625,290150.5027206749,3
17.48653778870226,137.91029960623817,1.5625,282393.93716916256,3
17.63827692027973,134.09318262954395,1.5625,274622.8346177851,3
17.2488593036069,130.3026450023458,1.5625,266547.1849325637,3
16.858342870168414,126.18393095763945,1.5625,258424.69052647142,3
16.468294716899532,121.81478404637038,1.5625,249164.7946521622,3
16.07888770858632,117.14883513431502,1.5625,239920.81293664256,3
15.688028091085906,112.14862121093341,1.5625,229366.16696433775,3
15.297601678782074,106.84350722646879,1.5625,218815.49952032848,3
14.906713564251188,101.2036724465149,1.5625,206950.17071713874,3
14.516372549068553,95.25241577111075,1.5625,195076.94077103044,3
14.126118931123502,89.02382309298689,1.5625,182005.9796082367,3
13.736442701316967,82.4835402995065,1.5625,168926.27883583427,3
13.347285632259021,75.67480221142701,1.5625,154668.01801257723,3
12.955844506057792,68.49275065187565,1.5625,140273.15331209142,3
12.565856778717562,60.97652546164047,1.5625,124568.27382974901,3
12.17444415980357,53.167123388340066,1.5625,108886.26513611116,3
11.78293899262201,45.055572976260095,1.5625,91962.01524636749,3
11.392373497616713,36.69206082178752,1.5625,75145.34026828347,3
11.001467793392923,27.964914763651095,1.5625,56959.80326671276,3
10.610233343360036,18.94049727527343,3.125,38790.13739286183,3
10.219962436173667,9.635399294504063,26.5625,19422.494963694997,3
9.828487905609284,0.0014164424960722288,31.25,2.893389381898077,3
9.827095211580486,0.0014296946925822726,37.5,2.9274630024151094,3
9.82649936254707,0.0014051735632746776,31.25,2.875249857530643,3
9.827019172927706,0.001397277842833108,31.25,2.8561522965130384,3
9.82683081790521,0.0013853660726295721,21.875,2.8304231618706894,3
9.827065989649125,0.0013786952033914175,21.875,2.8148918775595666,3
9.82787402667842,0.0012697151815311094,31.25,2.597175743411045,3
9.827590546527171,0.0012493655531710338,31.25,2.5567867586420125,3
9.827306556371111,0.0012243409997055941,31.25,2.5042468068881685,3
9.828730747969262,0.0011733295696429566,31.25,2.3883254787291945,3
9.828734604922506,0.0011733251701400054,31.25,2.3883586961581607,3
9.828935761104125,0.001172263591911428,31.25,2.38390095715093,3
9.829493745006001,0.00118070619868177,31.25,2.407118166266143,3
9.82900901640492,0.0012016556238129967,32.8125,2.45413611596116,3
9.829285937253413,0.001173414102007511,32.8125,2.398215541024789,3
9.829735843789797,0.001187607703623214,32.8125,2.4240084186221407,3
9.827464841636463,0.0011121768849524309,32.8125,2.2403367173272657,3
10.061237539204576,3.4533166393597674,32.8125,6956.340563083721,3
10.295344322004674,6.800517738286124,1.5625,13927.42854574419,3
10.530050817680547,10.053496720966915,1.5625,20472.92389135715,3
10.76359652978588,13.168975563678085,1.5625,26970.008682596148,3
10.997494110177604,16.17853764656191,1.5625,33016.663504450546,3
11.231429743291951,19.073686431658338,1.5625,39062.85733218522,3
11.465332912758306,21.889778813477033,1.5625,44713.31719192724,3
11.699982872797715,24.593884782557907,1.5625,50368.23789691298,3
11.934694069339146,27.175930036701576,1.5625,55539.29495101461,3
12.167551147736251,29.6434820887261,1.5625,60709.77336689286,3
12.400495813849924,31.993323240734824,1.5625,65405.23046418185,3
12.635441715619164,34.24370279755503,1.5625,70131.06774768193,3
12.868730927936985,36.379866628262754,1.5625,74390.48828132024,3
13.103846378251331,38.420664171991994,1.5625,78685.50899140819,3
13.338212812050777,40.33758988314929,1.5625,82496.63287095168,3
13.572551006705092,42.13585736617872,1.5625,86294.22438058065,3
13.807129356149536,43.848368911097786,1.5625,89686.47535817494,3
14.04024777597548,45.43551769192013,1.5625,93051.9101891108,3
14.274448513308467,46.92985455535113,1.5625,95996.30512475989,3
14.508034519306493,48.30874034147349,1.5625,98936.25975743282,3
14.358266170209866,51.137994141438064,1.5625,104687.36046131291,3
14.207134693674181,53.96396736526296,1.5625,110518.13607942761,3
14.054699757566613,56.74793837194381,1.5625,116175.74688802047,3
13.903232424780875,59.48586911068281,1.5625,121827.0119554141,3
13.751835295082694,62.16094569380004,1.5625,127261.62803593805,3
13.599052332423838,64.8208390042812,1.5625,132752.99888842631,3
13.447051394344859,67.44114375175596,1.5625,138075.94185271204,3
13.294252459616008,70.01429333550347,1.5625,143389.17170362503,3
13.142210036863977,72.51826571309432,1.5625,148474.3381656386,3
12.990512794629675,74.97278119664807,1.5625,153544.16453048293,3
12.838829381824805,77.39546367185508,1.5625,158462.8477993951,3
12.687652461714716,79.7529891968642,1.5625,163334.04384582696,3
12.53693756986891,82.06278215517767,1.5625,168021.79003216597,3
12.384944859369618,84.35226002495827,1.5625,172753.31485100318,3
12.232618322744504,86.59918719141885,1.5625,177312.1496779144,3
12.08173466911309,88.75431039797682,1.5625,181768.7537831827,3
11.93101919954021,90.86913669465275,1.5625,186057.10600518435,3
11.778405370237246,92.97055849302409,1.5625,190403.57578909016,3
11.626459470500572,95.01508300049403,1.5625,194548.39902371523,3
11.47394996650507,97.0377252317934,1.5625,198733.11436873607,3
11.32037475354692,99.00159481185266,1.5625,202712.14413178802,3
11.167852575463566,100.9245811750608,1.5625,206693.42960021156,3
11.016867871387754,102.77079259947648,1.5625,210432.37016238493,3
10.865012600330324,104.59421661292062,1.5625,214208.8149790603,3
10.713339633714995,106.35121068223683,1.5625,217765.17353298797,3
10.561569022037578,108.0736570086169,1.5625,221334.70557551004,3
10.410636153004585,109.72431733608218,1.5625,224673.78653656965,3
10.25979707438677,111.34139950662555,1.5625,228027.0454144977,3
10.109949257783144,112.90027704297921,1.5625,231178.7287796494,3
9.958461246088309,114.43137088513465,1.5625,234355.24558830858,3
10.34684390033965,123.83907906086789,1.5625,253297.51096394076,3
10.737340025063682,133.0597095661412,1.5625,272506.16002972313,3
11.127687914022426,141.94317609451608,1.5625,290374.9434894371,3
11.519818242663726,150.57812872996536,1.5625,308383.93304551026,3
11.910208498693073,158.8794091944096,1.5625,325063.18053642655,3
12.301426548791797,166.9193937690188,1.5625,341850.8629050361,3
12.691107274737472,174.57989350369314,1.5625,357220.263804537,3
13.081165460311528,181.93171902865177,1.5625,372596.11279587745,3
13.471292211657538,188.98557015294762,1.5625,386722.97867009026,3
13.86167357211329,195.7628686458949,1.5625,400922.3121161865,3
14.252792555941161,202.2168833928938,1.5625,413819.5137866937,3
14.644648668778132,208.39072684146825,1.5625,426784.1784018843,3
15.035135092504715,214.26001544385477,1.5625,438486.06432714395,3
15.426441872101643,219.7880565039949,1.5625,450125.92106923694,3
15.581965439869977,224.23021571138497,1.5625,459172.00457140355,3
15.738397677503563,228.66170160929673,1.5625,468299.15578575624,3
15.894217882648991,233.03187597255953,1.5625,477198.2014640426,3
16.049841990616816,237.3265358496049,1.5625,486044.7345370986,3
16.20572103086583,241.5848768089956,1.5625,494714.58213377313,3
16.362274090046203,245.81619915349032,1.5625,503431.57041717897,3
16.127340016479852,245.30387006595535,1.5625,502270.85275710694,3
15.892339389816106,244.68177805462685,1.5625,501108.2755529751,3
15.657346375423764,243.96084273422292,1.5625,499520.34005595295,3
15.42334788135317,243.1312355663215,1.5625,497932.76942709205,3
15.189566031160066,242.1986554376996,1.5625,495911.5873965659,3
14.95554029540372,241.13898456117553,1.5625,493852.6385442661,3
14.721185724685027,239.98690148109,1.5625,491381.60113648244,3
14.487328781914739,238.6949382525837,1.5625,488847.2331275587,3
14.253162157889788,237.31486834332358,1.5625,485908.9810071807,3
14.019227814475823,235.83218468022588,1.5625,482984.3141285016,3
13.785243112232887,234.2145116009366,1.5625,479559.40218479506,3
13.55073539218105,232.51882837387453,1.5625,476198.5593876004,3
13.316051129146958,230.68886715438717,1.5625,472338.71325245005,3
13.081389460333453,228.76010824091068,1.5625,468500.7006227474,3
13.232238511726075,226.30594076336698,1.5625,463427.5191018518,3
13.384242440878497,223.76838466837987,1.5625,458277.6514092528,3
13.535129094846258,221.20029883449538,1.5625,452971.8554984609,3
13.686329362332106,218.57596626304326,1.5625,447643.5777519943,3
13.837923266146875,215.91915269996042,1.5625,442155.8253228804,3
13.989408073706525,213.197100142654,1.5625,436627.6602486005,3
14.142882221088907,210.39916793534638,1.5625,430849.65930045367,3
14.296018841060011,207.56367696578258,1.5625,425090.41023633,3
14.448356143400272,204.70614203580075,1.5625,419190.84132361,3
14.600618937786809,201.80395020330857,1.5625,413294.4899082699,3
14.75180665460904,198.85174166897875,1.5625,407201.69648548757,3
14.902245997619776,195.8776677556239,1.5625,401157.4630126718,3
15.053160055470492,192.85279946504699,1.5625,394915.5688628165,3
15.205860648376381,189.74459254930866,1.5625,388596.92224860715,3
15.358539199166586,186.58795819491758,1.5625,382085.1876126206,3
15.507924889595749,183.46111771976788,1.5625,375728.36069244903,3
15.659120885267491,180.26249826659011,1.5625,369129.5162562626,3
15.810970885703735,176.98571352583977,1.5625,362466.7374517429,3
15.962690233372975,173.67232927287856,1.5625,355632.93211894104,3
16.11552507172837,170.2764330532879,1.5625,348726.13475949084,3
16.267833139195822,166.8559283805556,1.5625,341673.2728389758,3
16.420244186679287,163.3786893181016,1.5625,334599.55567586137,3
16.57197525171888,159.8907659586412,1.5625,327409.0441730946,3
16.724707277745072,156.32197848682364,1.5625,320147.4104665871,3
16.87554223431871,152.75327997433442,1.5625,312792.6457020364,3
17.028023478912242,149.1040702458294,1.5625,305365.1231168753,3
17.17779700388955,145.47293084231626,1.5625,297884.13913708326,3
17.329715473041816,141.75266376266504,1.5625,290309.4112985957,3
17.47989926646003,138.024886151086,1.5625,282631.5838964441,3
17.63225612295821,134.20146515355924,1.5625,274844.5055785272,3
17.24355563869451,130.45752783168695,1.5625,266856.6468306073,3
16.85252215588074,126.32574308043759,1.5625,258715.08072846915,3
16.461545464857593,121.92000824356978,1.5625,249371.8987115084,3
16.069577651574836,117.15861717343626,1.5625,239940.8230454394,3
15.67888688395579,112.10839751539835,1.5625,229279.7851456963,3
15.288065612350604,106.70676450794443,1.5625,218535.43061647803,3
14.897677068559007,101.07740418469137,1.5625,206689.00908547934,3
14.50750180295077,95.14376568025725,1.5625,194854.40599056942,3
14.11661533773947,88.90496743564414,1.5625,181758.7105744231,3
13.725712748753912,82.33077106023725,1.5625,168613.39324410463,3
13.334898207169946,75.46230336437905,1.5625,154228.27679874457,3
12.94347042699584,68.25930036764535,1.5625,139795.0294258318,3
12.551823501499245,60.762814465518865,1.5625,124123.36944155324,3
12.162080817657769,52.97774215186948,1.5625,108498.36782606576,3
11.772028007304032,44.93210792564953,1.5625,91701.58101312257,3
11.38058404887269,36.53349358717999,1.5625,74820.57041711242,3
10.99072177180176,27.82830576040077,1.5625,56675.547435582,3
10.600136913671863,18.879194477228722,1.5625,38664.57499686247,3
10.210019873374153,9.605170779525428,14.0625,19355.320214286825,3
9.820326971008825,0.0012911812930297222,14.0625,2.6239311234596636,3
9.820207083439211,0.0012928163082732537,14.0625,2.6257000580722827,3
9.820562558155341,0.0012959491172948646,14.0625,2.627086430403574,3
9.821136980848127,0.0012804956693984438,14.0625,2.6033077157206326,3
9.820967295989734,0.0012809743296320311,14.0625,2.6063542112877087,3
9.821047873535218,0.00128122584093607,14.0625,2.607809174982757,3
9.820910899206936,0.0012750970439555336,14.0625,2.5967940594255445,3
9.822404290030551,0.0013442086234394526,14.0625,2.75010191972697,3
9.820940355573734,0.00130143013845264,48.4375,2.6651603545329863,3
9.821212693770015,0.0013075963244886433,48.4375,2.6773167760157888,3
9.821880010729767,0.0013331151217076626,48.4375,2.730195844586536,3
9.820614166121562,0.0013083975504143337,14.0625,2.6757322197381823,3
9.82088187226676,0.0012907134353701616,14.0625,2.6378618336968183,3
9.821055383644474,0.0012930916969831742,14.0625,2.6438375694775957,3
9.821795261132529,0.0012952472926056884,14.0625,2.64268191442547,3
9.820846392089262,0.0012994510233408872,14.0625,2.64086569179864,3
9.820133183779623,0.001325061583132707,14.0625,2.7014965355841976,3
10.054620511960826,3.4456123346567753,48.4375,6946.34100953582,3
10.290144072555988,6.806616607420892,1.5625,13939.926011421581,3
10.524728972315112,10.06710340914074,1.5625,20508.04507661915,3
10.7598654912782,13.19850019081019,1.5625,27030.495104446894,3
10.994134422940144,16.235376525619728,1.5625,33141.48814106033,3
11.227427642646619,19.13585555410228,1.5625,39190.21305074916,3
11.461251477933477,21.944562058074766,1.5625,44833.399136574524,3
11.695238910912881,24.647604930189125,1.5625,50478.273670481816,3
11.930578074596818,27.22163972365331,1.5625,55639.57276279082,3
12.166236423091854,29.6956362617652,1.5625,60816.63741992167,3
12.400610647689888,32.04016619625133,1.5625,65509.13249849581,3
12.635901004981347,34.32225190640928,1.5625,70291.93126280826,3
12.869254197917055,36.443488766226814,1.5625,74528.96103076893,3
13.105023238929238,38.4736403856756,1.5625,78793.91883474987,3
13.339590199320345,40.410180804249734,1.5625,82653.87039780414,3
13.573867075121122,42.211691528392194,1.5625,86449.45556620703,3
13.808469173342088,43.9188894748751,1.5625,89839.40222174648,3
14.041366363594669,45.478332708730136,1.5625,93139.57670407435,3
14.275491353953703,46.9627817357022,1.5625,96072.14374806451,3
14.510820626788032,48.3517587407041,1.5625,99024.3261974206,3
14.357231673735765,51.267226324089705,1.5625,104943.06753796244,3
14.205793023165358,54.07639810895234,1.5625,110748.32460489348,3
14.053619155624608,56.87707870459893,1.5625,116431.56327178946,3
13.90121784806007,59.61700165096471,1.5625,122095.48822016067,3
13.75133777893328,62.26954234867702,1.5625,127476.97228762748,3
13.598430045879084,64.92924161514347,1.5625,132975.0361374714,3
13.446892910914258,67.5271577933209,1.5625,138245.4512201939,3
13.294292436439664,70.0816577028051,1.5625,143527.20363788176,3
13.143250744921877,72.56981233099532,1.5625,148573.8020322099,3
12.991387202189342,75.03268214422205,1.5625,153666.91347861182,3
12.839194739070509,77.46940590130747,1.5625,158607.9606804407,3
12.687272913428588,79.84802742514717,1.5625,163528.7370387341,3
12.536312357333472,82.14480465061632,1.5625,168183.78682901632,3
12.38406604790817,84.41152613490257,1.5625,172874.79670852303,3
12.233052986041214,86.62555701410902,1.5625,177361.1440892462,3
12.080808444539278,88.82030318027267,1.5625,181903.97945687096,3
11.930802810148919,90.92697454713748,1.5625,186171.84083233212,3
11.778098223068845,93.04032064391467,1.5625,190546.56962629908,3
11.626365031044177,95.08752879617923,1.5625,194693.25420461522,3
11.474244272227985,97.09666029439589,1.5625,198853.94997700464,3
11.322722454113332,99.05485912071941,1.5625,202818.71366324995,3
11.170058097557652,100.96591516872452,1.5625,206778.17078812065,3
11.018503635861412,102.82856195362108,1.5625,210547.9331818324,3
10.867279377082228,104.64453336383531,1.5625,214311.98520772732,3
10.714468927776462,106.4190626493701,1.5625,217900.3107967179,3
10.56211086280724,108.17453056452182,1.5625,221541.4247175105,3
10.40920703989826,109.87819758900473,1.5625,224984.28377740263,3
10.25530869510572,111.53710946216064,1.5625,228427.9736699365,3
10.102729960560744,113.139774262335,1.5625,231664.80163146896,3
9.950837367663379,114.67424795070364,1.5625,234852.84244147514,3
10.340859236967622,124.16007242934529,1.5625,253963.62389472712,3
10.731851202674422,133.37934977025975,1.5625,273160.9006098061,3
11.12268241471367,142.29380225297632,1.5625,291101.76124646264,3
11.512320818022223,150.85797297139123,1.5625,308957.1085262266,3
11.901835855581194,159.1546340110852,1.5625,325632.9431263462,3
12.29296266031996,167.13995372324075,1.5625,342302.6204777323,3
12.683595991635956,174.83785184550553,1.5625,357752.9664017161,3
13.074316920463149,182.25071418331953,1.5625,373249.45843054145,3
13.465664152819047,189.3291088106769,1.5625,387430.0538502221,3
13.856473814234727,196.08317973065016,1.5625,401578.3441200737,3
14.2474078106138,202.56589854643673,1.5625,414538.7991628638,3
14.638487979191694,208.75918146395864,1.5625,427538.7968071111,3
15.031008715068895,214.65849892659512,1.5625,439302.1221215347,3
15.421581779587891,220.16695041141205,1.5625,450901.8852727098,3
15.578408703653581,224.65337057267047,1.5625,460037.27956989146,3
15.735067709059326,229.10269391034342,1.5625,469202.2853050357,3
15.891511005207121,233.500793946945,1.5625,478156.94444327644,3
16.048203815271098,237.8473448366286,1.5625,487111.33430324384,3
16.20167667021561,242.03451395228788,1.5625,495636.0970907239,3
16.358845828189683,246.29118810871762,1.5625,504404.3532466225,3
16.12496782241265,245.77350826995314,1.5625,503232.1178136111,3
15.89133262551875,245.13923106305216,1.5625,502045.1450924835,3
15.65731965594312,244.41388562044992,1.5625,500447.24843637936,3
15.421930694877451,243.58224720290758,1.5625,498856.4396597627,3
15.18757017734812,242.6538082640066,1.5625,496843.59466420504,3
14.952557504730024,241.56965366323212,1.5625,494734.64420289744,3
14.71950911695576,240.41773334557118,1.5625,492265.9818402272,3
14.485510095027422,239.13230566357774,1.5625,489742.9467122415,3
14.250964663282172,237.73316541972738,1.5625,486767.46851933596,3
14.017205815526381,236.24456436258498,1.5625,483828.860063016,3
13.782971812922924,234.6323995917806,1.5625,480416.64847822615,3
13.550998766497019,232.94575742163943,1.5625,477072.91099570587,3
13.317695567020216,231.11638724473428,1.5625,473214.5859888418,3
13.082048383800664,229.16794035281296,1.5625,469335.9334152605,3
13.235048042408383,226.64818393758236,1.5625,464126.2596125973,3
13.387326754257693,224.12713586794194,1.5625,459012.35877555277,3
13.54031672356455,221.52317334257472,1.5625,453629.7852327374,3
13.693230677821525,218.88934611680725,1.5625,448285.3644973273,3
13.843380277262339,216.25203445535377,1.5625,442836.24054766295,3
13.995086797387488,213.527427560724,1.5625,437304.1683486254,3
14.146924716401386,210.76075881202627,1.5625,431590.02566207293,3
14.299164365065316,207.94922945772518,1.5625,425880.02039056143,3
14.450540332275516,205.10880100458104,1.5625,420015.3561802198,3
14.60199752128944,202.20664548387649,1.5625,414119.2086869894,3
14.754433404563612,199.2309332518895,1.5625,407976.8707605147,3
14.908231775391295,196.20526146135867,1.5625,401828.374791312,3
15.059021018258072,193.19414337273233,1.5625,395615.39505803405,3
15.209810476253804,190.12856251898222,1.5625,389383.2953568168,3
15.360960059810772,187.01395877701648,1.5625,382958.1551660033,3
15.512832881822808,183.82468291939313,1.5625,376472.94715603127,3
15.663704877176379,180.63322308058832,1.5625,369891.0236630891,3
15.81676576980529,177.3289128645442,1.5625,363169.5886127633,3
15.968669075738916,174.00796603229196,1.5625,356323.2036741639,3
16.12050463923466,170.63504612368268,1.5625,349460.5504862481,3
16.272522549591503,167.2164895224452,1.5625,342414.1488645034,3
16.42456608893974,163.75566472117654,1.5625,335371.57701339526,3
16.576554111094744,160.24852732480772,1.5625,328143.79606802244,3
16.727465095507185,156.71015489626316,1.5625,320942.3857233815,3
16.878797858813137,153.1187705560332,1.5625,313541.7972210249,3
17.031186672767888,149.43805867801612,1.5625,306049.1201324251,3
17.18365137092933,145.71583025143636,1.5625,298380.5291645807,3
17.336784305432914,141.93586985237428,1.5625,290684.6271253548,3
17.49105060409308,138.09993860739405,1.5625,282782.4885711672,3
17.643441484953772,134.2670954366963,1.5625,274979.00137056457,3
17.25342216829963,130.47756659635024,1.5625,266902.9698374973,3
16.862127957066,126.36231929830491,1.5625,258790.02809767955,3
16.470405108893225,121.94607771201274,1.5625,249429.79157459136,3
16.08041322607234,117.25004765416799,1.5625,240128.08294082258,3
15.68995131956903,112.21966102553017,1.5625,229509.33377923295,3
15.300002354140966,106.8787570077844,1.5625,218887.67353795274,3
14.909464718527616,101.22400050857493,1.5625,206989.27240177913,3
14.516793009112916,95.26360771354483,1.5625,195099.86632268075,3
14.126323900081777,89.00036117490134,1.5625,181958.80124436365,3
13.73640737657695,82.45022400231288,1.5625,168858.05347136618,3
13.345477878944092,75.56793870405771,1.5625,154447.57343807968,3
12.954300593702545,68.36391881079702,1.5625,140009.30194386514,3
12.562191459883067,60.83202724511566,1.5625,124266.92674019591,3
12.172979531052029,53.083579383596145,1.5625,108715.13348303843,3
11.782392899664314,45.00177247147401,1.5625,91844.34556208209,3
11.391259384402792,36.57879804757115,1.5625,74913.35022768278,3
10.999409770138048,27.8472260644221,1.5625,56710.67534124407,3
10.607904601816587,18.82548963426613,1.5625,38554.56912140278,3
10.2200093298773,9.631700137178834,18.75,19411.100337400723,3
9.828580348422069,0.0014912554448298458,18.75,3.0535379246185537,3
9.828410424070675,0.0014808533004799062,18.75,3.031813453869329,3
9.826408247899446,0.0014898458287156205,18.75,3.047676195771298,3
9.826286121528678,0.0014885138179483717,18.75,3.0455742491922573,3
9.827254878080788,0.0014457484701965856,21.875,2.9607922708525325,3
9.82757371918711,0.001425849357699328,21.875,2.919541248610736,3
9.82540959749392,0.0015968050331216167,21.875,3.255275968502572,3
9.825527006647127,0.0016034251384721484,21.875,3.2675050534644288,3
9.82506388173112,0.0015839023027425672,21.875,3.2217298002315804,3
9.82443965084687,0.0015830033987828062,21.875,3.2274903844801544,3
9.823684444720556,0.0015986719156679044,21.875,3.250180448764891,3
9.823428141121488,0.001591393996471246,21.875,3.2387270231701812,3
9.821675523105064,0.00158915333227532,21.875,3.205164054147703,3
9.82044651762019,0.0015182621758529522,21.875,3.081614684058228,3
9.820782903189974,0.0015072003588786338,21.875,3.063803472617335,3
9.820544637501976,0.0015111400566105236,21.875,3.075022189567711,3
9.819122544467064,0.0013944640058432965,21.875,2.8138196830361797,3
10.05302122801953,3.462134759447292,21.875,6974.0259662746885,3
10.286777912462044,6.832070552139179,3.125,13992.03577161314,3
10.522380405010402,10.09540690520918,1.5625,20557.157713434794,3
10.757703828684743,13.241346322217096,1.5625,27118.22704785869,3
10.992673928040404,16.27860487935149,1.5625,33220.694639229005,3
11.226333449287917,19.18926459584896,1.5625,39299.53357204491,3
11.46092075452037,22.004320507020378,1.5625,44946.04672938744,3
11.696281224197334,24.708638026819045,1.5625,50603.22896699912,3
11.931042956618331,27.2883595012591,1.5625,55768.348522160144,3
12.162583810880783,29.7329150393755,1.5625,60892.8546234317,3
12.39750769602045,32.111225822333616,1.5625,65642.22617490958,3
12.632781208395876,34.37370201894817,1.5625,70397.19858091023,3
12.867927664927144,36.533970455808195,1.5625,74700.13394344044,3
13.10290101835098,38.56918537203583,1.5625,78989.54249875857,3
13.33583246551163,40.46706350479681,1.5625,82757.13657606122,3
13.571552412963499,42.32143759780299,1.5625,86674.23660161564,3
13.806746924078114,44.04286240160233,1.5625,90080.8918294802,3
14.041646657251144,45.634905846882035,1.5625,93460.21246097209,3
14.276543004612456,47.126379226906785,1.5625,96395.93762910059,3
14.511361098213568,48.513277081958,1.5625,99355.11480189224,3
14.359915986136105,51.37718007656644,1.5625,105177.21122927537,3
14.209022229289138,54.20048804486939,1.5625,111002.5360484428,3
14.05815911845805,56.97072166451137,1.5625,116632.80264177863,3
13.907998113065494,59.68368333263953,1.5625,122232.1349975482,3
13.75708402371581,62.36462864441845,1.5625,127679.0747896961,3
13.60541398940392,65.00863370598424,1.5625,133137.61712882752,3
13.45279326447942,67.60176697699971,1.5625,138404.16352351813,3
13.300673432103439,70.15023388407145,1.5625,143667.62531146835,3
13.148574148387205,72.66469589110812,1.5625,148773.054311344,3
12.997761421895808,75.10916114977914,1.5625,153823.53194178775,3
12.845614814793402,77.55029184541928,1.5625,158777.94814851996,3
12.694806469955417,79.89678888609784,1.5625,163628.61088997248,3
12.542288505308791,82.2355410607527,1.5625,168372.29397612903,3
12.390076164667676,84.51025047185016,1.5625,173076.98314961672,3
12.238814344824121,86.72096822579047,1.5625,177559.0310492027,3
12.088554072669696,88.89518686156062,1.5625,182057.33980292463,3
11.936596306952612,91.03126339438536,1.5625,186385.4731623316,3
11.784243028218551,93.1283386655115,1.5625,190726.8324527541,3
11.631451211707468,95.19516059773787,1.5625,194912.86342030796,3
11.478873442376864,97.20836576128,1.5625,199082.72923922268,3
11.326982987355667,99.1672478545829,1.5625,203048.12284293445,3
11.174106023659366,101.08609285206335,1.5625,207024.30679511122,3
11.02180000628112,102.95857425773458,1.5625,210813.1106572069,3
10.86946078580971,104.78132567895031,1.5625,214592.14330193025,3
10.71774267998467,106.55671600912581,1.5625,218182.48566017594,3
10.567372593312301,108.25801742290469,1.5625,221712.4174628263,3
10.415839113354398,109.92140143625788,1.5625,225072.64705114075,3
10.26386454264051,111.56367567868396,1.5625,228482.40329145943,3
10.112283062327611,113.1355802384875,1.5625,231655.52722936973,3
9.961053720640361,114.68263018547673,1.5625,234870.02400509117,3
10.3509090407674,124.15399475565097,1.5625,253954.30459428942,3
10.740526433094736,133.31603260091612,1.5625,273031.2309347989,3
11.130590515081716,142.1727527453587,1.5625,290856.005185987,3
11.523128727044188,150.7709923475391,1.5625,308778.98982133745,3
11.912443103312455,159.0226600327935,1.5625,325369.76281815924,3
12.303611655026488,167.03451094901834,1.5625,342086.6604743999,3
12.693445923142407,174.6609667404495,1.5625,357399.1329542311,3
13.084858339218687,182.0395346184891,1.5625,372816.9247122129,3
13.476890518776218,189.16958675183994,1.5625,387111.80385190074,3
13.868509643275399,195.92597156726345,1.5625,401256.3549126145,3
14.25859131929657,202.34643264507426,1.5625,414100.41959810595,3
14.649348802760153,208.49320907801348,1.5625,426994.04497933685,3
15.040824440789647,214.3550913844524,1.5625,438693.016326551,3
15.43100443507775,219.86848659577086,1.5625,450290.63537828973,3
15.586063582267695,224.29453701281338,1.5625,459308.17242495564,3
15.741248705784177,228.68956405794512,1.5625,468356.20017938083,3
15.895962342080974,233.02204187895987,1.5625,477182.394617327,3
16.051642215873333,237.33830812873268,1.5625,486068.81175117486,3
16.20706320517952,241.5972863705133,1.5625,494744.6554046926,3
16.36364220894033,245.8375099070455,1.5625,503475.1524378246,3
16.129103788283828,245.32207139157327,1.5625,502301.3478711314,3
15.892688383777466,244.71732001367326,1.5625,501181.04057329096,3
15.658210065072511,243.99436617448842,1.5625,499584.10647014587,3
15.424549425169818,243.1922155173709,1.5625,498057.61220414937,3
15.190034749466529,242.23177305357265,1.5625,495973.4804598837,3
14.955453973720028,241.16548583495262,1.5625,493906.87107720063,3
14.720172582175744,239.9882900573732,1.5625,491378.139808367,3
14.484938678583413,238.71555388433154,1.5625,488889.4095370232,3
14.25113690008758,237.36073017705814,1.5625,485998.3002926454,3
14.015198061344641,235.8285684802511,1.5625,482976.8950247342,3
13.778334144685422,234.2185857280522,1.5625,479562.2830801122,3
13.544313862647227,232.49629587288993,1.5625,476152.35456835275,3
13.308914997870636,230.6643523409107,1.5625,472281.85736955976,3
13.074012390171372,228.71329058670338,1.5625,468404.7482927899,3
13.224859847184865,226.24296037477947,1.5625,463302.54347639775,3
13.377747298071718,223.70248449373918,1.5625,458142.5597522228,3
13.529260945053581,221.13269831630708,1.5625,452837.538657105,3
13.680602724823013,218.52429922099532,1.5625,447537.6418291683,3
13.83138798952941,215.86748318163103,1.5625,442054.70474475174,3
13.982369038396198,213.16069985786223,1.5625,436552.98404081934,3
14.132871053279406,210.42407169777195,1.5625,430906.87821067066,3
14.283408253901202,207.63655582277897,1.5625,425239.5359094287,3
14.435091164835605,204.7807284227512,1.5625,419348.63949822483,3
14.585623722366273,201.90541747349667,1.5625,413502.1994602321,3
14.739635785365259,198.91649164126912,1.5625,407336.6097121947,3
14.889918700923227,195.95858950420015,1.5625,401323.1716176966,3
15.041896139296583,192.9093769491688,1.5625,395033.0113831096,3
15.194229474565953,189.8260993789619,1.5625,388763.82706212153,3
15.34420275894679,186.7355726756392,1.5625,382390.48798332846,3
15.495719356714726,183.56859809397022,1.5625,375948.4377035522,3
15.646932673861976,180.35952075631045,1.5625,369332.51547300146,3
15.799624612029278,177.08143861692037,1.5625,362662.7003369119,3
15.952320882237146,173.74206093777607,1.5625,355779.9551701839,3
16.103957858901623,170.3756015684401,1.5625,348929.1718719239,3
16.256491275814323,166.95730941413944,1.5625,341884.24551793985,3
16.408782050757537,163.49219714331502,1.5625,334831.96487440786,3
16.561718447222482,159.9703081825686,1.5625,327574.47710293223,3
16.713998015359053,156.41406914828534,1.5625,320335.97178329236,3
16.865704547718313,152.81936142799282,1.5625,312929.6842927503,3
17.017259551752243,149.20687984715337,1.5625,305575.6508526298,3
17.16862265578672,145.54531839065206,1.5625,298032.55976915325,3
17.321973754847832,141.78376336118697,1.5625,290373.0646276951,3
17.473005941358846,138.034537750324,1.5625,282651.8662036777,3
17.625274103945394,134.1991638204851,1.5625,274839.7694622342,3
17.23433176408954,130.41587778702254,1.5625,266766.4347223507,3
16.84553335411575,126.30260067580816,1.5625,258667.53205941993,3
16.455107366353776,121.90908931163867,1.5625,249341.86964736602,3
16.06439900292294,117.15982066317437,1.5625,239943.12969087338,3
15.674785932833622,112.14446624359034,1.5625,229345.71440189966,3
15.283680183115282,106.7693254944135,1.5625,218663.44882101114,3
14.893579826648251,101.16510621861403,1.5625,206861.62639298226,3
14.502456618764914,95.19972983333697,1.5625,194968.948117137,3
14.111002924059928,88.86885577029085,1.5625,181678.36640604652,3
13.720415735688864,82.29431106187076,1.5625,168538.62431113294,3
13.329730227982589,75.458258773015,1.5625,154213.30329712923,3
12.939799133874125,68.2750603572041,1.5625,139827.17358591605,3
12.54806975265673,60.769573977072525,1.5625,124127.935020947,3
12.15869209478915,53.00273343465925,1.5625,108549.35427694158,3
11.768235987588746,44.97143937202624,1.5625,91771.58476307617,3
11.378409136801926,36.59609347652589,1.5625,74948.5267103459,3
10.988380888103974,27.93220417906859,1.5625,56874.899907043895,3
10.59671078480073,18.92989936267205,3.125,38768.2332504946,3
10.205289856462569,9.631476064429927,28.125,19395.418449830653,3
9.81452486068107,0.0016992649344938768,43.75,3.2519761693456473,3
9.81369105107573,0.0017006162652070278,43.75,3.217275094452774,3
9.814796020838635,0.0015806613521257805,43.75,2.917566391292954,3
9.814983837935836,0.0015824963925620934,43.75,2.930862955554404,3
9.815800195313624,0.001568548379023721,43.75,2.859787379113847,3
9.814988770614962,0.001553640926535151,43.75,2.7842986856540333,3
9.81507399256481,0.001558175740431851,43.75,2.7887076357664453,3
9.816243142096134,0.0016335608632201723,43.75,3.0074264624898186,3
9.817511572361845,0.0016438092620528117,43.75,2.9583644597964054,3
9.817882333569857,0.0016274402316837756,43.75,2.9459980762674265,3
9.818020639586017,0.0016320169737462542,43.75,2.9475446907335674,3
9.820141496492928,0.0014812097088038444,28.125,2.7500966408100003,3
9.818389166854178,0.0015613869224095189,28.125,2.992446673742443,3
9.819220906913246,0.0015494251113469526,28.125,3.0006395488325714,3
9.820437119298177,0.0016627429463097294,28.125,3.1839548873735954,3
9.82138597272031,0.0016586311828907894,28.125,3.2140943493535037,3
9.82030409538253,0.0015938994229588936,28.125,3.1209905440040115,3
10.054517255474975,3.458098917492557,48.4375,6977.723723743057,3
10.288880857978883,6.813354793938976,3.125,13953.602101360802,3
10.523754255034836,10.045599044718797,1.5625,20468.451854957024,3
10.758867174916821,13.175700181590624,1.5625,26983.67698310298,3
10.99461745209359,16.216541582197483,1.5625,33105.950406971184,3
11.229055178859467,19.1033793660696,1.5625,39123.60749476339,3
11.464850642913548,21.931886236857,1.5625,44809.710098803465,3
11.699586072314167,24.610805564342087,1.5625,50402.846363083954,3
11.932484575049633,27.18395578006636,1.5625,55567.65975059692,3
12.168339293848907,29.67441989758201,1.5625,60773.033333929015,3
12.40290759659042,32.028525895806645,1.5625,65490.529506612904,3
12.635924836500081,34.27001102242698,1.5625,70184.85836198716,3
12.871236822436305,36.40719596613059,1.5625,74455.91803197082,3
13.105258619676146,38.428220195711006,1.5625,78700.9084954885,3
13.34008433471889,40.349474925685776,1.5625,82528.95481525741,3
13.574122074937788,42.1783512199662,1.5625,86381.19653299387,3
13.807890724787482,43.86949800078457,1.5625,89738.2135866277,3
14.042569530079698,45.44870968082781,1.5625,93078.86767867648,3
14.277267562225155,46.95389972770684,1.5625,96055.05036223512,3
14.511777631909318,48.332400986522664,1.5625,98984.67249694995,3
14.359327504899495,51.21339413164019,1.5625,104833.33252024752,3
14.206261995429454,54.0747287835644,1.5625,110744.97526192086,3
14.055568239351441,56.8343008513128,1.5625,116346.48145287506,3
13.90324324586509,59.570245949068166,1.5625,121999.82783037814,3
13.751158872132748,62.262939686207226,1.5625,127464.48792129084,3
13.598437571680941,64.91230780540137,1.5625,132940.380600006,3
13.446302771551181,67.52055933864978,1.5625,138232.4676723504,3
13.294376339723522,70.07426242024233,1.5625,143512.06053387598,3
13.142956483035151,72.58958201129361,1.5625,148614.14861221676,3
12.991229887690787,75.02759502614663,1.5625,153656.4902379799,3
12.839690033782677,77.44662129403872,1.5625,158561.48368529894,3
12.686116904842889,79.85538241286683,1.5625,163543.8190712993,3
12.534066120383802,82.1779323474524,1.5625,168252.17041884921,3
12.382439356808122,84.4446727403027,1.5625,172942.68283320987,3
12.231633759468417,86.65981059832494,1.5625,177431.57188295486,3
12.080829575370116,88.82352926180816,1.5625,181910.5809785939,3
11.929419481732214,90.93832614544243,1.5625,186193.59213317846,3
11.777437675925722,93.03071898854573,1.5625,190526.909183274,3
11.626776893587964,95.06503845166282,1.5625,194645.92459653196,3
11.473820172170285,97.07705803056311,1.5625,198813.81269262303,3
11.323148484943314,99.015131689557,1.5625,202737.12685419968,3
11.17171019929715,100.90107010250246,1.5625,206645.38499220103,3
11.02084490561777,102.76292743895583,1.5625,210412.96309233774,3
10.86872968214209,104.5795540155199,1.5625,214178.90767115954,3
10.716127792874808,106.37001740838917,1.5625,217799.98570478658,3
10.565216229040473,108.09600393193216,1.5625,221380.61231044438,3
10.41405766155459,109.78093841979937,1.5625,224785.40049750736,3
10.26273351062581,111.40120925614882,1.5625,228149.67184149235,3
10.110276332130221,113.01070545851528,1.5625,231399.26552806576,3
9.958550967827753,114.55657525349788,1.5625,234611.86485547072,3
10.34935799729188,124.07480216607631,1.5625,253791.14484394706,3
10.739595104505833,133.26573168257858,1.5625,272928.2147233014,3
11.129592577167308,142.11394766041323,1.5625,290735.69906371634,3
11.520843057188069,150.75210246921898,1.5625,308740.30583547236,3
11.910476648460733,159.04188887262478,1.5625,325406.7091549763,3
12.300273271815426,167.01683458835439,1.5625,342050.4772294287,3
12.691142778803997,174.69320105326665,1.5625,357458.8814363415,3
13.080931435785045,182.04159262762803,1.5625,372821.1795695977,3
13.470777232252747,189.09827424074118,1.5625,386960.3798513816,3
13.863071524310094,195.866768083296,1.5625,401135.1368569056,3
14.253690830857757,202.33516326892166,1.5625,414072.2044658485,3
14.642583067518572,208.48102079856463,1.5625,426969.13041258184,3
15.033157170487213,214.3471386543412,1.5625,438670.04315426707,3
15.425265501548155,219.9420513591794,1.5625,450441.3180578964,3
15.58153920819321,224.41415500439086,1.5625,459550.9619281506,3
15.736993692751701,228.81191222139142,1.5625,468606.7958746818,3
15.893155071368854,233.17980169014598,1.5625,477502.55641338933,3
16.04895649157294,237.49117128018952,1.5625,486381.91877535434,3
16.20479221061835,241.77039043257187,1.5625,495096.0602751283,3
16.361415760700154,245.99911121459522,1.5625,503806.1783084398,3
16.12526671906904,245.48426160149563,1.5625,502636.7403500625,3
15.891994194766978,244.86531797801405,1.5625,501484.14286922134,3
15.65771027796817,244.15260858618376,1.5625,499908.5310970876,3
15.422489342363875,243.30099101797202,1.5625,498280.41373656393,3
15.188687026802226,242.35526016198415,1.5625,496228.9403677525,3
14.954022517705752,241.32036767679224,1.5625,494224.1054416307,3
14.718860454444362,240.16190760969155,1.5625,491736.47167594667,3
14.485453438971792,238.890404497996,1.5625,489247.52073119424,3
14.250706691516564,237.50637133930798,1.5625,486296.62871299766,3
14.016447909403952,235.99602170398538,1.5625,483319.8169333535,3
13.782479026199681,234.40396961066813,1.5625,479943.192910462,3
13.548717395043823,232.6958242534947,1.5625,476561.0089316262,3
13.313061761302633,230.8553357581484,1.5625,472673.73603541614,3
13.078202788201502,228.91688762743368,1.5625,468821.7311565091,3
13.230584231611248,226.42697236312688,1.5625,463678.0557293603,3
13.38385921858194,223.8628386130446,1.5625,458471.01822418877,3
13.535580788679322,221.29809456376924,1.5625,453175.04574146355,3
13.688163976084097,218.67219215463984,1.5625,447840.5513636614,3
13.840063142293973,216.0001429389478,1.5625,442325.2479579003,3
13.992056111740505,213.28298475944442,1.5625,436803.4519401681,3
14.144024382976928,210.51011952396604,1.5625,431081.6946690732,3
14.295456406247128,207.70268225401443,1.5625,425375.0072333097,3
14.447275534189265,204.8346059510078,1.5625,419458.01273321296,3
14.598872676146014,201.95597197573917,1.5625,413605.75037536054,3
14.751080003650104,198.9971703145817,1.5625,407502.58054080035,3
14.904805448332993,195.95262054795865,1.5625,401310.8430114249,3
15.05658797662193,192.91192941685435,1.5625,395041.16093496105,3
15.208416861729201,189.83207474313195,1.5625,388775.9637220356,3
15.359863349848109,186.71199116206125,1.5625,382343.9126450442,3
15.510649667438138,183.5594922651084,1.5625,375929.7350696458,3
15.660824997051419,180.37463474946824,1.5625,369365.3653794096,3
15.81351385000122,177.09340916880822,1.5625,362687.1102003996,3
15.96475610140644,173.79035567660327,1.5625,355881.604938621,3
16.117449124127354,170.40779898099518,1.5625,348994.9187219851,3
16.26930507916875,167.00973580977941,1.5625,341995.379391667,3
16.41985942099429,163.59149137764672,1.5625,335035.17660645494,3
16.57153851401988,160.08953202838924,1.5625,327822.1511237414,3
16.723416518595347,156.54120618704334,1.5625,320596.1844494165,3
16.8764524489756,152.91117289763022,1.5625,313120.1960880626,3
17.028185033518458,149.2684041963773,1.5625,305701.5360116096,3
17.179690575990353,145.57875996032485,1.5625,298103.5472820359,3
17.330714074788116,141.86960162917214,1.5625,290548.805098391,3
17.484081892146055,138.0445249737239,1.5625,282672.05171532265,3
17.636228687766998,134.2084300743237,1.5625,274858.7639090732,3
17.245785153928466,130.38033805239274,1.5625,266695.39734283736,3
16.855952996890743,126.26164484834938,1.5625,258583.72942504904,3
16.46874371285122,121.84327120801119,1.5625,249215.7404054269,3
16.078030078007632,117.07017911890594,1.5625,239759.69197862648,3
15.686972470247772,112.04468546730867,1.5625,229147.68027210154,3
15.295433850318858,106.7291165853858,1.5625,218581.20356434453,3
14.905188991008405,101.08228288068081,1.5625,206698.77051836322,3
14.515214899017069,95.15777764277217,1.5625,194883.09721772716,3
14.123154793688162,88.9346719940701,1.5625,181817.08899765066,3
13.732453265118313,82.35768434476931,1.5625,168668.48057587488,3
13.341358349988306,75.48542518534842,1.5625,154272.39317681943,3
12.950558221182517,68.33935179558271,1.5625,139958.9289692789,3
12.559359651306297,60.84982577894157,1.5625,124298.03838773255,3
12.167584860622647,53.005860582765855,1.5625,108555.95142854896,3
11.778247108740326,44.92243200319645,1.5625,91682.68434595839,3
11.388277367584962,36.56432386914579,1.5625,74883.69634459069,3
10.997341020218261,27.889724231781745,1.5625,56798.13567705828,3
10.607895021737077,18.91072258896739,1.5625,38729.08975575388,3
10.215884510769895,9.590832651070306,40.625,19317.839957120144,3
9.824494699751392,0.0017613933838084293,26.5625,3.521563213524264,3
9.825353374890243,0.001725707056946712,26.5625,3.469728648439122,3
9.825177169425203,0.0017117306734026967,26.5625,3.445092402485605,3
9.825997882933898,0.001710877157143782,26.5625,3.460240843281263,3
9.826947338246875,0.0017625089043821665,9.375,3.546185410766585,3
9.826669833497789,0.0017565556528989245,9.375,3.5275095361123254,3
9.826763552903158,0.0017459503058563333,9.375,3.5035288752082803,3
9.826976527024593,0.0017264889905797315,9.375,3.4687579265579753,3
9.826077973168461,0.0017235401465262165,9.375,3.4821306963941,3
9.826826022308575,0.001725930938451067,14.0625,3.500664992869977,3
9.825681449873253,0.0017302941783232338,9.375,3.5260315578391355,3
9.825192295923825,0.0017560798848797533,9.375,3.572475336319931,3
9.823954746698252,0.001818808834980114,9.375,3.715151615915249,3
9.823853163232473,0.001825352261793271,9.375,3.727622678844313,3
9.823527236727438,0.001843043822842634,9.375,3.7666887149619064,3
9.823727080584659,0.0018603740461765983,9.375,3.80370333736798,3
9.823045199432528,0.0018572013740825886,9.375,3.8011686614011215,3
10.056326318567084,3.4488096014950402,26.5625,6952.737366869073,3
10.289489117248081,6.796101257817434,3.125,13918.413490007033,3
10.523577135173259,10.032929919929762,1.5625,20436.13404600319,3
10.757927041655298,13.173146396040918,1.5625,26978.600763228897,3
10.993003807092933,16.207914275709715,1.5625,33081.80685148284,3
11.228816867607959,19.146637386905073,1.5625,39212.305518284884,3
11.463814420080574,21.946625086867932,1.5625,44835.466382266306,3
11.698321435729206,24.66830640392857,1.5625,50520.68710607204,3
11.9326268845408,27.249540994551257,1.5625,55696.030479737026,3
12.1663156307208,29.7141015892474,1.5625,60854.47857308039,3
12.400629484222879,32.073971918222135,1.5625,65575.86804307981,3
12.634375504245956,34.323019083473405,1.5625,70293.54291922551,3
12.869046885819834,36.47601484550498,1.5625,74590.36531307384,3
13.103132723169503,38.494557920704445,1.5625,78836.85443382821,3
13.339034685577884,40.43618660226981,1.5625,82699.04673449967,3
13.571909932329655,42.24094079749235,1.5625,86509.42404982731,3
13.805231596931682,43.91472742364581,1.5625,89822.6660216301,3
14.03935727347016,45.51646372745525,1.5625,93217.70465135663,3
14.273017658902768,47.00500668330843,1.5625,96152.00851951196,3
14.507782792691485,48.38176823865238,1.5625,99085.85721878866,3
14.356843124130195,51.236619249083766,1.5625,104886.81132676206,3
14.205676830042727,54.04604718062142,1.5625,110686.29906793166,3
14.053294628195493,56.840340755154116,1.5625,116362.48528561422,3
13.900123495644491,59.62019286776212,1.5625,122102.1428370568,3
13.74803830178941,62.33196013021776,1.5625,127609.98981984408,3
13.596378709851614,64.97612429306896,1.5625,133071.09427225133,3
13.444784693787243,67.56131575091143,1.5625,138319.75031772524,3
13.292722758117284,70.11973994250887,1.5625,143605.21482017703,3
13.14041425229247,72.6302080587618,1.5625,148700.69056782618,3
12.987049865944863,75.11854614551396,1.5625,153842.75692086678,3
12.832919781308776,77.54303968668573,1.5625,158761.6986296088,3
12.679862928228845,79.9232231890762,1.5625,163682.74868468608,3
12.528931718339251,82.22945885104804,1.5625,168360.7870052678,3
12.37901386377871,84.47862395059882,1.5625,173012.21755724435,3
12.22626131182261,86.7220259496136,1.5625,177559.82409380833,3
12.07463382030215,88.89802363409036,1.5625,182063.15218913564,3
11.924862498198774,91.01960963434776,1.5625,186362.41877346503,3
11.772695287078518,93.11217639537874,1.5625,190693.72211973887,3
11.620798570555149,95.16267602116379,1.5625,194847.58416462297,3
11.46979289663089,97.1542138139008,1.5625,198971.8230494976,3
11.31814879302131,99.10661341659947,1.5625,202924.37701415052,3
11.166460674908974,101.00539569706336,1.5625,206859.04321274176,3
11.01319114299985,102.87508331035336,1.5625,210641.22780342706,3
10.86176751295579,104.68079503862427,1.5625,214386.26823773724,3
10.710035842623126,106.46025080824275,1.5625,217983.45962115543,3
10.557543347372997,108.1819786737796,1.5625,221556.69105657825,3
10.406086851054988,109.87028653010991,1.5625,224967.85433787218,3
10.255436261049635,111.49907192843665,1.5625,228350.09930867836,3
10.104077466116694,113.07066557380736,1.5625,231521.7925279634,3
9.951306170769465,114.61582110929753,1.5625,234733.19765643938,3
10.341704560010385,124.1396471756664,1.5625,253923.62802357465,3
10.732160019031577,133.38695044580675,1.5625,273176.4708566204,3
11.122688473495446,142.28954732132823,1.5625,291094.5063694604,3
11.515156873235492,150.93421447212756,1.5625,309113.2704923277,3
11.905927063617863,159.20455289315316,1.5625,325739.15763192583,3
12.296349265245015,167.16275249517386,1.5625,342349.31697612104,3
12.686348824523398,174.83843088458457,1.5625,357758.01482643053,3
